ma_hang;ma_vach;ten_hang;thuong_hieu;gia_ban;gia_von;ton_kho;ton_nho_nhat;ton_lon_nhat;dvt;ma_dvt_co_ban;quy_doi;ma_hh_lien_quan;trong_luong;gia_si
SP000001;8934868181989;NRC Surf hương tắc can 3.5kg;Surf;60000;59262;2;;;can;;1;;;0
SP000002;8934868196174;NRC Surf hương trà xanh lá dứa can 3.4kg;Surf;58000;54661;1;;;can;;1;;;0
SP000003;8934868187585;NG Surf tím hương hoa cỏ huyền bí túi 2.9kg;Surf;95000;70179;2;;;tui;;1;;;0
SP000004;8934868186540;ST Lifebuoy Cica & muối hồng chai 800g;Lifebuoy;158000;142190;1;;;chai;;1;;;0
SP000005;8934673102049;Sữa Vinamilk ít đường A2 bịch 220ml;Vinamilk;7500;0;0;;;Bịch;;1;;;0
SP000006;;Sữa Vinamilk ít đường A2 bịch 220ml;Vinamilk;72000;0;0;;;Lóc;SP000005;10;SP000005;;0
SP000007;;Sữa Vinamilk ít đường A2 bịch 220ml;Vinamilk;332000;0;0;;;thùng;SP000005;48;SP000005;;0
SP000008;8934804051512;NESCAFÉ xanh 3in1 vị rang đậm hộp 340g;Nestle;63000;61000;10;;;hộp;;1;;;0
SP000009;8934707029144;Hạt nếm Knorr thịt thăn,xương ống bịch 170g;Knorr;17000;0;0;;;Bịch;;1;;;0
SP000010;8934707031284;Hạt nêm Knorr thịt thăn xương ống bịch 900g;Knorr;68000;0;0;;;Bịch;;1;;;0
SP000011;8934804027364;NESCAFÉ việt cafe đen đá bịch 592g;Nestle;132000;127000;5;;;Bịch;;1;;;0
SP000013;8935049017103;Sữa chua uống Nuvi vị cam chai 100ml;Nutifood;6000;4130;7;;;chai;;1;;;0
SP000014;;Sữa chua uống Nuvi vị cam chai 100ml;Nutifood;28000;24780;1;;;Lóc;SP000013;6;SP000013;;0
SP000015;;Sữa chua uống Nuvi vị cam chai 100ml;Nutifood;205000;198240;0;;;Thùng;SP000013;48;SP000013;;0
SP000016;8935049017097;Sữa chua uống Nuvi vị dâu chai 100ml;Nutifood;6000;4130;4;;;chai;;1;;;0
SP000017;;Sữa chua uống Nuvi vị dâu chai 100ml;Nutifood;28000;24780;1;;;Lóc;SP000016;6;SP000016;;0
SP000018;;Sữa chua uống Nuvi vị dâu chai 100ml;Nutifood;205000;198240;0;;;thùng;SP000016;48;SP000016;;0
SP000019;8934680042888;Solite vị lá dứa hộp dài 360g;Kinh Đô;42000;37505;0;;;hộp;;1;;;0
SP000020;8934680042895;Solite vị dâu hộp dài 360g;Kinh Đô;42000;37505;0;;;hộp;;1;;;0
SP000021;8934680042871;Solite vị bơ sữa hộp dài hộp 360g;Kinh Đô;42000;37505;0;;;hộp;;1;;;0
SP000022;8934680012652;Bánh cua Kinh Đô bịch 29g;Kinh Đô;7000;5585;11;;;Bịch;;1;;;0
SP000023;8934680113878;Bánh Cosy quy sữa Marie gói 408g;Kinh Đô;40000;35280;6;;;gói;;1;;;0
SP000024;8934680113861;Bánh qui sữa Cosy Marie hộp 336g;Kinh Đô;42000;35280;5;;;hộp;;1;;;0
SP000025;8934680040594;KĐ BMT Sandwich kẹp bơ đậu phộng gói 40g;Kinh Đô;7000;4630;0;;;gói;;1;;;0
SP000026;;KĐ Bánh bông lan tươi hạt Socola gói 50g;Kinh Đô;7000;5556;6;;;gói;;1;;;0
SP000027;8934680043212;KD Bánh bông lan tươi bơ nho bịch 38g;Kinh Đô;6000;3889;8;;;gói;;1;;;0
SP000028;8934637513416;Tương ớt xí muội Cholimex chai 830g;Cholimex;30000;27800;8;;;Chai;;1;;;0
SP000029;8935001282440;Nước uống Kirin Imuse vị sữa chua và chanh chai 280ml;Wonderfarm;8500;7167;22;;;Chai;;1;;;0
SP000030;;Nước uống Kirin Imuse vị sữa chua và chanh chai 280ml;Wonderfarm;48000;43000;4;;;Lóc;SP000029;6;SP000029;;0
SP000031;;Nước uống Kirin Imuse vị sữa chua và chanh chai 280ml;Wonderfarm;178000;172000;1;;;Thùng;SP000029;24;SP000029;;0
SP000032;8936025775505;Xúc xích mì dinh dưỡng Lúk Lắk vị thịt nướng phô mai;Kun;16000;12244;15;;;hộp;;1;;;0
SP000033;8936036025903;Bánh Custas vị phô mai măm xôi việt quốc hộp 282.2g;Chocopie;52000;0;0;;;hộp;;1;;;0
SP000035;6914973600362;Kẹo socola snicker gói 51g;Doublemint;24000;20018;7;;;Bịch;;1;;;0
SP000036;9555192506256;Kẹo Skittles vị truyền thống bịch 15g;Doublemint;5000;3750;0;;;Bịch;;1;;;0
SP000037;8936114080961;Kẹo Sing gum Cool air hương quả mọng hũ 55.4g;Doublemint;25000;22000;0;;;hộp;;1;;;0
SP000038;8902433008924;Socola Snickers gói 12g;Doublemint;5000;0;0;;;Bịch;;1;;;0
SP000039;8936029423471;Kẹo dẻo King hải tặc hương hỗn hợp bịch 25g;Orion;5000;2955;0;;;Bịch;;1;;;0
SP000040;8936029421941;Kẹo dẻo King Chun hương tổng hợp bịch 25g;Orion;5000;2955;0;;;Bịch;;1;;;0
SP000041;8936036028652;Bánh khoai tây Tayo X vị phô mai cay bịch 28g;Orion;5000;4819;0;;;Bịch;;1;;;0
SP000042;8934680025980;Bánh AFC lúa mì hộp 172g;Kinh Đô;28000;23000;0;;;hộp;;1;;;0
SP000043;8934680025973;Bánh AFC rau cải hộp 172g;Kinh Đô;28000;23000;0;;;hộp;;1;;;0
SP000044;8934680028035;Bánh AFC bò bít tết hộp 172g;Kinh Đô;28000;23000;0;;;hộp;;1;;;0
SP000045;8934680028028;Bánh AFC vị tảo biển hộp 172g;Kinh Đô;28000;23000;0;;;hộp;;1;;;0
SP000046;8934680115438;Bánh AFC vị gà sả tắc hộp 172g;Kinh Đô;28000;23000;0;;;hộp;;1;;;0
SP000047;8992760221028;Bánh Oreo vị vani 119.6g;Kinh Đô;17000;13034;2;;;gói;;1;;;0
SP000048;7622300136055;Bánh oreo vị dâu 119.6g;Kinh Đô;17000;13034;5;;;gói;;1;;;0
SP000049;8992760223015;Bánh oreo vị socola 119.6g;Kinh Đô;17000;13034;5;;;gói;;1;;;0
SP000050;7622300442507;Bánh oreo vị kem lạnh việt quất 119.6g;Kinh Đô;17000;13034;4;;;gói;;1;;;0
SP000051;6901668053121;Oreo vị vani cây 64.4g;Kinh Đô;6000;5000;0;;;gói;;1;;;0
SP000052;7622210580276;Oreo vị kem Socola cây 64.4g;Kinh Đô;6000;5000;0;;;gói;;1;;;0
SP000053;7622210515278;Oreo mini vị socola bịch 20g;Kinh Đô;8000;4312;4;;;gói;;1;;;0
SP000054;7622210515285;Oreo mini vị vani bịch 20g;Kinh Đô;8000;4400;8;;;gói;;1;;;0
SP000055;8934680033107;Bánh quế Cosy vị kem lá dứa 117.6g;Kinh Đô;14000;11040;3;;;gói;;1;;;0
SP000056;8934680033114;Bánh quế Cosy vị kem Socola 117.6g;Kinh Đô;14000;11040;4;;;gói;;1;;;0
SP000057;8934680033633;Bánh quế Cosy vị xoài xí muội bịch 117,6g;Kinh Đô;14000;11040;0;;;gói;;1;;;0
SP000058;8934680033084;Bánh quế Cosy vị kem dâu 117.6g;Kinh Đô;14000;11040;4;;;gói;;1;;;0
SP000059;8934680011204;Khoai tây chiên Slide vị thịt nướng 150g;Kinh Đô;42000;37000;2;;;hộp;;1;;;0
SP000060;8934680011709;Khoai tây chiên Slide vị phô mai 150g;Kinh Đô;42000;37000;3;;;hộp;;1;;;0
SP000061;8934680012416;Khoai tây chiên Slide vị tảo biển 160g;Kinh Đô;42000;37000;0;;;hộp;;1;;;0
SP000062;8934680011211;Khoai tây chiên Slide vị kem chua và hành 150g;Kinh Đô;42000;37000;3;;;hộp;;1;;;0
SP000063;8934680011228;Khoai tây chiên Slide vị thơm cay 150g;Kinh Đô;42000;37000;0;;;hộp;;1;;;0
SP000064;8934680011198;Khoai tây chiên Slide vị tự nhiên 150g;Kinh Đô;42000;37000;1;;;hộp;;1;;;0
SP000065;8934680011686;Slide vị phô mai hộp 60g;Kinh Đô;27000;21070;0;;;hộp;;1;;;0
SP000066;8934680011501;Slide vị tự nhiên hộp 60g;Kinh Đô;27000;21070;2;;;hộp;;1;;;0
SP000067;8934680011488;Slide vị thịt nướng hộp 60g;Kinh Đô;27000;21070;2;;;hộp;;1;;;0
SP000068;8934680011518;Slide vị hành hộp 60g;Kinh Đô;27000;21070;2;;;hộp;;1;;;0
SP000069;8934680011495;Bánh khoai tây Slide vị Thơm cay 65g;Kinh Đô;27000;20855;0;;;hộp;;1;;;0
SP000070;8934680015189;Slide vị Gà nướng Hàn Quốc 65g;Kinh Đô;27000;21500;0;;;hộp;;1;;;0
SP000071;8934680015172;Khoai tây chiên Slide vị gà nướng hàn quốc 150g;Kinh Đô;42000;35500;0;;;hộp;;1;;;0
SP000072;8934680016254;Slide vị Pizza Sò điệp và bào ngư hộp 60g;Kinh Đô;27000;21070;0;;;hộp;;1;;;0
SP000073;8934680016278;Slide vị Pizza sò điệp và bào ngư hộp 150g;Kinh Đô;42000;37000;1;;;hộp;;1;;;0
SP000074;8936074609943;Bánh gạo nhật Ichi vị mật ong bịch 100g;One one;19000;13301;8;;;bịch;;1;;;0
SP000075;PVN6061;Bánh gạo nhật Ichi vị mật ong bịch 100g;One one;326000;266020;0;;;thùng;SP000074;20;SP000074;;0
SP000076;8936074609950;Bánh gạo nhật Ichi vị mật ong bịch 180g;One one;28000;23000;5;;;bịch;;1;;;0
SP000077;PVN5830;Bánh gạo nhật Ichi vị mật ong bịch 180g;One one;486000;460000;0;;;thùng;SP000076;20;SP000076;;0
SP000078;8936096670037;Bánh gạo One One vị tôm nướng bịch 150g;One one;22000;17667;1;;;bịch;;1;;;0
SP000079;8936096670129;Bánh gạo One One vị phô mai ngô bịch 118g;One one;23000;20000;1;;;bịch;;1;;;0
SP000080;PVN5829;Bánh gạo One One vị phô mai ngô bịch 118g;One one;422000;400000;0;;;thùng;SP000080;20;SP000080;;0
SP000081;8936096670013;Bánh gạo One One vị Ngọt dịu bịch 150g;One one;18000;13300;2;;;bịch;;1;;;0
SP000082;PVN6424;Bánh gạo One One vị Ngọt dịu bịch 150g;One one;282000;266000;0;;;thùng;SP000082;20;SP000082;;0
SP000083;8936096670402;Bánh gạo One One vị sữa ngô bịch 150g;One one;19000;13300;0;;;Bịch;;1;;;0
SP000084;PVN6690;Bánh gạo One One vị sữa ngô bịch 150g;One one;290000;266000;0;;;thùng;SP000084;20;SP000084;;0
SP000085;8936096670365;Bánh gạo One One tảo biển bạch tuộc nướng bịch 104g;One one;23000;18000;3;;;bịch;;1;;;0
SP000086;PVN6425;Bánh gạo One One tảo biển bạch tuộc nướng bịch 104g;One one;196000;180000;0;;;thùng;SP000086;10;SP000086;;0
SP000087;8936096670501;Bánh gạo One One vị Ngọt dịu bịch bịch 230g;One one;22000;18000;0;;;bịch;;1;;;0
SP000088;PVN5827;Bánh gạo One One vị Ngọt dịu bịch bịch 230g;One one;390000;360000;0;;;thùng;SP000088;20;SP000088;;0
SP000089;8936096670709;Bánh gạo One One kẹp kem vị phô mai bịch 117g;One one;26000;22500;0;;;Bịch;;1;;;0
SP000090;PVN9483;Bánh gạo One One kẹp kem vị phô mai bịch 117g;One one;480000;450000;0;;;thùng;SP000090;20;SP000090;;0
SP000091;8934579014163;Mì chay rong biển Miliket gói 75g;Miliket;6000;4534;27;;;gói;;1;;;0
SP000092;PVN2351;Mì chay rong biển Miliket gói 75g;Miliket;145000;136020;1;;;thùng;SP000091;30;SP000091;;0
SP000093;PVN6452;Mì chay rong biển Miliket gói 75g;Miliket;54000;45340;3;;;10 gói;SP000091;10;SP000091;;0
SP000094;8934579011353;Mì Miliket hương vị Hải sản gói 75g;Miliket;6000;4800;30;;;gói;;1;;;0
SP000095;PVN2352;Mì Miliket hương vị Hải sản gói 75g;Miliket;145000;144000;1;;;thùng;SP000094;30;SP000094;;0
SP000096;PVN6390;Mì Miliket hương vị Hải sản gói 75g;Miliket;54000;48000;3;;;lóc;SP000094;10;SP000094;;0
SP000097;8934579011322;Mì Miliket hương vị Sa tế gói 75g;Miliket;6000;4800;26;;;gói;;1;;;0
SP000098;PVN2348;Mì Miliket hương vị Sa tế gói 75g;Miliket;145000;144000;1;;;thùng;SP000097;30;SP000097;;0
SP000099;PVN6391;Mì Miliket hương vị Sa tế gói 75g;Miliket;54000;48000;3;;;lóc;SP000097;10;SP000097;;0
SP000100;8934579002146;Mì Miliket vị thập cẩm gói 75g;Miliket;5000;4500;20;;;gói;;1;;;0
SP000101;PVN3400;Mì Miliket vị thập cẩm gói 75g;Miliket;45000;45000;2;;;chục;SP000100;10;SP000100;;0
SP000102;PVN3401;Mì Miliket vị thập cẩm gói 75g;Miliket;120000;135000;1;;;thùng;SP000100;30;SP000100;;0
SP000103;8934755010033;BVS Diana siêu thắm Super Night 29cm;Diana;17000;15379;5;;;gói;;1;;;0
SP000104;8934755010231;BVS Diana siêu thắm Super Night 35cm;Diana;19000;16835;5;;;gói;;1;;;0
SP000105;8934755010156;BVS Diana siêu thấm siêu mỏng có cánh 8 miếng;Diana;21000;18270;5;;;gói;;1;;;0
SP000106;8934755010026;BVS Diana siêu thấm kiểm soát mùi Maxi có cánh 8 miếng;Diana;20000;18090;5;;;gói;;1;;;0
SP000107;8934755014154;Diana hằng ngày kháng khuẩn 20m;Diana;16000;14206;5;;;gói;;1;;;0
SP000108;8934755010408;Diana Sensi Cool Fresh ban đêm 35cm;Diana;20000;17640;5;;;gói;;1;;;0
SP000109;8934755020063;Diana Cool Fresh siêu thấm;Diana;20000;17500;5;;;gói;;1;;;0
SP000110;8934755010415;BVS Diana Cool Fresh ban đêm 29cm;Diana;21000;16188;5;;;gói;;1;;;0
SP000111;8934755020100;Diana cool fresh dịu nhẹ hương hoa cúc 24cm;Diana;22000;18084;0;;;gói;;1;;;0
SP000112;8934755010439;Diana sensi cool fresh siêu mỏng 20m (24cm);Diana;45000;37800;0;;;gói;;1;;;0
SP000113;8934755020049;BVS Diana Sensi Cool Fresh có cánh 8 miếng;Diana;22000;19350;4;;;gói;;1;;;0
SP000114;8934755014314;BVS Diana Sensi Cool Fresh không cánh 22 miếng;Diana;20000;17491;4;;;gói;;1;;;0
SP000115;8935107200324;BVS Kotex siêu ban đêm mặt lưới có cánh 6 miếng 28cm;Kotex;18000;14500;4;;;gói;;1;;;0
SP000116;8935107201970;BVS Kotex ban đêm mặt bông có canh 4 miếng 35cm;Kotex;18000;15500;4;;;gói;;1;;;0
SP000117;8935107201192;BVS Kotex Max Cool siêu mỏng có cánh 8 miếng;Kotex;22000;18125;4;;;gói;;1;;;0
SP000118;8888336008073;BVS Kotex kháng khuẩn 8 miếng mỏng;Kotex;7000;6000;4;;;gói;;1;;;0
SP000119;8888336008936;BVS Kotex Khô thoáng siêu mỏng có cánh 8 miếng;Kotex;21000;18125;4;;;gói;;1;;;0
SP000120;8888336008080;BVS Kotex hằng ngày kháng khuẩn 20 miếng mỏng;Kotex;17000;13750;6;;;gói;;1;;;0
SP000121;8888336008929;BVS Kotex khô thoáng maxi 8 miếng có cánh;Kotex;20000;17500;6;;;gói;;1;;;0
SP000122;8935107202793;BVS Kotex hằng ngày Maxcool bịch 20 miếng;Kotex;20000;16875;6;;;gói;;1;;;0
SP000123;8888336033174;Kotex băng quần đêm size L;Kotex;34000;29000;6;;;gói;;1;;;0
SP000124;8935107204087;Kotex siêu ban đêm mặt lưới 35cm ( 3M );Kotex;18000;15250;6;;;gói;;1;;;0
SP000125;8888336037455;Kotex băng quần size L - XL bịch 2 cái;Kotex;32000;32000;6;;;gói;;1;;;0
SD8;;Sữa Susu IQ hương dâu chai 80ml;Vinamilk;5000;3449;107;;;chai;;1;;;0
SD8L;8934673300513;Sữa Susu IQ hương dâu chai 80ml;Vinamilk;23000;20694;18;;;lóc;SD8;6;SD8;;0
SD8T;SD8T;Sữa Susu IQ hương dâu chai 80ml;Vinamilk;182000;165552;2;;;thùng;SD8;48;SD8;;0
ST8;8934673319515;Sữa Susu IQ hương táo nho chai 80ml;Vinamilk;5000;3445;74;;;chai;;1;;;0
ST8L;8934673300544;Sữa Susu IQ hương táo nho chai 80ml;Vinamilk;23000;20670;12;;;lóc;ST8;6;ST8;;0
ST8T;ST8T;Sữa Susu IQ hương táo nho chai 80ml;Vinamilk;182000;165360;2;;;thùng;ST8;48;ST8;;0
SC1;;Sữa Susu IQ hương cam hộp 110ml;Vinamilk;6000;3956;9;;;hộp;;1;;;0
SC1L;8934673300506;Sữa Susu IQ hương cam hộp 110ml;Vinamilk;18000;15824;2;;;lóc;SC1;4;SC1;;0
SC1T;SC1T;Sữa Susu IQ hương cam hộp 110ml;Vinamilk;192000;189888;0;;;Thùng;SC1;48;SC1;;0
SC8;;Sữa Susu IQ hương cam chai 80ml;Vinamilk;5000;3347;18;;;chai;;1;;;0
SC8L;8934673300483;Sữa Susu IQ hương cam chai 80ml;Vinamilk;23000;20082;3;;;lóc;SC8;6;SC8;;0
SC8T;SC8T;Sữa Susu IQ hương cam chai 80ml;Vinamilk;182000;160656;0;;;thùng;SC8;48;SC8;;0
SD1;8934673401326;Sữa Susu IQ hương dâu hộp 110ml;Vinamilk;5000;3960;5;;;hộp;;1;;;0
SD1L;8934673300537;Sữa Susu IQ hương dâu hộp 110ml;Vinamilk;18000;15840;1;;;lóc;SD1;4;SD1;;0
SD1T;SD1T;Sữa Susu IQ hương dâu hộp 110ml;Vinamilk;192000;190080;0;;;thùng;SD1;48;SD1;;0
SP000141;8936078300020;Khăn giấy vuông Susu;Vinamilk;22000;19500;5;;;gói;;1;;;0
STN1;iqt110;Sữa Susu IQ hương táo nho hộp 110ml;Vinamilk;6000;3806;18;;;hộp;;1;;;0
STN1L;8934673300568;Sữa Susu IQ hương táo nho hộp 110ml;Vinamilk;18000;15224;4;;;lóc;STN1;4;STN1;;0
STN1T;8934673319324;Sữa Susu IQ hương táo nho hộp 110ml;Vinamilk;192000;182688;0;;;thùng;STN1;48;STN1;;0
SP000145;8936048471248;Mì 3 miền GOLD Tôm chua cay đặc biệt cay gói 75g;3 Miền;4000;3590;29;;;gói;;1;;;0
SP000146;PVN3074;Mì 3 miền GOLD Tôm chua cay đặc biệt cay gói 75g;3 Miền;38000;35900;3;;;lóc;SP000145;10;SP000145;;0
SP000147;PVN7217;Mì 3 miền GOLD Tôm chua cay đặc biệt cay gói 75g;3 Miền;118000;107700;1;;;thùng;SP000145;30;SP000145;;0
SP000148;8936025775758;Manuka Trà Mật Ong Chanh 430mlx24;Kun;6000;0;8;;;chai;;1;;;0
SP000149;;Manuka Trà Mật Ong Chanh 430mlx24;Kun;36000;0;1;;;Lóc;SP000148;6;SP000148;;0
SP000150;;Manuka Trà Mật Ong Chanh 430mlx24;Kun;144000;0;0;;;thùng;SP000148;24;SP000148;;0
SP000151;8935136867185;LKM PURITE hương anh đào chai 50ml;Xmen;68000;0;1;;;chai;;1;;;0
SP000152;8936029421781;Bánh con cá Bống Bang vị mochi sôcôla đậu đỏ bịch 145g;Chocopie;25000;20800;0;;;bịch;;1;;;0
SP000153;PVN8243;Bánh con cá Bống Bang vị mochi sôcôla đậu đỏ bịch 145g;Chocopie;265000;249600;0;;;thùng;SP000154;12;SP000154;;0
SP000154;8936029424997;Bánh Bống Bang vị Mochi cốm xanh đậu đỏ bịch 145g;Chocopie;25000;20000;0;;;bịch;;1;;;0
SP000155;PVN9264;Bánh Bống Bang vị Mochi cốm xanh đậu đỏ bịch 145g;Chocopie;265000;240000;0;;;thùng;SP000154;12;SP000154;;0
SP000156;8934988500400;NRC Power 100 hương chanh chai 1.4kg;Cái Lân;32000;28454;7;;;chai;;1;;;0
SP000157;PVN6128;NRC Power 100 hương chanh chai 1.4kg;Cái Lân;244000;227632;1;;;thùng;SP000156;8;SP000156;;0
SP000158;8934988500363;NRC Power 100 hương tinh dầu chanh can 3.5kg;Cái Lân;63000;60157;4;;;chai;;1;;;0
SP000159;PVN6125;NRC Power 100 hương tinh dầu chanh can 3.5kg;Cái Lân;248000;240628;1;;;thùng;SP000158;4;SP000158;;0
SP000160;8934988503364;NRC Power 100 siêu tiết kiệm hương chanh can 3.5kg;Cái Lân;62000;59800;3;;;can;;1;;;0
SP000161;PVN6124;NRC Power 100 siêu tiết kiệm hương chanh can 3.5kg;Cái Lân;245000;239200;1;;;thùng;SP000160;4;SP000160;;0
SP000162;8934669030059;NRC Power 100 siêu tiết kiệm hương chanh túi 3.5kg;Cái Lân;54000;50300;0;;;túi;;1;;;0
SP000163;PVN6123;NRC Power 100 siêu tiết kiệm hương chanh túi 3.5kg;Cái Lân;212000;201200;0;;;thùng;SP000162;4;SP000162;;0
SP000164;8934988503319;NRC Power siêu tiết kiệm hương chanh chai dài 750g;Cái Lân;16000;14125;24;;;chai;;1;;;0
SP000165;PVN9010;NRC Power siêu tiết kiệm hương chanh chai dài 750g;Cái Lân;236000;339000;1;;;thùng;SP000164;24;SP000164;;0
SP000166;PVN9334;NRC Power siêu tiết kiệm hương chanh chai 400ml;Cái Lân;9000;6275;0;;;chai;;1;;;0
SP000167;PVN9334-1;NRC Power siêu tiết kiệm hương chanh chai 400ml;Cái Lân;172000;150600;0;;;thùng;SP000166;24;SP000166;;0
SP000168;8936036025521;Miz bánh quy socola 2 gói;Orion;10000;8182;0;;;hộp;;1;;;0
SP000169;PVN5344;Miz bánh quy socola 2 gói;Orion;168000;163640;0;;;Thùng;SP000168;20;SP000168;;0
SP000170;8936036028591;Jungle boy vị phô mai lắc bùng nổ hộp 31.6g;Orion;10000;7988;0;;;hộp;;1;;;0
SP000171;PVN9351;Jungle boy vị phô mai lắc bùng nổ hộp 31.6g;Orion;168000;159760;0;;;thùng;SP000170;20;SP000170;;0
SP000172;8936029423761;Jungle Boy vị bò bít tết hộp 35g;Orion;10000;7988;0;;;hộp;;1;;;0
SP000173;PVN9346;Jungle Boy vị bò bít tết hộp 35g;Orion;200000;159760;0;;;thùng;SP000172;20;SP000172;;0
SP000174;8936036021165;Marine boy vị tôm nướng 35g;Orion;10000;8850;0;;;hộp;;1;;;0
SP000175;PVN9044;Marine boy vị tôm nướng 35g;Orion;172000;177000;0;;;thùng;SP000174;20;SP000174;;0
SP000176;8936036021172;Marine boy vị rong biển 35g;Orion;10000;8046;0;;;hộp;;1;;;0
SP000177;PVN8908;Marine boy vị rong biển 35g;Orion;172000;160920;0;;;thùng;SP000176;20;SP000176;;0
SP000178;8936036025040;Marine boy vị gà BBQ hộp;Orion;10000;7989;0;;;hộp;;1;;;0
SP000179;PVN9101;Marine boy vị gà BBQ hộp;Orion;172000;159780;0;;;thùng;SP000178;20;SP000178;;0
SP000180;8936036029031;Bánh Marine boy king vị tảo biển Nori bịch 56g;Orion;10000;7997;0;;;bịch;;1;;;0
SP000181;PVN9549;Bánh Marine boy king vị tảo biển Nori bịch 56g;Orion;88000;79970;0;;;thùng;SP000180;10;SP000180;;0
SP000182;8936029424003;Bánh Marine boy king vị Pizza bịch 50g;Orion;10000;7997;0;;;bịch;;1;;;0
SP000183;PVN9550;Bánh Marine boy king vị Pizza bịch 50g;Orion;88000;79970;0;;;thùng;SP000182;10;SP000182;;0
SP000184;8936029425550;Marine boy vị gà sốt bơ tỏi hộp 35g;Orion;10000;7988;0;;;hộp;;1;;;0
SP000185;PVN9327;Marine boy vị gà sốt bơ tỏi hộp 35g;Orion;168000;159760;0;;;thùng;SP000184;20;SP000184;;0
SP000186;8935001813972;Viết lông dầu xanh PM-09;Thiên long;9000;7500;18;;;cây;;1;;;0
SP000187;8993175531894;Bánh hộp kem Nabati 160g;Nabati;30000;23500;0;;;hộp;;1;;;0
SP000188;8993175535885;Nabati vị socola gói 50g;Nabati;6000;4916;16;;;bịch;;1;;;0
SP000189;8993175535878;Nabati vàng vị phô mai gói 50g;Nabati;6000;4917;15;;;bịch;;1;;;0
SP000190;8993175532648;Bánh Nabati vàng vị phô mai hộp 320g;Nabati;38000;31500;2;;;hộp;;1;;;0
SP000191;8993175533157;Bánh Nabati vị socola hộp 320g;Nabati;36000;31667;0;;;hộp;;1;;;0
SP000192;8993175547123;Nabati phô mai than hoạt tính 50g;Nabati;6000;5300;15;;;bịch;;1;;;0
SP000193;8993175542098;Bánh Nabati vị Phô mai 20g;Nabati;3000;2400;19;;;gói;;1;;;0
SP000194;8993175542128;Bánh Nabati vị Socola 20g;Nabati;3000;2500;24;;;gói;;1;;;0
SP000195;8993175552837;Nabati vị Cookies cream gói 50g;Nabati;6000;5300;0;;;gói;;1;;;0
SP000196;9995475564892;Nabati vị kem sữa chua dâu tây 50g;Nabati;6000;5300;11;;;gói;;1;;;0
SP000197;8993175564878;Nabati vị phô mai dâu gói 20g;Nabati;3000;2183;9;;;bịch;;1;;;0
SP000198;8993175564892;Nabati vị phô mai dâu bịch 50g;Nabati;6000;4834;19;;;bịch;;1;;;0
SP000199;8996001303627;Bánh quy bơ Danisa hộp 454g;Danisa;128000;118000;0;;;hộp;;1;;;0
SP000200;PVN7642;Bánh quy bơ Danisa hộp 454g;Danisa;1500000;1416000;0;;;thùng;SP000199;12;SP000199;;0
SP000201;8996001303658;Bánh quy bơ Danisa hộp 908g;Danisa;236000;226000;0;;;hộp;;1;;;0
SP000202;PVN7867;Bánh quy bơ Danisa hộp 908g;Danisa;1408000;1356000;0;;;thùng;SP000201;6;SP000201;;0
SP000203;8996001303078;Bánh quy bơ Danisa hộp hộp 681g;Danisa;180000;170000;0;;;hộp;;1;;;0
SP000204;PVN7866;Bánh quy bơ Danisa hộp hộp 681g;Danisa;1069000;1020000;0;;;thùng;SP000203;6;SP000203;;0
SP000205;PVN9439;Bánh qui bơ Danisa hộp 200g;Danisa;60000;52000;0;;;hộp;;1;;;0
SP000206;8935049501596;Nước soda Schweppes lon 320ml;Coca;7500;5584;0;;;lon;;1;;;0
SP000207;PVN6214;Nước soda Schweppes lon 320ml;Coca;42000;33504;0;;;lóc;SP000206;6;SP000206;;0
SP000208;PVN6215;Nước soda Schweppes lon 320ml;Coca;158000;134016;0;;;thùng;SP000206;24;SP000206;;0
SP000209;8935001822295;Viết chì Thiên Long 2B GP-01;Thiên long;5000;3000;95;;;cây;;1;;;0
SP000210;8935001820574;Viết chì Thiên Long GP-04;Thiên long;6000;3500;58;;;cây;;1;;;0
SP000211;8935001819097;Viết chì Thiên Long TP-GP012;Thiên long;5000;2600;40;;;cây;;1;;;0
SP000212;8935001855149;Viết gel xanh xóa được Thiên Long TP-GELE01;Thiên long;10000;8300;55;;;cây;;1;;;0
SP000213;8935001803768;Viết xanh Thiên Long TL-079;Thiên long;4000;3400;138;;;cây;;1;;;0
SP000214;8935001829386;Viết gel tím xóa được Thiên Long TL-Gele01;Thiên long;10000;8100;104;;;cây;;1;;;0
SP000215;8935001804925;Viết đen Thiên Long TL-079;Thiên long;4000;3400;71;;;cây;;1;;;0
SP000216;8935001804918;Viết đỏ Thiên Long TP-079;Thiên long;4000;3400;44;;;cây;;1;;;0
SP000217;8935001804871;Bút bi đỏ Thiên Long;Thiên long;3000;2500;17;;;cây;;1;;;0
SP000218;8935001801337;Viết xanh Thiên Long TL-031;Thiên long;10000;8200;41;;;cây;;1;;;0
SP000219;8935001813460;Bút Highlighter Thiên Long HL-012;Thiên long;9000;7800;0;;;cây;;1;;;0
SP000220;8935001810308;Bút dạ quang Thiên Long HL-03;Thiên long;8000;6300;45;;;cây;;1;;;0
SP000221;8935001810087;Viết lông xanh Thiên Long WB-03;Thiên long;8000;6400;22;;;cây;;1;;;0
SP000222;CH-03;Chuốt viết chì Thiên Long;Thiên long;3000;2500;4;;;cái;;1;;;0
SP000223;8935001846932;Gôm đen E011 Thiên Long;Thiên long;5000;3400;143;;;cục;;1;;;0
SP000224;8936040452849;Thước dẻo Thiên Long 20cm TP-SR022;Thiên long;3000;2000;20;;;cây;;1;;;0
SP000225;8935001840138;Thước thẳng Thiên Long 30cm SR-03;Thiên long;6000;3700;10;;;cây;;1;;;0
SP000226;8936040452825;Thước dẻo Thiên Long 30cm TP-SR021;Thiên long;5000;2500;61;;;cây;;1;;;0
SP000227;8935001813989;Viết long dầu đỏ Thiên Long PM-09;Thiên long;9000;8200;41;;;cây;;1;;;0
SP000228;8935001821533;Bút sáp màu Thiên Long 16 màu CRC05/DO;Thiên long;28000;20000;8;;;hộp;;1;;;0
SP000229;8935001821540;Bút sáp màu Thiên Long 24 màu CR-C06/DO;Thiên long;32000;27000;18;;;hộp;;1;;;0
SP000230;8935001846017;Tập Thiên Long 4 ô ly 96 trang TP-NB061;Thiên long;14000;10100;0;;;cuốn;;1;;;0
SP000231;8935001848189;Compa Thiên Long;Thiên long;15000;10000;5;;;cây;;1;;;0
SP000232;8935219480058;Kim bấm staples 1000 kim Thiên Long;Thiên long;5000;2200;10;;;hộp;;1;;;0
SP000233;8935001838838;Phấn màu không bụi Thiên Long DC-007;Thiên long;5000;3500;32;;;hộp;;1;;;0
SP000234;8935001838784;Giấy màu Thiên Long loại lớn;Thiên long;6000;4900;0;;;xấp;;1;;;0
SP000235;8935001844860;Bảng bộ A4 Thiên Long TP-B09/DO;Thiên long;38000;36000;11;;;chiếc;;1;;;0
SP000236;8936040454584;Bảng dẻo Thiên Long BD-01;Thiên long;10000;8000;1;;;cái;;1;;;0
SP000237;8935001841258;Keo dán giấy Thiên Long TP-G08;Thiên long;5000;3140;4;;;chai;;1;;;0
SP000238;8935001840565;Gôm E06 thiên long;Thiên long;5000;3000;100;;;cục;;1;;;0
SP000239;8935001800347;Viết xanh thiên long TL-027;Thiên long;4000;3400;35;;;cây;;1;;;0
SP000240;8935001805304;Viết tím Thiên long TL-027;Thiên long;4000;3400;210;;;cây;;1;;;0
SP000241;8935001813262;Viết bảng trắng Thiên long TP-WB016/DO;Thiên long;9000;6400;27;;;cây;;1;;;0
SP000242;8935219420030;Bút xóa kéo Thiên Long FO-CT02;Thiên long;13000;9500;8;;;cây;;1;;;0
SP000243;8935001820697;Viết chì khúc Thiên Long PC-09;Thiên long;5000;3200;12;;;cây;;1;;;0
SP000244;8935001820062;Viết xóa Thiên Long CP-02;Thiên long;22000;18500;48;;;cây;;1;;;0
SP000245;8935001853640;Viết Gel tím Thiên Long GEL012;Thiên long;8000;6200;73;;;cây;;1;;;0
SP000246;8935001853466;Viết gel tím Thiên Long Gel-08;Thiên long;8000;5500;13;;;cây;;1;;;0
SP000247;8935001847724;Ruột bút chì bấm 2B 1mm Thiên Long PCL05;Thiên long;5000;2500;130;;;ống;;1;;;0
SP000248;8935001846413;Tập Thiên Long 96 trang TP-NB072;Thiên long;7000;5600;8;;;cuốn;;1;;;0
SP000249;8935001804628;Viết đỏ Thiên Long TL-027;Thiên long;4000;3400;34;;;cây;;1;;;0
SP000250;8935001845775;Tập Thiên Long TP-NB049 200 trang 4 ô ly;Thiên long;18000;13300;10;;;cuốn;;1;;;0
SP000251;8935001804635;Viết đen Thiên long TL-027;Thiên long;4000;3400;41;;;cây;;1;;;0
SP000252;8935001847090;bìa bao tập thiên long NBC-04;Thiên long;9000;7200;2;;;CUỘN;;1;;;0
SP000253;8935001840145;Thước thẳng Thiên Long 20cm SR-02;Thiên long;5000;2000;40;;;cây;;1;;;0
SP000254;8935001851516;Viết gel xanh thiên long GEL-012/DO;Thiên long;8000;5400;68;;;cây;;1;;;0
SP000255;8935001804673;Viết đen Thiên Long TL-031;Thiên long;10000;8200;30;;;cây;;1;;;0
SP000256;8935001804666;Viết đỏ Thiên Long TL-031;Thiên long;10000;8600;67;;;cây;;1;;;0
SP000257;PVN3230;Chì thiên long 6B GP 025;Thiên long;6000;4510;3;;;cây;;1;;;0
SP000258;8935001844129;Thước thẳng Doremon Thiên Long 20cm TP-SR011/DO;Thiên long;6000;3500;37;;;cây;;1;;;0
SP000259;8935283902982;Compa Thiên Long C015;Thiên long;13000;10500;20;;;cái;;1;;;0
SP000260;8935001815303;Viết lông xanh Thiên Long WB-02;Thiên long;6000;4900;22;;;cây;;1;;;0
SP000261;8935001801306;Viết mực xanh Thiên Long TL - 08;Thiên long;5000;3600;117;;;cây;;1;;;0
SP000262;8935001861799;Viết gel xanh xóa được Thiên Long tl-gele003;Thiên long;10000;8900;16;;;cây;;1;;;0
SP000263;8935001838852;Phấn trắng Không bụi Thiên Long DC-008;Thiên long;5000;2700;43;;;hộp;;1;;;0
SP000264;8935001802457;Hồ dân khô Thiên long F0-G006;Thiên long;5000;4000;10;;;chai;;1;;;0
SP000265;8935001817840;Viết lông đỏ Thiên long WB-03;Thiên long;8000;6500;40;;;cây;;1;;;0
SP000266;8935001817857;Viết lông đen Thiên Long WB-03;Thiên long;8000;6500;31;;;cây;;1;;;0
SP000267;8935001846024;Tập Thiên Long 4 ô ly 96 trang TP-NB061;Thiên long;13000;10100;20;;;cuốn;;1;;;0
SP000268;8935324028367;Viết tím Thiên Long xóa được TP-GELE003;Thiên long;10000;6200;90;;;cây;;1;;;0
SP000269;8935001826958;Tập tô chữ điểm 10 Thiên Long TP-TTC05;Thiên long;18000;11100;15;;;cuốn;;1;;;0
SP000270;8935001802440;Hồ khô Thiên Long G-C011;Thiên long;6000;3300;48;;;chai;;1;;;0
SP000271;8935001804505;Viết đỏ Thiên Long TL-08;Thiên long;5000;3400;99;;;cây;;1;;;0
SP000272;8935324013066;Viết tím xóa được Thiên Long Gele008;Thiên long;10000;8300;153;;;cây;;1;;;0
SP000273;8935283904368;Bảng học sinh Thiên Long B018;Thiên long;18000;16500;18;;;cái;;1;;;0
SP000274;8935324013097;Viết xanh xóa được Thiên Long Gele008;Thiên long;10000;8300;66;;;cây;;1;;;0
SP000275;PC018;Viết chì bấm Thiên Long PC018;Thiên long;8000;5900;40;;;cây;;1;;;0
SP000276;8935001845782;Tập Thiên Long 4 ô ly 200 trang TP-NB049;Thiên long;18000;13300;40;;;cuốn;;1;;;0
SP000277;8935136860957;DG XMen Fire Active chai 650g;Xmen;152000;145000;2;;;chai;;1;;;0
SP000278;8935136801370;TG XMEN Wood Sport thơm lâu chai 650g;Xmen;152000;145000;1;;;chai;;1;;;0
SP000279;8935136800373;TG XMEN Wood Sport thơm lâu chai 650g - 180ml;Xmen;58000;52000;0;;;chai;;1;;;0
SP000280;8935136814202;LKM Xmen Fire chai 50ml;Xmen;55000;48000;3;;;chai;;1;;;0
SP000281;8935136860919;DG XMEN Wood dây;Xmen;12000;10000;0;;;dây;;1;;;0
SP000282;8935136861022;XBC XMen For Boss cục 75g;Xmen;20000;16000;6;;;cục;;1;;;0
SP000283;8935136803190;XBC XMen Wood 90g;Xmen;18000;16000;5;;;cục;;1;;;0
SP000284;8935136861480;LKM Xmen for boss Motion 48h chai 50ml;Xmen;65000;58000;0;;;chai;;1;;;0
SP000285;8935136863880;TG XMen Fire Active chai 650g;Xmen;158000;150000;1;;;chai;;1;;;0
SP000286;8935136863545;LKM Xmen for boss Legend chai 50ml;Xmen;65000;58000;4;;;chai;;1;;;0
SP000287;8935136864535;Dầu gội Xmen for boss dây;Xmen;12000;10000;12;;;dây;;1;;;0
SP000288;8935136860452;DG Xmen boss vàng 650;Xmen;170000;160000;0;;;chai;;1;;;0
SP000289;8935136863538;Xịt Xmen for boss legend 48h 150ml;Xmen;95000;85000;0;;;chai;;1;;;0
SP000290;8935136860322;Xịt Xmen for boss luxury 150ml;Xmen;95000;85000;0;;;chai;;1;;;0
SP000291;PVN5624;Xịt Xmen for boss motion 150ml;Xmen;92000;84000;0;;;chai;;1;;;0
SP000292;8935136860162;DG XMEN FOR BOSS dây;Xmen;12000;10000;0;;;dây;;1;;;0
SP000293;8935136866027;TG Xmen wood dây;Xmen;12000;10000;2;;;dây;;1;;;0
SP000294;8935136865143;DG Xmen Fire dây;Xmen;12000;10000;7;;;dây;;1;;;0
SP000295;8935136861534;Xịt Xmen for boss motion 150ml;Xmen;95000;90000;2;;;chai;;1;;;0
SP000296;8935136866003;DG Xmen for boss intense dây;Xmen;12000;10000;0;;;dây;;1;;;0
SP000297;8935136866669;Lăn Xmen vegas delight 50ml (KM);Xmen;58000;50000;0;;;chai;;1;;;0
SP000298;8935136866652;Lăn Xmen Amazon hunt 50ml (KM);Xmen;58000;50000;0;;;chai;;1;;;0
SP000299;8935136842205;Lăn Xmen for boss 25ml;Xmen;38000;33000;5;;;chai;;1;;;0
SP000300;8935136873179;DG Xmen for boss intense keratin 180g;Xmen;68000;63000;0;;;chai;;1;;;0
SP000301;8935136866331;DG Xmen Amazon hunt dây;Xmen;12000;10000;0;;;dây;;1;;;0
SP000302;8935136804203;LKM XMEN WOOD xanh chai 50ml;Xmen;55000;48000;4;;;chai;;1;;;0
SP000303;8935136874206;LKM XMEN for boss INTENSE chai 50ML;Xmen;65000;58000;5;;;chai;;1;;;0
SP000304;8935136861015;DG Xmen Water dây;Xmen;12000;10000;0;;;dây;;1;;;0
SP000305;8935136863798;TG XMEN trắng sạch sâu chai 610g;Xmen;142000;135000;0;;;chai;;1;;;0
SP000306;8935136860971;Dầu gội X-Men Fire chai 180g;Xmen;58000;55000;2;;;chai;;1;;;0
SP000307;8935136860902;Dầu gội nước hoa X-Men Wood chai 180g;Xmen;58000;55000;0;;;chai;;1;;;0
SP000308;8935136868809;Lăn khử mùi X-men wood chai 50ml;Xmen;55000;50000;0;;;chai;;1;;;0
SP000309;8935136860988;DG X-men Fire dây;Xmen;12000;10000;0;;;dây;;1;;;0
SP000310;8935136873209;Xịt Khử Mùi toàn thân X-Men for Boss Intense 150ml;Xmen;95000;85000;0;;;chai;;1;;;0
SP000311;8935136813205;Xịt khử mùi hương nước hoa X-Men Fire Active 150ml;Xmen;70000;68000;0;;;chai;;1;;;0
SP000312;8935136803206;Xịt khử mùi thơm lâu X-Men Wood Sport 150ml;Xmen;70000;68000;0;;;chai;;1;;;0
SP000313;8935136825208;Lăn khử mùi X-men wood 25ml;Xmen;30000;30000;0;;;chai;;1;;;0
SP000314;8935136860889;Dầu gội nước hoa X-Men Wood 650ml;Xmen;155000;145000;1;;;chai;;1;;;0
SP000315;8935136813199;Xà bông cục X-Men Fire 90g;Xmen;18000;16000;0;;;cục;;1;;;0
SP000316;8935136813151;Sữa tắm nước hoa X-Men Fire 180g;Xmen;52000;46000;0;;;chai;;1;;;0
SP000317;8935136862746;Tắm gội X-men wood 2in1 dây;Xmen;12000;10000;0;;;dây;;1;;;0
SP000318;8935136868861;Lăn X-men for boss intense chai 50ml;Xmen;68000;58000;0;;;chai;;1;;;0
SP000319;8935136860292;Lăn X-men for Boss luxury chai 50ml;Xmen;68000;60000;1;;;chai;;1;;;0
SP000320;8935136860339;DG X-Men For Boss Intense chai 650g;Xmen;169000;135000;2;;;chai;;1;;;0
SP000321;8935136863903;Tắm gội 2 in 1 X-men Boss Intense hương nước hoa chai 650g;Xmen;175000;165000;1;;;chai;;1;;;0
SP000322;8935136866584;DG X-men keratin dây (24 gói);Xmen;9000;7000;7;;;dây;;1;;;0
SP000323;6914973603516;Kẹo milk chocolate M&M;Doublemint;5000;4000;0;;;gói;;1;;;0
SP000324;93682961;Kẹo M&M Milk Chocolate 40g;Doublemint;22000;16000;0;;;gói;;1;;;0
SP000325;93682978;Kẹo M&M Peanut 40g;Doublemint;22000;20108;3;;;gói;;1;;;0
SP000326;9300682016278;Kẹo M&M siêu giòn bịch 30g;Doublemint;20000;16000;0;;;gói;;1;;;0
SP000327;9300682061926;Kẹo socola sữa M&M bịch 30g;Doublemint;22000;17600;0;;;gói;;1;;;0
SP000328;8935030218861;ST Double Rich hương hoa Iris huyền bí chai 800g;Double rich;130000;102750;0;;;chai;;1;;;0
SP000329;8935030218847;ST Double Rich hương hoa anh đào tinh tế chai 800g;Double rich;130000;102750;0;;;chai;;1;;;0
SP000330;8935030218830;ST Double Rich hương hoa hồng quyến rũ chai 800g;Double rich;130000;102750;0;;;chai;;1;;;0
SP000331;9555192501107;Chewing gum Doublemint;Doublemint;5000;4000;12;;;cây;;1;;;0
SP000332;PVN758;Kẹo Doublemint mints;Doublemint;1000;560;8;;;cục;;1;;;0
SP000333;8936114080084;Doublemint hũ 58,4g;Doublemint;25000;22000;0;;;chai;;1;;;0
SP000334;vienngam;Doublemint viên ngậm;Doublemint;1000;800;0;;;viên;;1;;;0
SP000335;8935030217819;ST Double rich hương hoa hồng quyến rũ chai 550g;Double rich;89000;83556;0;;;chai;;1;;;0
SP000336;8935030218793;ST Double Rich hương hoa Iris huyền bí chai 550g;Double rich;89000;83556;0;;;chai;;1;;;0
SP000337;8935030217826;ST Double Rich trắng da hoa Lily chai 550g;Double rich;89000;83556;0;;;chai;;1;;;0
SP000338;8935030221656;ST Double Rich dưỡng trắng da với hoa sen & tinh chất gạo chai 550g;Double rich;89000;83556;0;;;chai;;1;;;0
SP000339;8936114080145;Viên ngậm Doublemint hương bạc hà bịch 39g (30 cục);Doublemint;29000;24000;0;;;bịch;;1;;;0
SP000340;4935436879554;Double rich hộp quà 550ml;Double rich;89000;80572;6;;;hộp;;1;;;0
SP000341;8997018480769;Doublemint viên ngậm;Doublemint;26000;22667;6;;;hũ;;1;;;0
SP000342;8935030218380;Sữa tắm Double rich Anh đào dây;Double rich;10000;8000;0;;;dây;;1;;;0
SP000343;8935030221649;ST Double Rich dưỡng trắng da với hoa sen & tinh chất gạo chai 800g;Double rich;130000;111429;0;;;chai;;1;;;0
SP000344;8935030218854;ST Double Rich trắng da hoa Lily chai 800g;Double rich;130000;111429;0;;;chai;;1;;;0
SP000345;8935030228495;ST Double rich hương hoa anh đào dây;Double rich;12000;10000;8;;;dây;;1;;;0
SP000346;8935030228501;ST Double rich hương hoa hồng dây;Double rich;12000;10000;4;;;dây;;1;;;0
SP000347;8935030228488;ST Double rich hương hoa iris dây;Double rich;12000;10000;4;;;dây;;1;;;0
SP000348;9555192510109;Gum Doublemint vị dâu 13.5g;Doublemint;5000;4000;4;;;cây;;1;;;0
SP000349;8935030219554;ST Double rich chai 800g;Doublemint;110000;102750;0;;;chai;;1;;;0
SP000350;6923450615850;Doublemint không đường hộp 40g;Doublemint;28000;24900;3;;;hộp;;1;;;0
SP000351;6923450615829;Doublemint hương bạc hà hộp 40g;Doublemint;28000;24000;2;;;hộp;;1;;;0
SP000352;8935060603743;Rau câu Kimiko 216g;Long hải;12000;10000;0;;;bịch;;1;;;0
SP000353;8935060603545;Thạch rau câu Long hải Lapatie vị trứng sữa bịch 400g;Long hải;20000;14500;0;;;gói;;1;;;0
SP000354;8934732104311;Nhang ít khói Jumbo Vape S2;Jumbo;12000;10286;14;;;hộp;;1;;;0
SP000355;8934732104212;Nhang muỗi ít khói Jumbo Vape K5;Jumbo;9000;6500;10;;;hộp;;1;;;0
SP000356;8934732700827;Bộ xông đuổi muỗi Jumbo vape bảo vệ 45 ngày;Jumbo;50000;42500;2;;;bộ;;1;;;0
SP000357;8934732700711;Bình xông đuổi muỗi Jumbo hương hoa Lily bình 34ml;Jumbo;30000;22700;2;;;bình;;1;;;0
SP000358;8934732202611;Bình xịt Jumbo Vape không mùi chai 600ml;Jumbo;58000;50000;5;;;chai;;1;;;0
SP000359;8934732202819;Bình xịt Jumbo hương hoa lài chai 600ml;Jumbo;55000;50200;4;;;chai;;1;;;0
SP000360;8934732202710;Bình xịt muỗi Jumbo vape hương lavender pháp chai 600ml;Jumbo;55000;50200;3;;;chai;;1;;;0
SP000361;8934732202512;Bình xịt Jumbo hương cam chanh chai 600ml;Jumbo;55000;50000;5;;;chai;;1;;;0
SP000362;8934732104410;Nhang muỗi Jumbo vape M2;Jumbo;8000;6500;20;;;hộp;;1;;;0
SP000363;8934732202314;Bình xịt Jumbo hương cam chanh chai 600ml;Jumbo;50000;44700;6;;;chai;;1;;;0
SP000364;8934732202413;Bình xịt Jumbo Vape không mùi chai 350g;Jumbo;50000;45500;0;;;chai;;1;;;0
SP000365;8934732700735;Bộ 2 bình chất xông Jumbo đuổi muỗi;Jumbo;48000;42000;5;;;bộ;;1;;;0
SP000366;8934732700834;Bộ 2 bình chất xông muỗi Jumbo hương hoa anh đào;Jumbo;48000;40800;0;;;bộ;;1;;;0
SP000367;8934803043884;Oishi snack bí đỏ vị Bò nướng 39g;Oishi;5000;4200;20;;;bịch;;1;;;0
SP000368;8934803043020;Oishi snack tôm biển 39g;Oishi;5000;4200;13;;;bịch;;1;;;0
SP000369;8934803044638;Oishi Tomati snack Cà chua 39g;Oishi;5000;4200;19;;;bịch;;1;;;0
SP000370;8934803054521;Bánh Oishi khoai tây siêu mỏng Tater;Oishi;5000;3500;19;;;bịch;;1;;;0
SP000371;8934803043075;Oishi Snack bắp ngọt 39g;Oishi;5000;4200;10;;;bịch;;1;;;0
SP000372;8934803044584;Oishi Marty's snack chay vị da heo quay 39g;Oishi;5000;4200;16;;;bịch;;1;;;0
SP000373;8934803027624;Khoai tây que oishi Strip fries 27g;Oishi;6000;3800;20;;;bịch;;1;;;0
SP000374;8934803043785;Oishi snack Hành 39g;Oishi;5000;4200;12;;;bịch;;1;;;0
SP000375;8934803054866;Oishi Indo Chips! vị tôm hùm 39g;Oishi;5000;4200;18;;;bịch;;1;;;0
SP000376;8934803044287;Oishi Crab Me! vị cua sốt chua ngọt 39g;Oishi;5000;4200;19;;;bịch;;1;;;0
SP000377;8934803043129;Oishi snack Phô mát miếng 39g;Oishi;5000;4200;19;;;bịch;;1;;;0
SP000378;8934803042320;Oishi Flutes snack khoai tây vị muối 39g;Oishi;5000;4200;18;;;bịch;;1;;;0
SP000379;8934803042818;Snack Oishi bắp vị Phô mai 75g;Oishi;10000;8400;20;;;bịch;;1;;;0
SP000380;8934803042283;Snack Oishi Crab Me! vị Xốt chua ngọt 75g;Oishi;10000;8400;20;;;bịch;;1;;;0
SP000381;PVN3561;Snack Oishi khoai tây siêu mỏng vị tảo biển 75g;Oishi;10000;8400;20;;;bịch;;1;;;0
SP000382;8934803026122;Snack Oishi Pho mát miếng 75g;Oishi;10000;8400;20;;;bịch;;1;;;0
SP000383;8934803053524;Snack Oishi siêu mỏng vị Dưa leo 75g;Oishi;10000;8400;20;;;bịch;;1;;;0
SP000384;8934803044485;Snack Oishi Lu La mực ống 39g;Oishi;5000;4200;14;;;bịch;;1;;;0
SP000385;8934803044270;Snack Oishi tôm vị cay đặc biệt 39g;Oishi;5000;4200;20;;;bịch;;1;;;0
SP000386;8934803026412;Snack Oishi Indo Chip! bành phồng vị cay 39g;Oishi;5000;4200;20;;;bịch;;1;;;0
SP000387;8934803043259;Snack Oishi vị Tôm cay 39g;Oishi;5000;4200;18;;;bịch;;1;;;0
SP000388;8934803043815;Snack Oishi Indo Chip! vị Bánh phồng mực Indo 39g;Oishi;5000;4200;20;;;bịch;;1;;;0
SP000389;8934803026894;Oishi Pillows nhân Socola 45g;Oishi;5000;4200;20;;;bịch;;1;;;0
SP000390;8934803044812;Oishi snack bắp vị Phô mai 39g;Oishi;5000;4200;18;;;bịch;;1;;;0
SP000391;8934803054453;Oishi Crab Me! vị Tảo biển 39g;Oishi;5000;0;20;;;bịch;;1;;;0
SP000392;8934803026078;Oishi snack vị Bắp ngọt 75g;Oishi;10000;8900;20;;;bịch;;1;;;0
SP000393;8934803042634;Oishi Tomati snack vị Cà chua 75g;Oishi;10000;8900;20;;;bịch;;1;;;0
SP000394;8934803026788;Oishi snack vị Hành 75g;Oishi;10000;8900;19;;;bịch;;1;;;0
SP000395;8934803042580;Oishi Marty's snack chay 75g;Oishi;10000;8900;18;;;bịch;;1;;;0
SP000396;8934803054538;Oishi snack khoai tây siêu mỏng 39g;Oishi;5000;4200;20;;;bịch;;1;;;0
SP000397;8934803054279;Oishi Crab Me! snack cua lắc phô mai 39g;Oishi;5000;4200;19;;;bịch;;1;;;0
SP000398;8934803054262;Snack Oishi bắp vị sữa 39g;Oishi;5000;4200;18;;;bịch;;1;;;0
SP000399;8934803054439;Oishi Mobster's vị bắp rang phô mai caramen 39g;Oishi;5000;4200;20;;;bịch;;1;;;0
SP000400;8934803012255;Oishi snack tôm cay 75g;Oishi;10000;8900;18;;;bịch;;1;;;0
SP000401;8934803053456;Oishi Crab Me! vị tảo biển 75g;Oishi;10000;8900;20;;;bịch;;1;;;0
SP000402;8934803041323;Oishi Flutes snack khoai tây vị muối 75g;Oishi;10000;8900;20;;;bịch;;1;;;0
SP000403;8934803012880;Oishi snack bí đỏ vị bò nướng 75g;Oishi;10000;8900;20;;;bịch;;1;;;0
SP000404;8934803044829;Oishi snack tôm vị muối ớt xanh 37g;Oishi;5000;4200;19;;;bịch;;1;;;0
SP000405;8934803054026;Oishi snack mực cay MUCA 37g;Oishi;5000;4200;18;;;bịch;;1;;;0
SP000406;8934803042177;Oishi Pillow snack nhân vị sữa dừa 45g;Oishi;5000;4600;18;;;bịch;;1;;;0
SP000407;8934803042276;Oishi snack tôm vị cay đặc biệt 75g;Oishi;10000;8900;20;;;bịch;;1;;;0
SP000408;8934803053272;Oishi Crab Me! vị lắc phô mai 75g;Oishi;10000;8900;20;;;bịch;;1;;;0
SP000409;8934803054200;Oishi snack 4 lớp sốt Sriracha vị cay 35g;Oishi;5000;4200;18;;;bịch;;1;;;0
SP000410;8934803046205;Oishi snack bắp 4 lớp sốt Sriracha vị cay bịch 73g;Oishi;10000;8500;20;;;bịch;;1;;;0
SP000411;8934803044607;Oishi Korny Cones vị bắp non phô mai 39g;Oishi;5000;4200;20;;;bịch;;1;;;0
SP000412;8934803044911;Oishi Indo chip bánh phồng cá 75g;Oishi;10000;8900;20;;;bịch;;1;;;0
SP000413;8934803047974;Oishi Bisnax bánh quy nướng giòn vị phô mai 35g;Oishi;5000;4200;20;;;bịch;;1;;;0
SP000414;8934803053531;Oishi Tater Thin snack khoai tây siêu mỏng 75g;Oishi;10000;8900;20;;;bịch;;1;;;0
SP000415;8934803054996;Oishi vị đậu hà lan nướng bịch 35g;Oishi;5000;4200;20;;;bịch;;1;;;0
SP000416;8934803026924;Oishi vị đậu xanh nước dừa gói 35g;Oishi;5000;4200;20;;;bịch;;1;;;0
SP000417;8934803039436;Oishi bắp rang phô mai caramen bịch 80g;Oishi;10000;8500;20;;;bịch;;1;;;0
SP000418;8934803071061;Oishi Bola snack viên vị mực cay bịch 32g;Oishi;5000;4200;19;;;bịch;;1;;;0
SP000419;8934803053869;Oishi Indo Chip bánh phồng tôm hùm;Oishi;10000;8900;20;;;bịch;;1;;;0
SP000420;8934803071030;Oishi Tater Thins snack khoai tây siêu mỏng bịch 33g;Oishi;5000;4500;20;;;bịch;;1;;;0
SP000421;8934803024814;Oishi snack bánh phông tôm mực Indo 73g;Oishi;10000;8200;20;;;bịch;;1;;;0
SP000422;8934803070064;Oishi Bola snack viên vị mực cay bịch 68g;Oishi;10000;8500;20;;;bịch;;1;;;0
SP000423;8934803071078;Snack viên Oishi Bola vị takoyaki Nhật Bản;Oishi;5000;4200;20;;;bịch;;1;;;0
SP000424;8934803070071;Oishi Bola snack viên vị Tokoyaki Nhật Bản gói 68g;Oishi;10000;8200;20;;;bịch;;1;;;0
SP000425;8934803054460;Oishi Marthy's snack chay vị gà chiên giòn bịch 35g;Oishi;5000;4200;20;;;bịch;;1;;;0
SP000426;8934803069099;Oishi snack 4 lớp vị sườn nướng bịch 32g;Oishi;5000;3800;20;;;bịch;;1;;;0
SP000427;8934803046878;OISHI Akiko nhân sữa dừa 140g;Oishi;22000;15000;20;;;bịch;;1;;;0
SP000428;6933843460080;OISHI Akiko nhân phô mai 140g;Oishi;22000;15000;19;;;bịch;;1;;;0
SP000429;8934803028393;OISHI Akiko nhân cafe moka 140g;Oishi;22000;15000;19;;;bịch;;1;;;0
SP000430;8934803028409;OISHI Akiko nhân sữa 140g;Oishi;22000;15000;17;;;bịch;;1;;;0
SP000431;8934803070187;Snack Tôm Oishi vị mực nướng muối ớt bịch 68g;Oishi;10000;8900;20;;;bịch;;1;;;0
SP000432;8934803046090;Oishi Akiko snack que nhân phô mai bịch 140g;Oishi;22000;15000;19;;;bịch;;1;;;0
SP000433;8934803046212;Oishi Akiko snack que nhân sữa dừa bịch 140g;Oishi;22000;15000;20;;;bịch;;1;;;0
SP000434;8934803056778;Oishi Akiko snack que nhân kem mixed berries bịch 140g;Oishi;22000;15000;20;;;bịch;;1;;;0
SP000435;8934803069211;Oishi snack khoai tây siêu mỏng vị salad tôm bịch 32g;Oishi;5000;4000;20;;;bịch;;1;;;0
SP000436;8934803071344;Oishi bắp vị Socola bịch 32g;Oishi;5000;4200;19;;;bịch;;1;;;0
SP000437;8934803070347;Snack Oishi bắp vị Sôcôla bịch 68g;Oishi;10000;9000;20;;;bịch;;1;;;0
SP000438;8934803042481;Oishi Lu La snack mực ống bịch 68g;Oishi;10000;8900;20;;;bịch;;1;;;0
SP000439;8934803055054;Snack khoai tây Oishi thin flutes bịch 30g;Oishi;5000;4200;20;;;bịch;;1;;;0
SP000440;8934803069181;Oishi snack tôm vị mực nướng muối ớt bịch 34g;Oishi;5000;4200;20;;;bịch;;1;;;0
SP000441;8936036027747;Kẹo Boom Jelly vị dâu bịch 25g;Orion;5000;2949;9;;;bịch;;1;;;0
SP000442;8936036027730;Kẹo Boom Jelly vị nho bịch 25g;Orion;5000;3545;22;;;bịch;;1;;;0
SP000443;8936036027754;Kẹo Boom Jelly vị đào bịch 25g;Orion;5000;2949;0;;;bịch;;1;;;0
SP000444;8936036028553;Kẹo Boom Jelly vị xoài muối ớt bịch 25g;Orion;5000;2949;22;;;bịch;;1;;;0
SP000445;8934680042567;KD BMT siêu mềm vị bơ sữa bịch 55g;Kinh Đô;8000;6000;0;;;bịch;;1;;;0
SP000446;8934680089685;KĐ Bánh bông lan tươi vị cam gói 50g;Kinh Đô;7000;6000;35;;;bịch;;1;;;0
SP000447;8934868184362;NG Omo matic cửa trước hương oải hương túi 3.6kg;Omo;164000;159039;0;;;túi;;1;;;0
SP000448;8934868184232;NG Omo hương hoa hồng Ecuador túi 3.6kg;Omo;168000;162966;0;;;túi;;1;;;0
SP000449;8934868184218;NG Omo máy giặt cửa trên tinh dầu nước hoa tinh tế túi 3.6kg;Omo;168000;161189;0;;;túi;;1;;;0
SP000450;8934868184287;NG Omo Matic cửa trên chuyên gia giữ màu túi 3.6kg;Omo;168000;159039;0;;;túi;;1;;;0
SP000451;8934868184188;NG Omo Matic cửa trước ngăn mùi ẩm móc túi 3.6kg;Omo;168000;162966;0;;;túi;;1;;;0
SP000452;8934868184331;NG Omo cửa trước chuyên gia giữ màu túi 3.6kg;Omo;168000;159039;0;;;túi;;1;;;0
SP000453;8934868190769;NG Omo thiên nhiên ngọt ngào 3.6kg;Omo;169000;162966;0;;;túi;;1;;;0
SP000454;8934868195603;NG Omo matic sạch thơm vượt trội túi 3.7kg;Omo;138000;130675;0;;;túi;;1;;;0
SP000455;8934868195566;NG Omo cửa trên sạch thơm vượt trội chai 2.7kg;Omo;102000;94020;3;;;chai;;1;;;0
SP000456;8934868161424;NG Omo cho quần áo bé yêu túi 3.6kg;Omo;168000;159039;1;;;túi;;1;;;0
SP000457;8935149851461;NG Net Matic cam hương cuốn hút can 3.3kg;Net;118000;111900;2;;;can;;1;;;0
SP000458;8935149851119;Bột giặt Net Extra bịch 5.5kg;Net;138000;132900;0;;;bịch;;1;;;0
SP000459;8935149851331;Bột giặt Net Hương hoa sứ bịch 5.5kg;Net;134000;128700;1;;;bịch;;1;;;0
SP000460;8935149851324;BG Net Hương hoa sứ bịch 2.4kg;Net;66000;60900;3;;;bịch;;1;;;0
SP000461;8935149851492;NG Net tím Matic diệu kỳ can 3.3kg;Net;118000;111900;5;;;can;;1;;;0
SP000462;8935149851485;NG Net Matic hồng hương đam mê can 3.3kg;Net;118000;114667;3;;;can;;1;;;0
SP000463;8935149852468;BG Net hương hoa sứ bịch 600g;Net;17000;15000;9;;;bịch;;1;;;0
SP000464;8935149852451;BG Net hương hoa hoa sứ bịch 300g;Net;10000;7100;11;;;bịch;;1;;;0
SP000465;8935149851478;NG NET Matic đỏ duyên dáng can 3.3kg;Net;118000;111900;4;;;can;;1;;;0
SP000466;8935149851737;NG Net tím Matic dịu kỳ túi 3.3kg;Net;108000;104000;0;;;túi;;1;;;0
SP000467;8935149851720;NG Net Matic hồng hương đam mê túi 3.3kg;Net;108000;101650;0;;;túi;;1;;;0
SP000468;8935149851966;NG Net tím hương hoa nắng ngát hương túi 3kg;Net;82000;75700;7;;;túi;;1;;;0
SP000469;8934564130014;Kẹo Dynamite Chews đỏ hương bạc hà nhân socola bịch 125g;Jack n Jill;18000;13000;7;;;bịch;;1;;;0
SP000470;8934564100352;Kẹo Dynamite Bigbang hương bạc hà nhân socola bịch 120g;Jack n Jill;16000;11000;10;;;bịch;;1;;;0
SP000471;8934564100314;Kẹo Dynamite Bigbang hương Socola bạc hà 45g;Jack n Jill;9000;4500;13;;;bịch;;1;;;0
SP000472;8934564100369;Kẹo Dynamite big bang 330g;Jack n Jill;30000;24000;15;;;bịch;;1;;;0
SP000473;8934564100529;Kẹo Dynamite Energy bịch 330g;Jack n Jill;28000;24000;4;;;bịch;;1;;;0
SP000474;8934564100833;Kẹo Dynamite vị ỏi hồng muối ớt bịch 96g;Jack n Jill;16000;11000;12;;;bịch;;1;;;0
SP000475;8934564100826;Kẹo Dynamite hương xoài xanh nhân muối ớt bịch 96g;Jack n Jill;16000;11000;2;;;bịch;;1;;;0
SP000476;8934564130052;Dynamite chew vị đào vải bịch 125g;Jack n Jill;18000;13000;11;;;bịch;;1;;;0
SP000477;8934564100888;Kẹo Dynamite hương chanh nhân bột soda bịch 96g;Jack n Jill;16000;10154;0;;;bịch;;1;;;0
SP000478;8934564100895;Dynamite hương nho nhân bột soda bịch 96g;Jack n Jill;16000;10154;0;;;bịch;;1;;;0
SP000479;8934564260148;Bánh đùi gà Chikki vị gà chiên sốt Buffalo 38g;Jack n Jill;5000;3788;0;;;bịch;;1;;;0
SP000480;8934564260292;Bánh Chikki đùi gà phô mai bịch 28g;Jack n Jill;5000;3758;0;;;bịch;;1;;;0
SP000481;8934564230073;Bánh Puff Corn vị Socola 40g;Jack n Jill;5000;3925;0;;;bịch;;1;;;0
SP000482;8934564230059;Bánh bắp đỏ Puff Corn vị caramen 45g;Jack n Jill;5000;3788;0;;;bịch;;1;;;0
SP000483;8934564230127;Snack Puff corn phô mai bơ tỏi bịch 30g;Jack n Jill;5000;4000;0;;;bịch;;1;;;0
SP000484;8936079121716;Bánh Poca que giòn vị Phô mai 30g;Poca;5000;3700;0;;;bịch;;1;;;0
SP000485;8936079120382;Bánh Poca vị Bắp ngọt xốc bơ 37g;Poca;5000;3700;0;;;bịch;;1;;;0
SP000486;8936079120337;Bánh phồng tôm Poca 31g;Poca;5000;3700;0;;;bịch;;1;;;0
SP000487;PVN952;Bánh Poca vị gà quay da giòn 37g;Poca;5000;3700;0;;;bịch;;1;;;0
SP000488;8936079121723;Bánh Poca bí đỏ vị bò nướng 36g;Poca;5000;3700;0;;;bịch;;1;;;0
SP000489;8936079121181;Bánh phông tôm Poca vị cua;Poca;5000;3500;0;;;bịch;;1;;;0
SP000490;8936079120276;Bánh Poca vị Bò lúc lắc 37g;Poca;5000;3700;0;;;bịch;;1;;;0
SP000491;8936079120252;Bánh Poca vị Mực lăn muối ớt 37g;Poca;5000;3700;0;;;bịch;;1;;;0
SP000492;8936079121709;Bánh Poca que giòn vị Sườn nướng BBQ;Poca;5000;3800;0;;;bịch;;1;;;0
SP000493;8936079120030;Bánh Poca vị Gà quay da giòn 37g;Poca;5000;3800;0;;;bịch;;1;;;0
SP000494;8936079120269;Bánh Poca vị Tôm hùm nướng 37g;Poca;5000;3800;0;;;bịch;;1;;;0
SP000495;PVN3110;Poca Tôm nướng khổng lồ;Poca;10000;8200;0;;;bịch;;1;;;0
SP000496;8936079122249;Bánh Poca bò lúc lắc bịch 75g;Poca;10000;8200;0;;;bịch;;1;;;0
SP000497;8936079122294;Bánh Poca tôm hùm nướng bịch 75g;Poca;10000;8200;0;;;bịch;;1;;;0
SP000498;8936079122256;Bánh Poca Mực lăn muối ớt 75g;Poca;10000;8200;0;;;bịch;;1;;;0
SP000499;8936079123307;Poca que giòn vị sườn nướng BBQ bịch 65g;Poca;10000;8900;0;;;bịch;;1;;;0
SP000500;8936079123208;Bánh Poca vị gà quay da giòn bịch 75g;Poca;10000;7300;0;;;bịch;;1;;;0
SP000501;8936079122263;Bánh phồng mực Poca bịch 75g;Poca;10000;7300;0;;;bịch;;1;;;0
SP000502;8936079123352;Poca bắp ngọt xóc bơ bịch 65g;Poca;10000;7300;0;;;bịch;;1;;;0
SP000503;8936079123888;Poca vị sữa chua dâu bịch 30g;Poca;5000;4200;0;;;bịch;;1;;;0
SP000504;8936079124915;Poca snack hình cua bịch 30g;Poca;5000;4000;0;;;bịch;;1;;;0
SP000505;8936079124939;Poca bánh phồng vị tảo biển bịch 30g;Poca;5000;4000;0;;;bịch;;1;;;0
SP000506;8936079124892;Poca Snack hình cua bịch 30g;Poca;5000;4000;0;;;bịch;;1;;;0
SP000507;8936036020977;Bánh Swing vị Bò bít tết kiểu New York 30g;Orion;6000;4710;10;;;bich;;1;;;0
SP000508;8936036025538;Swing Maxx vị bò nướng tiêu đen 36g;Orion;6000;5300;0;;;bịch;;1;;;0
SP000509;8936036024692;Swing vị gà Teriyaki osaka 36g;Orion;6000;5200;0;;;bịch;;1;;;0
SP000510;8936036021660;Bánh Swing vị Bít tết kiểu New York 63g;Orion;10000;8900;0;;;gói;;1;;;0
SP000511;8936036024739;Swing vị teriyaki osaka 63g;Orion;10000;8900;0;;;bịch;;1;;;0
SP000512;8936036029499;Bánh Swing vị Gà Teriyaki Osaka 63g;Orion;10000;8900;0;;;bịch;;1;;;0
SP000513;8936036025576;Bánh Swing vị Bò nướng tiêu đen 63g;Orion;10000;8900;0;;;gói;;1;;;0
SP000514;8936036027860;Bánh Swing Chee-Z vị phô mai 32g;Orion;6000;4710;0;;;bịch;;1;;;0
SP000515;8936036021745;Swing vị Bít tết kiểu New York 108g;Orion;20000;18000;0;;;gói;;1;;;0
SP000516;8936036027877;Swing Chee-Z vị phô mai 2 lớp 56g;Orion;10000;8900;0;;;gói;;1;;;0
SP000517;8936036028768;Swing Jumbo vị Tôm hùm cháy tỏi bịch 32g;Orion;6000;5220;0;;;gói;;1;;;0
SP000518;8936029421064;Swing vị tảo hàn quốc nướng bịch 50g;Orion;10000;8900;0;;;bịch;;1;;;0
SP000519;8936029421934;Swing vị tảo biển hàn quốc bịch 32g;Orion;6000;4819;0;;;bịch;;1;;;0
SP000520;8936029422436;Swing maxx xốt gochujang 30g;Orion;6000;5200;0;;;gói;;1;;;0
SP000521;8936029422443;Swing Max xốt cay ngọt hàn quốc bịch 52g;Orion;10000;9200;0;;;bịch;;1;;;0
SP000522;8936029422795;Swing vị mật ong bơ tỏi bịch 30g;Orion;6000;5200;0;;;bịch;;1;;;0
SP000523;8936029422801;Swing vị mật ong bơ tỏi bịch 52g;Orion;10000;9200;0;;;bịch;;1;;;0
SP000524;8936036025309;Bánh khoai tây Tayo X vị trứng muối 28g;Orion;5000;3732;0;;;bịch;;1;;;0
SP000525;8936036025293;Bánh khoai tây Tayo X vị tảo ngọt 28g;Orion;5000;3732;0;;;bịch;;1;;;0
SP000526;8936036026399;Bánh khoai tây Tayo X vị Cola chanh 28g;Orion;5000;4200;0;;;bịch;;1;;;0
SP000527;8936036020953;Bánh khoai tây O'star vị kim chi 30g;Orion;6000;4710;0;;;bịch;;1;;;0
SP000528;8936036026955;Bánh O'star vị Phô mai trứng muối 32g;Orion;6000;4710;5;;;bịch;;1;;;0
SP000529;8936036027075;Bánh khoai tây O'star vị Tự nhiên 36g;Orion;6000;5200;5;;;bịch;;1;;;0
SP000530;8936036027082;Bánh O'star vị Tự nhiên bịch 63g;Orion;10000;8900;0;;;bịch;;1;;;0
SP000531;8936036021646;Bánh O'star vị Tảo biển 63g;Orion;10000;8900;0;;;bịch;;1;;;0
SP000532;8936036021653;Bánh O'star vị kim chi Hàn Quốc 63g;Orion;10000;8900;0;;;bịch;;1;;;0
SP000533;8936036026962;Bánh O'star vị Phô mai trứng muối 56g;Orion;10000;8900;0;;;bịch;;1;;;0
SP000534;8936036020939;Bánh O'Star vị Tảo biển 36g;Orion;6000;4710;0;;;bịch;;1;;;0
SP000535;8936036027570;Bánh O'Star vị Mực nướng cay 32g;Orion;6000;4800;0;;;bịch;;1;;;0
SP000536;8936036027594;Bánh O'Star vị Cơm tắm sườn trứng 32g;Orion;6000;4800;0;;;bịch;;1;;;0
SP000537;8936036027556;Bánh O'Star vị Thịt thăng trâu gác bếp 32g;Orion;6000;4800;0;;;bịch;;1;;;0
SP000538;8936036021738;O'Star vị Kim chi Hàn Quốc 108g;Orion;20000;18000;0;;;bịch;;1;;;0
SP000539;8936036021721;O'star vị Tảo biển 108g;Orion;20000;18000;0;;;bịch;;1;;;0
SP000540;8936036028423;O'Star vị tôm tempura xốt chua ngọt 32g;Orion;6000;5200;0;;;bịch;;1;;;0
SP000541;8936036028317;O'Star vị bò nướng muối hồng Himalaya 32g;Orion;6000;5200;0;;;bịch;;1;;;0
SP000542;8936036029741;O'star cua sốt Singapore bịch 30g;Orion;6000;4820;0;;;bịch;;1;;;0
SP000543;8936036029758;O'star cua sốt Singapore bịch 52g;Orion;10000;8900;0;;;bịch;;1;;;0
SP000544;8936029421057;O'Star vị xốt mayo kiểu hàn quốc bịch 50g;Orion;10000;8900;0;;;bịch;;1;;;0
SP000545;8936029421927;O'Star vị sốt Mayo bịch 30g;Orion;6000;4819;0;;;bịch;;1;;;0
SP000546;8936029423631;O'star vị tảo biển ngọt bịch 33g;Orion;6000;4710;0;;;bịch;;1;;;0
SP000547;8936029422764;O'star vị bơ mật ong bịch 30g;Orion;6000;4200;0;;;bịch;;1;;;0
SP000548;8936029422771;O'star vị bơ mật ong bịch 52g;Orion;10000;8900;0;;;bịch;;1;;;0
SP000549;8936029423655;O'star vị tảo biển ngọt bịch 55g;Orion;10000;8900;0;;;bịch;;1;;;0
SP000550;8936029425543;O'star vị thịt nướng bbq hộp 100g;Orion;28000;23500;0;;;hộp;;1;;;0
TKC1;TKC1;Sữa TopKid hương cam hộp 110ml;TH TRUE MILK;6000;4247;15;;;hộp;;1;;;0
TKC1L;8935217414420;Sữa TopKid hương cam hộp 110ml;TH TRUE MILK;20000;16988;4;;;lóc;TKC1;4;TKC1;;0
TKC1T;TKC1T;Sữa TopKid hương cam hộp 110ml;TH TRUE MILK;214000;203856;0;;;thùng;TKC1;48;TKC1;;0
TKD1;TKD1;Sữa TopKid hương dâu hộp 110ml;TH TRUE MILK;6000;4247;0;;;hộp;;1;;;0
TKD1L;8935217414123;Sữa TopKid hương dâu hộp 110ml;TH TRUE MILK;20000;16988;0;;;lóc;TKD1;4;TKD1;;0
TKD1T;TKD1T;Sữa TopKid hương dâu hộp 110ml;TH TRUE MILK;210000;203856;0;;;thùng;TKD1;48;TKD1;;0
TKC18;TKC18;Sữa TopKid hương cam hộp 180ml;TH TRUE MILK;8000;6650;0;;;hộp;;1;;;0
TKC18L;8935217414413;Sữa TopKid hương cam hộp 180ml;TH TRUE MILK;30000;26600;0;;;lóc;TKC18;4;TKC18;;0
TKC18T;TKC18T;Sữa TopKid hương cam hộp 180ml;TH TRUE MILK;332000;319200;0;;;thùng;TKC18;48;TKC18;;0
TKD18;TKD18;Sữa TopKid hương dâu hộp 180ml;TH TRUE MILK;8000;6788;0;;;hộp;;1;;;0
TKD18L;8935217414116;Sữa TopKid hương dâu hộp 180ml;TH TRUE MILK;30000;27152;0;;;lóc;TKD18;4;TKD18;;0
TKD18T;TKD18T;Sữa TopKid hương dâu hộp 180ml;TH TRUE MILK;332000;325824;0;;;thùng;TKD18;48;TKD18;;0
SP000563;8850006933022;KDR Colgate Vitamin C ngừa sâu răng thơm mát 170g;Colgate;28000;26500;2;;;tuýp;;1;;;0
SP000564;8850006933015;KDR Colgate Vitamin C 90g;Colgate;16000;13500;2;;;tuýp;;1;;;0
SP000565;8850006933183;Kem đánh răng Colgate Maxfresh 180g;Colgate;33000;28000;2;;;cây;;1;;;0
SP000566;8850006958117;KDR Colgate NSR hương bạc hà the mát hộp 225g;Colgate;38000;34000;2;;;hộp;;1;;;0
SP000567;6920354820533;Kem đánh răng Colgate thiên nhiên trắng tinh khôi 180g;Colgate;42000;36000;2;;;cây;;1;;;0
SP000568;6920354820540;Kem đánh răng Colgate thiên nhiên thơm mát thuần khiết 180g;Colgate;42000;37000;2;;;cây;;1;;;0
SP000569;8850006932322;KDR Colgate MaxFresh hương Bạc Hà hộp 225g;Colgate;43000;40000;2;;;cây;;1;;;0
SP000570;8850006932346;KDR Colgate MaxFresh hương Trà xanh 225g;Colgate;43000;40000;2;;;cây;;1;;;0
SP000571;8850006932292;KDR Colgate MaxFresh hương bạc hà hộp 180g;Colgate;38000;34000;2;;;cây;;1;;;0
SP000572;6920354823916;KDR Colgate MaxFresh Than tre Hàn Quốc 180g;Colgate;40000;36000;2;;;cây;;1;;;0
SP000573;8850006932278;KDR Colgate trẻ em hương dâu hộp 40g;Colgate;10000;7500;2;;;cây;;1;;;0
SP000574;8935102106386;KDR Colgate Total bạc hà tinh khiết hộp 170g;Colgate;48000;44000;2;;;cây;;1;;;0
SP000575;8850006343296;KDR Colgate Muối thảo dược 225g;Colgate;38000;34500;2;;;hộp;;1;;;0
SP000576;8850006932179;KDR Colgate NSR hương bạc hà the mát hộp 180g;Colgate;29000;26500;2;;;cây;;1;;;0
SP000577;6920354814471;KĐR Colgate optic white 100g;Colgate;52000;40000;2;;;tuýp;;1;;;0
SP000578;8850006932315;KDR Colgate Maxfresh hương trà xanh 180g;Colgate;38000;34000;2;;;cây;;1;;;0
SP000579;8935102114398;BCDR Colgate Premier clean charcoal;Colgate;14000;11000;2;;;cây;;1;;;0
SP000580;8935236000666;BCDR Colgate mềm mảnh chăm sóc nướu;Colgate;21000;17800;2;;;cây;;1;;;0
SP000581;8850006930977;KDR Colgate trẻ em vị dâu 40g;Colgate;19000;15000;2;;;cây;;1;;;0
SP000582;8850006946121;KDR Colgate MaxFresh hương đào hộp 225g;Colgate;43000;39000;2;;;cây;;1;;;0
SP000583;6920354824845;KDR Colgate Maxwhite hộp 137g;Colgate;36000;32000;2;;;cây;;1;;;0
SP000584;6920354827792;KDR Colgate MaxFresh tinh chất than tre hộp 225g;Colgate;43000;40000;1;;;hộp;;1;;;0
SP000585;6920354837180;Colgate MaxWhite hộp 170g;Colgate;42000;38000;1;;;hộp;;1;;;0
SP000586;6920354836930;KDR Colgate Optic White Purple hộp 100g;Colgate;50000;44000;1;;;hộp;;1;;;0
SP000587;6920354828393;KDR Colgate muối Himalaya trắng khỏe hộp 180g;Colgate;46000;42000;1;;;hộp;;1;;;0
SP000588;8850006325636;KĐR Colgate Total active fresh hộp 150g;Colgate;48000;44000;1;;;hộp;;1;;;0
SP000589;8935102106409;KĐR Colgate total CLN MNT hộp 170g;Colgate;48000;44000;1;;;hộp;;1;;;0
SP000590;4710168714812;BCĐR Colgate bé 5-9 tuổi;Colgate;33000;28000;1;;;cây;;1;;;0
SP000591;8935236000352;BCĐR Colgate kid;Colgate;20000;18000;1;;;cây;;1;;;0
SP000592;8850006332542;BCĐR Colgate Flex clean Charcoal;Colgate;48000;43000;1;;;cây;;1;;;0
SP000593;8935102114244;BCĐR Colgate Slimsoft advanced phủ khoáng;Colgate;42000;38000;1;;;cây;;1;;;0
SP000594;8935102114053;BCĐR Colgate lõi kép siêu mảnh -êm dịu nướu;Colgate;42000;38500;1;;;cây;;1;;;0
SP000595;8935102114459;BCĐR Colgate in- between charcoal;Colgate;26000;23000;1;;;cây;;1;;;0
SP000596;81043378;BCĐR Colgate Slim soft charcoal;Colgate;40000;36000;1;;;cây;;1;;;0
SP000597;8935236000031;BCĐR Colgate premier clean mềm;Colgate;8000;6800;1;;;cây;;1;;;0
SP000598;8935236000642;BCĐR Colgate premier mềm mịn;Colgate;11000;9500;1;;;cây;;1;;;0
SP000599;8850006331866;BCĐR COLGATE BETWEEN CHARCOAL;Colgate;38000;37000;1;;;cây;;1;;;0
SP000600;8935236000253;BCĐR Colgate BỘ 3 cây;Colgate;45000;36000;1;;;cây;;1;;;0
SP000601;8935236000291;BCĐR Colgate siêu mềm mảnh;Colgate;21000;17000;1;;;cây;;1;;;0
SP000602;6920354841460;KĐR Colgate OPTIC WHITE PURPLE 150G;Colgate;50000;45000;1;;;cây;;1;;;0
SP000603;6920354827464;KĐR Colgate Maxfresh tinh chất than tre tuýp 180g;Colgate;40000;34000;1;;;cây;;1;;;0
SP000604;8936136163185;Nước khoáng tự nhiên Vivant chai 500ml;Chinsu;5000;3000;0;;;chai;;1;;;0
SP000605;PVN7838;Nước khoáng tự nhiên Vivant chai 500ml;Chinsu;24000;18000;0;;;lóc;SP000604;6;SP000604;;0
SP000606;PVN7839;Nước khoáng tự nhiên Vivant chai 500ml;Chinsu;78000;72000;0;;;thùng;SP000604;24;SP000604;;0
SP000607;8935217414321;Sữa TopKid hương dâu chuối lúa mạch hộp 110ml;;6000;4330;4;;;hộp;;1;;;0
SP000608;PVN6560;Sữa TopKid hương dâu chuối lúa mạch hộp 110ml;;20000;17320;1;;;lóc;SP000607;4;SP000607;;0
SP000609;8936079121525;Bánh Lay's vị kem chua hành 30g;Lays;6000;5200;0;;;bịch;;1;;;0
SP000610;8936079120061;Bánh Lay's vị tảo biển Nori;Lays;6000;5200;0;;;bịch;;1;;;0
SP000611;8936079120047;Bánh Lay's vàng vị khoai tây tự nhiên bịch 32g;Lays;6000;5200;0;;;bịch;;1;;;0
SP000612;8936079121754;Bánh Lays vi thăng bò nướng Texas;Lays;6000;5200;0;;;bịch;;1;;;0
SP000613;8936079120054;Bánh Lay's cam vị Sườn nướng gói 35g;Lays;6000;5200;0;;;bịch;;1;;;0
SP000614;8936079121679;Khoai tây chiên Lay's nâu vị mực tẩm cay Thái Wavy 29g;Lays;6000;4950;0;;;gói;;1;;;0
SP000615;8936079121105;Lay's vị Phô mai Cheddar gói 32g;Lays;6000;5200;0;;;gói;;1;;;0
SP000616;8850718804573;Bánh Snack Lay's Stax kem chua 100g;Lays;30000;27000;0;;;hộp;;1;;;0
SP000617;8850718803873;Khoai tây chiên Lay's vị tôm hùm cay Stax 105g;Lays;30000;27000;0;;;hộp;;1;;;0
SP000618;8850718808410;Khoai tây chiên Lay's Hot Chili Squid vị mực cay 105g;Lays;30000;27000;0;;;hộp;;1;;;0
SP000619;8850718803347;Khoai tây chiên Lay's vị tự nhiên Stax 105g;Lays;30000;27000;0;;;hộp;;1;;;0
SP000620;8936079120115;Bánh Lay's xanh lá vị tảo biển Nori 63g;Lays;10000;8200;0;;;gói;;1;;;0
SP000621;8936079121112;Snack khoai tây Lay's Wavy vị phô mai Cheddar 52g;Lays;10000;7455;0;;;gói;;1;;;0
SP000622;8936079120092;Khoai tây chiên Lay's vàng vị tự nhiên Classic 52g;Lays;10000;8200;0;;;gói;;1;;;0
SP000623;8936079121785;Bánh Lays vị kim chi Seoul 30g;Lays;6000;4438;0;;;gói;;1;;;0
SP000624;8936079120108;Bánh khoai tây Lays cam vị sườn nướng BBQ Brazil 52g;Lays;10000;8200;0;;;bịch;;1;;;0
SP000625;8936079121761;Bánh khoai tây Lays đỏ vị Thăn bò nướng Texas 52g;Lays;10000;8200;0;;;bịch;;1;;;0
SP000626;8936079121792;Bánh khoai tây Lays hồng vị Kim chi Seoul 52g;Lays;10000;7455;0;;;bịch;;1;;;0
SP000627;8936079121655;Bánh khoai tây Lay's vị Kem chua 30g;Lays;20000;15620;0;;;bịch;;1;;;0
SP000628;8936079120139;Bánh khoai tây Lay's vị tự nhiên 95g;Lays;20000;16400;0;;;bịch;;1;;;0
SP000629;8936079121020;Bánh Lay's xanh lá vị Tảo biển Nori 95g;Lays;20000;15620;0;;;bịch;;1;;;0
SP000630;9556174816462;Lay's vị tự nhiên hũ 160g;Lays;42000;37500;0;;;ống;;1;;;0
SP000631;9556174816479;Lay's stax vị kem chua hành hũ 160g;Lays;42000;37500;0;;;ống;;1;;;0
SP000632;8936079122218;Lay's wavy vị cua sốt XO 35g;Lays;6000;5200;0;;;bịch;;1;;;0
SP000633;8936079123864;Bánh lays vị kem chua hành 42g;Lays;10000;7455;0;;;bịch;;1;;;0
SP000634;8936079122225;Bánh lay's vị cua xốt XO 63g;Lays;10000;8200;0;;;bịch;;1;;;0
SP000635;8936079121167;Bánh Lays phô mai 95g;Lays;20000;16400;0;;;bịchk;;1;;;0
SP000636;8936079121686;Lays mực tẩm cay thái 63g;Lays;10000;8200;0;;;bịch;;1;;;0
SP000637;8936079122270;Lay's gà cay phô mai hàn quốc 32g;Lays;6000;5200;0;;;gói;;1;;;0
SP000638;8936079122287;Lay's Vị gà cay phô mai hàn quốc 63g;Lays;10000;8200;0;;;bịch;;1;;;0
SP000639;9556174816547;Lay's Vị sườn nướng BBQ hũ 160G;Lays;40000;37500;0;;;lon;;1;;;0
SP000640;PVN2754;Lay's vị kem chua hành 160g;Lays;40000;37500;0;;;lon;;1;;;0
SP000641;9556174816653;Lay's stax vị tôm hùm nướng ngũ vị hũ 160g;Lays;42000;37500;0;;;hũ;;1;;;0
SP000642;8936079121693;Lay's nâu vị Mực tẩm cay thái 95g;Lays;20000;16400;0;;;bịch;;1;;;0
SP000643;8936079121013;Lay's cam vị Sườn nướng BBQ Brazil 95g;Lays;20000;16400;0;;;bịch;;1;;;0
SP000644;8936079122423;Lay's hồng vị Tôm hùm xốt trứng muối 56g;Lays;10000;8900;0;;;gói;;1;;;0
SP000645;8936079122416;Lay's hồng vị tôm hùm xốt trứng muối hoàng kim 32g;Lays;6000;5200;0;;;gói;;1;;;0
SP000646;8936079122973;Lay's vị muối nguyên bản 56g;Lays;10000;8900;0;;;gói;;1;;;0
SP000647;8936079123260;Lay's vị nấm Truffe 45g;Lays;10000;8900;0;;;gói;;1;;;0
SP000648;8936079122966;Lay's vị muối nguyên bản 32g;Lays;6000;5200;0;;;gói;;1;;;0
SP000649;8936079123246;Lay's vị bò Wagyu 45g;Lays;10000;8900;0;;;bịch;;1;;;0
SP000650;8936079123338;Lay's vị sườn nướng BBQ Brazil bịch 82g;Lays;20000;18200;0;;;bịch;;1;;;0
SP000651;8936079123789;Bánh Lay's My Chiu vị tự nhiên bịch 34g;Lays;6000;5200;0;;;bịch;;1;;;0
SP000652;PVN6174;Kẹo Playmore vị bạc hà chai 22g - hộp;Playmore;157000;147934;0;;;hộp;;1;;;0
SP000653;8859578600882;Kẹo Playmore vị bạc hà chai 22g;Playmore;28000;24000;0;;;chai;;1;;;0
SP000654;PVN6176;Kẹo Playmore vị dâu chai 22g - hộp;Playmore;157000;147936;0;;;hộp;;1;;;0
SP000655;8859578602541;Kẹo Playmore vị dâu chai 22g;Playmore;28000;25000;0;;;chai;;1;;;0
SP000656;8859578601438;Kẹo Playmore vị anh đào chai 22g - hộp;Playmore;157000;147936;0;;;hộp;;1;;;0
SP000657;8859578601421;Kẹo Playmore vị anh đào chai 22g;Playmore;28000;25000;0;;;chai;;1;;;0
SP000658;8859578600318;Kẹo Playmore vị táo xanh chai 22g;Playmore;28000;24000;0;;;chai;;1;;;0
SP000659;8859578600370;Kẹo Playmore vị chanh muối chai 22g;Playmore;28000;24000;0;;;chai;;1;;;0
SP000660;8859578600820;Kẹo Playmore vị nho chai 22g;Playmore;28000;25000;0;;;chai;;1;;;0
SP000661;8859578600288;Kẹo Playmore vị xí muội chai 22g;Playmore;28000;24000;0;;;chai;;1;;;0
SP000662;8859578600257;Kẹo Playmore vị dưa hấu chai 22g;Playmore;28000;25000;0;;;chai;;1;;;0
SP000663;8859578605108;Kẹo Playmore vị berry chai 22g;Playmore;28000;24000;0;;;chai;;1;;;0
SP000664;8936079123765;Lay's My Chiu vị sườn nướng BBQ bịch 30g;Lays;6000;5200;0;;;bịch;;1;;;0
SP000665;8850718819119;Lays stax hot & Spicy Flavor 100g;Lays;30000;27000;0;;;hộp;;1;;;0
SP000666;8850718819102;Lays Stax vị thịt nướng BBQ 100G;Lays;30000;27000;0;;;lon;;1;;;0
SP000667;8936079123826;Lay's max vị bò Wagyu bịch 42g;Lays;10000;8000;0;;;bịch;;1;;;0
SP000668;8936079123666;Lay's wavy 2in1 vị bò nướng & kim chi bịch 45g;Lays;10000;8500;0;;;bịch;;1;;;0
SP000669;8936079123840;Lay's vị bấm truffle bịch 42g;Lays;10000;8500;0;;;bịch;;1;;;0
SP000670;8936079124229;Lay's vị tôm càng đút lò phô mai tan chảy bịch 54g;Lays;10000;8900;0;;;bịch;;1;;;0
SP000671;8859578600646;Kẹo dẻo cuộn Playmore vị dâu gói 21g;Playmore;12000;10000;0;;;gói;;1;;;0
SP000672;8859578600585;Kẹo dẻo cuộn Playmore vị dưa hấu gói 21g;Playmore;12000;10000;0;;;gói;;1;;;0
SP000673;8859578600615;Kẹo dẻo cuộn Playmore vị nho gói 21g;Playmore;12000;10000;0;;;gói;;1;;;0
SP000674;8936079124212;Lay's vị tôm càng đút lò phô mai tan chảy bịch 30g;Lays;6000;5200;0;;;bịch;;1;;;0
SP000675;8850718820573;Lay's Stax vị tự nhiên hộp 65g;Lays;26000;21900;0;;;lon;;1;;;0
SP000676;8936079124243;Lay's hương vị lẩu tôm yum chua cay gói 28g;Lays;6000;4800;0;;;bịch;;1;;;0
SP000677;8936079124465;Lay's vị phở bò Hà Nội bịch 52g;Lays;10000;8900;0;;;gói;;1;;;0
SP000678;8859578600790;Kẹo Play more không đường vị nho 12g;Playmore;10000;8500;0;;;bịch;;1;;;0
SP000679;8859578600400;Kẹo Play more không đường vị dưa hấu 12g;Playmore;10000;8500;0;;;bịch;;1;;;0
SP000680;8850718820580;Khoai tây lon LAYS STAX tôm hùm 65G;Lays;26000;21900;0;;;LON;;1;;;0
SP000681;8850718820597;Khoai tây lon LAYS STAX kem hành 65g;Lays;26000;21900;0;;;lon;;1;;;0
SP000682;8936079125387;Lays stax vị tự nhiên lon 100g;Lays;30000;25412;0;;;lon;;1;;;0
SP000683;8936079125394;Lays Stax vị tôm hùm nướng ngũ vị lon 100g;Lays;30000;25412;0;;;lon;;1;;;0
SP000684;8936079125493;Lays Stax vị kem chua hành tây lon 42g;Lays;18000;15000;0;;;hộp;;1;;;0
SP000685;8936079125486;Lays stax tôm nướng ngũ vị lon 42g;Lays;18000;15000;0;;;lon;;1;;;0
SP000686;8936079125509;Lays stax vị tự nhiên lon 42g;Lays;18000;15000;0;;;lon;;1;;;0
SP000687;8850718822812;Lays stax vị phô mai cheddar kiểu anh quốc lon 42g;Lays;18000;15000;0;;;lon;;1;;;0
SP000688;8936079125455;Lay Stax kem chua & hành tây lon 150g;Lays;37000;33000;0;;;lon;;1;;;0
SP000689;8936079126063;Lay Stax vị tự nhiên lon 150g;Lays;37000;33000;0;;;lon;;1;;;0
SP000690;8934952005962;Bánh mì Kido vị gà nướng xốt hồng kông bịch 55g;Kido;10000;8100;0;;;bịch;;1;;;0
SP000691;8934952006044;Bành mì đài loan Kido phô mai Castella gói 40g;Kido;10000;8100;0;;;bịch;;1;;;0
SP000692;8934952005511;Bành mì Kido chà bông xốt Singapore gói 55g;Kido;10000;8100;0;;;bịch;;1;;;0
SP000693;8934952006426;Bánh Kido đậu xanh sầu riêng bịch;Kido;7000;5500;0;;;bịch;;1;;;0
SP000694;8934952006419;Bánh Kido đậu đỏ kiểu nhật bịch;Kido;7000;5500;0;;;bịch;;1;;;0
SP000695;8934952005948;Bánh mì hoa cúc Kido bịch 80g;Kido;14000;12000;0;;;bịch;;1;;;0
SP000696;8934952006457;Bánh mì Kido vị socola bịch 55g;Kido;8000;6500;0;;;bịch;;1;;;0
SP000697;8934952006433;Bành mì Kido vị kem lá dứa bịch 80g;Kido;10000;8500;0;;;bịch;;1;;;0
SP000698;8934952006440;Bánh mì Kido vị dâu việt quốc bịch 80g;Kido;10000;8500;0;;;bịch;;1;;;0
SP000699;8934952006464;Bánh mì Kido vị bơ sữa bịch 55g;Kido;8000;6000;0;;;bịch;;1;;;0
SP000700;8934952006518;Bánh Kido bông lan trứng chà bông bịch 50g;Kido;10000;8500;0;;;bịch;;1;;;0
SP000701;8934952006525;Bánh Kido hương nho việt quất bịch 80g;Kido;10000;8500;0;;;bịch;;1;;;0
SP000702;8934952007300;KIDO xúc xích sốt pizza ý 55g;Kido;10000;8800;0;;;bịch;;1;;;0
SP000703;8934680040136;BMT KĐ ổ sữa bịch 80g;Kinh Đô;8000;7100;0;;;bịch;;1;;;0
SP000704;8934680044264;BMT KĐ ổ dài vị bơ sữa 90g;Kinh Đô;9000;8000;0;;;bịch;;1;;;0
SP000705;8934680044349;BMT KĐ ổ dài vị Socola 90g;Kinh Đô;9000;7900;0;;;bịch;;1;;;0
SP000706;8934680043748;BMT KĐ vị Chà bông 80g;Kinh Đô;10000;9000;0;;;bịch;;1;;;0
SP000707;8934680044387;BMT KĐ ổ dài nhân khoai môn 90g;Kinh Đô;9000;8000;0;;;bịch;;1;;;0
SP000708;8934680046145;BMT Kinh Đô Gà sốt thái cay 60g;Kinh Đô;10000;9000;0;;;bịch;;1;;;0
SP000709;8934680045421;BMT KĐ Sandwich chà bông gói 50g;Kinh Đô;7000;5800;0;;;bịch;;1;;;0
SP000710;8934952005528;BMT Kido's trân châu lava trứng muối;Kido;10000;8100;0;;;bịch;;1;;;0
SP000711;8934952005955;BMT Kido's Tokoyaki xốt Nhật Bản;Kido;10000;8100;0;;;bịch;;1;;;0
SP000712;8934680043199;BMT KĐ vị lá dứa bịch 40g;Kinh Đô;7000;6000;0;;;bịch;;1;;;0
SP000713;8934680046909;BMT Kinh Đô burger gà bịch 70g;Kinh Đô;10000;9000;0;;;bịch;;1;;;0
SP000714;8934680046978;BMT KĐ vị Gà xốt thái cay gói 55g;Kinh Đô;13000;12000;0;;;bịch;;1;;;0
SP000715;8934680043144;BMT KĐ nhân socola bịch 40g;Kido;7000;6000;0;;;bịch;;1;;;0
SP000716;8934952007423;BMT Kido vị bơ sữa bịch 80g;Kinh Đô;10000;8075;0;;;bịch;;1;;;0
SP000717;8934680047289;BMT KD ổ dài vị cà phê sữa dừa bịch 90g;Kinh Đô;9000;7900;0;;;bịch;;1;;;0
SP000718;8936048474577;Trà Mật ong Boncha vị việt quốc chai 450ml;Boncha;9000;6910;0;;;chai;;1;;;0
SP000719;PVN1631;Trà Mật ong Boncha vị việt quốc chai 450ml;Boncha;48000;41460;0;;;lóc;SP000718;6;SP000718;;0
SP000720;PVN1632;Trà Mật ong Boncha vị việt quốc chai 450ml;Boncha;180000;165840;0;;;thùng;SP000718;24;SP000718;;0
SP000721;8936048474539;Trà mật ong Boncha vị chanh chai 450ml;Boncha;9000;6905;0;;;chai;;1;;;0
SP000722;PVN1629;Trà mật ong Boncha vị chanh chai 450ml;Boncha;48000;41430;0;;;lóc;SP000721;6;SP000721;;0
SP000723;PVN1630;Trà mật ong Boncha vị chanh chai 450ml;Boncha;180000;165720;0;;;thùng;SP000721;24;SP000721;;0
SP000724;8936048474553;Trà mật ong Boncha vị tắc chai 450ml;Boncha;9000;7272;0;;;chai;;1;;;0
SP000725;PVN2611;Trà mật ong Boncha vị tắc chai 450ml;Boncha;48000;43632;0;;;lóc;SP000724;6;SP000724;;0
SP000726;PVN2612;Trà mật ong Boncha vị tắc chai 450ml;Boncha;180000;174528;0;;;thùng;SP000724;24;SP000724;;0
SP000727;8936048476885;Trà Boncha hương chanh nhật Yuzu chai 450ml;Boncha;9000;7014;0;;;chai;;1;;;0
SP000728;PVN9394;Trà Boncha hương chanh nhật Yuzu chai 450ml;Boncha;48000;42084;0;;;lóc;SP000727;6;SP000727;;0
SP000729;PVN9395;Trà Boncha hương chanh nhật Yuzu chai 450ml;Boncha;180000;168336;0;;;thùng;SP000727;24;SP000727;;0
SP000730;8936034877726;XX HEO CAO BỒI xốt Spaghetti;Ponnie;10000;8345;6;;;hũ;;1;;;0
SP000731;8936034877740;XX heo cao bồi xốt trứng muối 48g;Ponnie;10000;8345;5;;;hũ;;1;;;0
SP000732;8936034877764;Xúc xích Heo cao bồi xốt tôm sữa;Ponnie;10000;9000;6;;;hũ;;1;;;0
SP000733;8936034875128;Xúc xích lắc Heo Cao Bồi vị phô mai bắp bơ;Ponnie;10000;8500;6;;;hộp;;1;;;0
SP000734;8936034876422;Xúc xích heo cao bồi vị trứng muối;Ponnie;10000;8838;6;;;hộp;;1;;;0
SP000735;8936034877757;XX heo cao bồi lắc phô mai bắp bơ;Ponnie;10000;8345;6;;;hộp;;1;;;0
SP000736;8936034876439;Xúc xích heo cao bồi lắc thịt nướng phô mai hộp;Ponnie;10000;9000;6;;;hộp;;1;;;0
SP000737;8936034876590;Heo cao bồi chu du 3+1;Ponnie;10000;8800;6;;;hộp;;1;;;0
SP000738;8936034876583;Xúc xích Heo cao hồi lắc hương vị Sôcôla;Ponnie;10000;9000;6;;;hộp;;1;;;0
SP000739;8936034876774;Xúc xích Heo cao bồi cuốn cuộn rong biển bịch 48.5g;Ponnie;16000;12600;4;;;bịch;;1;;;0
SP000740;8936034876781;Xúc xích heo cao bồi cuốn bánh bịch 49.5g;Ponnie;16000;12624;4;;;bịch;;1;;;0
SP000741;8936034876606;Xúc xích Heo cao bồi lắc vị tôm yum;Ponnie;10000;9000;3;;;hộp;;1;;;0
SP000742;8936034877467;Xúc xích heo cao bồi cuốn rong biển xốt kem trứng Tomato 48.5g;Ponnie;16000;12600;3;;;bịch;;1;;;0
SP000743;8936034877207;Xúc xích heo cao bồi nhân phô mai vị bắp cây 32g;Ponnie;6000;4100;1;;;cây;;1;;;0
SP000744;8936034877351;Xx Heo cao bồi lắc vị kim chi Bulgogi;Ponnie;10000;9000;3;;;hộp;;1;;;0
SP000745;8936034877214;Xúc xích heo cao bồi nhân phô mai vị nguyên bản cây 32g;Ponnie;6000;4100;3;;;cây;;1;;;0
SP000746;8936034877085;Xx Heo Cao Bồi nhân phô mai vị bắp hộp;Ponnie;26000;22500;3;;;hộp;;1;;;0
SP000747;8936034878174;Xúc xích Heo cao bồi xì xèo xốt phô mai bắp bơ bịch 38g;Ponnie;10000;8000;3;;;bịch;;1;;;0
SP000748;8936034878228;Xúc xích Heo Cao Bồi xì xèo xốt me chua ngọt bịch 38g;Ponnie;10000;8000;3;;;bịch;;1;;;0
SP000749;8936034875258;Xúc xích PONNIE thịt heo bịch 35g;Ponnie;20000;16021;0;;;bịch;;1;;;0
SP000750;PVN5786;Xúc xích PONNIE thịt heo bịch 35g;Ponnie;375000;320420;0;;;thùng;SP000749;20;SP000749;;0
SP000751;8936034875838;Xúc xích Ponnie cây 70g;Ponnie;8000;7005;0;;;Cây;;1;;;0
SP000752;8936034875708;Xúc xích Ponnie cây 70g;Ponnie;30000;28020;0;;;bịch;SP000751;4;SP000751;;0
SP000753;PVN5777;Xúc xích Ponnie cây 70g;Ponnie;565000;560400;0;;;thùng;SP000751;80;SP000751;;0
SP000754;PVN5948;Xúc xích Ponnie cây 21gr;Ponnie;2000;1800;0;;;cây;;1;;;0
SP000755;8936034876330;Xúc xích Ponnie cây 21gr;Ponnie;10000;9000;0;;;bịch;SP000754;5;SP000754;;0
SP000756;8936034876965;hotdog PONNIE giòn ăn liền vị sườn nướng 28g;Ponnie;8000;6000;4;;;cây;;1;;;0
SP000757;8936034876491;Hot dog PONNIE vị cay tươi ngon gói 28g;Ponnie;8000;4740;4;;;cây;;1;;;0
SP000758;8936034876507;XX hotdog PONNIE giòn bắp 28g;Ponnie;8000;6000;3;;;cây;;1;;;0
SP000759;8936034875357;Xúc xích Ponnie nhân thịt phô mai cây 45g;Ponnie;10000;8000;4;;;cây;;1;;;0
CP2;6933018911683;Xúc xích heo CP 200g;CP;5000;3600;0;;;cây;;1;;;0
CP2L;8935058912277;Xúc xích heo CP 200g;CP;20000;18000;0;;;gói;CP2;5;CP2;;0
SP000762;PVN8023;Xúc xích heo CP 200g;CP;375000;360000;0;;;thùng;CP2;100;CP2;;0
CP1;;Xúc xích heo CP 100g;CP;2000;1825;73;;;cây;;1;;;0
SP000764;8935058913953;Xúc xích heo CP 100g;CP;10000;9125;15;;;gói;CP1;5;CP1;;0
V2;;Xúc xích heo dinh dưỡng Vissan 35g;Vissan;5000;3680;85;;;cây;;1;;;0
V2L;8934572183392;Xúc xích heo dinh dưỡng Vissan 35g;Vissan;20000;18400;17;;;gói;V2;5;V2;;0
SP000767;PVN6195;Xúc xích heo dinh dưỡng Vissan 35g;Vissan;365000;368000;1;;;thùng;V2;100;V2;;0
V3;8934572174185;Xúc xích heo Vissan 70g;Vissan;8000;7000;0;;;cây;;1;;;0
V3L;8934572174352;Xúc xích heo Vissan 70g;Vissan;30000;28000;0;;;gói;V3;4;V3;;0
V3T;PVN1206;Xúc xích heo Vissan 70g;Vissan;710000;700000;0;;;thùng;V3;100;V3;;0
V1;8934572174413;Xúc xích heo Vissan gói 90g;Vissan;10000;9000;8;;;gói;;1;;;0
V1T;PVN6644;Xúc xích heo Vissan gói 90g;Vissan;366000;90000;1;;;thùng;V1;10;V1;;0
SP000773;8934572020017;Bò 2 lát Vissan hộp 150g;Vissan;33000;29000;2;;;hộp;;1;;;0
SP000774;8934572070012;Pate gan heo vissan hộp 170g;Vissan;28000;22000;4;;;hộp;;1;;;0
SP000775;8934572006004;Heo 2 lát Vissan hộp 150g;Vissan;29000;25000;0;;;hộp;;1;;;0
SP000776;8934572022004;Bò hầm vissan hộp 150g;Vissan;40000;36000;2;;;hộp;;1;;;0
SP000777;8934572003003;Thịt heo hầm Vissan hộp 150g;Vissan;32000;27500;0;;;hộp;;1;;;0
SP000778;PVN7628;Sữa uống lên men Yakult chai 65ml;;6000;4660;0;;;chai;;1;;;0
SP000779;8938501434012;Sữa uống lên men Yakult chai 65ml;;25000;23300;0;;;lóc;SP000778;5;SP000778;;0
SP000780;8936134361040;Nước tương Nam Dương đậm đặc 500ml;Cái Lân;17000;14500;12;;;chai;;1;;;0
SP000781;PVN7864;Nước tương Nam Dương đậm đặc 500ml;Cái Lân;358000;348000;1;;;thùng;SP000780;24;SP000780;;0
SP000782;8936134362184;Tương ớt Nam Dương chai 800g;Cái Lân;16000;12000;0;;;chai;;1;;;0
SP000783;PVN6938;Tương ớt Nam Dương chai 800g;Cái Lân;155000;144000;0;;;thùng;SP000782;12;SP000782;;0
SP000784;8936134361477;Nước tương Hàng Việt thanh vị chai 500ml;Cái Lân;6000;5028;11;;;chai;;1;;;0
SP000785;PVN8414;Nước tương Hàng Việt thanh vị chai 500ml;Cái Lân;124000;120672;0;;;thùng;SP000784;24;SP000784;;0
SP000786;8934637514741;Nước mắm hương việt chai 500ml;Cholimex;30000;25883;12;;;chai;;1;;;0
SP000787;PVN5462;Nước mắm hương việt chai 500ml;Cholimex;680000;621192;1;;;thùng;SP000786;24;SP000786;;0
SP000788;8934637515311;Nước mắm Hương Việt chai 750ml;Cholimex;42000;37440;6;;;chai;;1;;;0
SP000789;PVN5461;Nước mắm Hương Việt chai 750ml;Cholimex;472000;449280;1;;;thùng;SP000788;12;SP000788;;0
SP000790;8934637514307;Nước tương đậu nành Hương Việt chai 500g;Cholimex;7000;5873;23;;;chai;;1;;;0
SP000791;PVN1909;Nước tương đậu nành Hương Việt chai 500g;Cholimex;39000;35238;4;;;lóc;SP000790;6;SP000790;;0
SP000792;PVN5459;Nước tương đậu nành Hương Việt chai 500g;Cholimex;149000;140952;1;;;thùng;SP000790;24;SP000790;;0
SP000793;8934637514437;Nước tương đậu nành Hương Việt hảo vị chai 500ml;Cholimex;20000;17000;12;;;chai;;1;;;0
SP000794;PVN5460;Nước tương đậu nành Hương Việt hảo vị chai 500ml;Cholimex;428000;408000;1;;;thùng;SP000793;24;SP000793;;0
KD18;;Sữa Kun vị dâu hộp 180ml;Kun;8000;5818;135;;;hộp;;1;;;0
KD18L;8936025771279;Sữa Kun vị dâu hộp 180ml;Kun;27000;23272;34;;;lóc;KD18;4;KD18;;0
KD18T;PVN914;Sữa Kun vị dâu hộp 180ml;Kun;308000;279264;3;;;thùng;KD18;48;KD18;;0
KS18;;Sữa Kun vị Socola hộp 180ml;Kun;8000;6459;156;;;hộp;;1;;;0
KS18L;8936025771200;Sữa Kun vị Socola hộp 180ml;Kun;28000;25836;39;;;lóc;KS18;4;KS18;;0
KS18T;KS18T;Sữa Kun vị Socola hộp 180ml;Kun;312000;310032;3;;;thùng;KS18;48;KS18;;0
KN18;;Sữa Kun vị nho hộp 180ml;Kun;8000;5768;73;;;hộp;;1;;;0
KN18L;8936025773181;Sữa Kun vị nho hộp 180ml;Kun;26000;23072;18;;;lóc;KN18;4;KN18;;0
KN18T;PVN913;Sữa Kun vị nho hộp 180ml;Kun;284000;276864;2;;;thùng;KN18;48;KN18;;0
KD1;;Sữa Kun vị dâu hộp 110ml;Kun;5000;3694;240;;;hộp;;1;;;0
KD1L;8936025771262;Sữa Kun vị dâu hộp 110ml;Kun;18000;14776;60;;;lóc;KD1;4;KD1;;0
KD1T;PVN960;Sữa Kun vị dâu hộp 110ml;Kun;188000;177312;5;;;thùng;KD1;48;KD1;;0
ST1;8936025772139;Sữa kun socola túi 110ml;Kun;5000;4125;70;;;túi;;1;;;0
ST1L;ST1L;Sữa kun socola túi 110ml;Kun;46000;41250;7;;;lóc;ST1;10;ST1;;0
ST1T;ST1T;Sữa kun socola túi 110ml;Kun;108000;99000;3;;;thùng;ST1;24;ST1;;0
CT1;8936025772122;Sữa kun vị cam túi 110ml;Kun;5000;4125;170;;;túi;;1;;;0
CT1L;CT1L;Sữa kun vị cam túi 110ml;Kun;46000;41250;17;;;chục;CT1;10;CT1;;0
CT1T;CT1T;Sữa kun vị cam túi 110ml;Kun;108000;99000;7;;;thùng;CT1;24;CT1;;0
KN1;;Sữa kun vị nho hộp 110ml;Kun;5000;3700;39;;;hộp;;1;;;0
KN1L;8936025773068;Sữa kun vị nho hộp 110ml;Kun;18000;14800;10;;;lóc;KN1;4;KN1;;0
KN1T;KN1T;Sữa kun vị nho hộp 110ml;Kun;184000;177600;1;;;thùng;KN1;48;KN1;;0
DT1;8936025772115;Sữa kun hương dâu túi 110ml;Kun;5000;4180;161;;;bịch;;1;;;0
DT1L;DT1L;Sữa kun hương dâu túi 110ml;Kun;46000;41800;16;;;chục;DT1;10;DT1;;0
DT1T;DT1T;Sữa kun hương dâu túi 110ml;Kun;108000;100320;7;;;thùng;DT1;24;DT1;;0
KS1;;Sữa Kun vị Socola hộp 110ml;Kun;6000;4332;175;;;hộp;;1;;;0
KS1L;8936025771118;Sữa Kun vị Socola hộp 110ml;Kun;19000;17328;44;;;lóc;KS1;4;KS1;;0
KS1T;KS1T;Sữa Kun vị Socola hộp 110ml;Kun;200000;207936;4;;;thùng;KS1;48;KS1;;0
NT1;8936025773013;Sữa kun vị nho túi 110ml;Kun;5000;4167;153;;;túi;;1;;;0
NT1T;NT1T;Sữa kun vị nho túi 110ml;Kun;108000;100008;6;;;thùng;NT1;24;NT1;;0
NT1L;NT1L;Sữa kun vị nho túi 110ml;Kun;46000;41670;15;;;chục;NT1;10;NT1;;0
KB18;;Sữa Kun bắp non hộp 180ml;Kun;9000;5880;8;;;hộp;;1;;;0
KB18L;8936025772771;Sữa Kun bắp non hộp 180ml;Kun;29000;23520;2;;;lóc;KB18;4;KB18;;0
KB18T;PVN1636;Sữa Kun bắp non hộp 180ml;Kun;164000;141120;0;;;thùng;KB18;24;KB18;;0
KC18;PVN2334;Sữa Kun vị cam hộp 180ml;Kun;8000;6156;50;;;hộp;;1;;;0
KC18L;8936025771217;Sữa Kun vị cam hộp 180ml;Kun;27000;24624;13;;;lóc;KC18;4;KC18;;0
KC18T;PVN2336;Sữa Kun vị cam hộp 180ml;Kun;308000;295488;1;;;thùng;KC18;48;KC18;;0
OT1;8936025773655;Kun vị ổi túi 110ml;Kun;5000;4125;157;;;túi;;1;;;0
OT1L;PVN2481;Kun vị ổi túi 110ml;Kun;46000;41250;16;;;lóc;ot1;10;ot1;;0
OT1T;PVN2482;Kun vị ổi túi 110ml;Kun;108000;99000;7;;;thùng;ot1;24;ot1;;0
KC1;KC1;Sữa Kun vị cam hộp 110ml;Kun;5000;3876;52;;;hộp;;1;;;0
KC1L;8936025771132;Sữa Kun vị cam hộp 110ml;Kun;18000;15504;13;;;lóc;KC1;4;KC1;;0
KC1T;PVN2703;Sữa Kun vị cam hộp 110ml;Kun;189000;186048;1;;;thùng;KC1;48;KC1;;0
KCD1;PVN5395;Sữa Kun có đường hộp 110ml;Kun;6000;4625;18;;;hộp;;1;;;0
KCD1L;8936025774324;Sữa Kun có đường hộp 110ml;Kun;20000;18500;5;;;lóc;KCD1;4;KCD1;;0
KCD1T;PVN5397;Sữa Kun có đường hộp 110ml;Kun;228000;222000;0;;;thùng;KCD1;48;KCD1;;0
KND1;PVN6296;Sữa Kun vị trái cây nhiệt đới hộp 110ml;Kun;5000;3657;9;;;hộp;;1;;;0
KND1L;8936025771743;Sữa Kun vị trái cây nhiệt đới hộp 110ml;Kun;17000;14628;2;;;lóc;KND1;4;KND1;;0
KND1T;PVN6298;Sữa Kun vị trái cây nhiệt đới hộp 110ml;Kun;184000;175536;0;;;thùng;KND1;48;KND1;;0
KND18;PVN6299;Sữa Kun vị trái cây nhiệt đới hộp 180ml;Kun;8000;6000;108;;;hộp;;1;;;0
KND18L;8936025772993;Sữa Kun vị trái cây nhiệt đới hộp 180ml;Kun;26000;24000;27;;;lóc;KND18;4;KND18;;0
KND18T;PVN6301;Sữa Kun vị trái cây nhiệt đới hộp 180ml;Kun;294000;288000;2;;;thùng;KND18;48;KND18;;0
KDK18;PVN7147;Sữa Kun 100% sữa tươi cao lớn đề kháng 180ml;Kun;9000;7084;92;;;hộp;;1;;;0
KDK18L;8936025774331;Sữa Kun 100% sữa tươi cao lớn đề kháng 180ml;Kun;30000;28336;23;;;lóc;KDK18;4;KDK18;;0
KDK18T;PVN7149;Sữa Kun 100% sữa tươi cao lớn đề kháng 180ml;Kun;346000;340032;2;;;thùng;KDK18;48;KDK18;;0
KCT18;PVN7890;Sữa Kun vị cam có thạch hộp 170ml;Kun;9000;7124;20;;;hộp;;1;;;0
KCT18L;8936025774836;Sữa Kun vị cam có thạch hộp 170ml;Kun;30000;28496;5;;;lóc;KCT18;4;KCT18;;0
KCT18T;PVN7892;Sữa Kun vị cam có thạch hộp 170ml;Kun;338000;341952;0;;;thùng;KCT18;48;KCT18;;0
KST18;PVN7894;Sữa Kun hương Sôcôla lúa mạch có thạch hộp 170ml;Kun;9000;7021;147;;;hộp;;1;;;0
KST18L;8936025774812;Sữa Kun hương Sôcôla lúa mạch có thạch hộp 170ml;Kun;30000;28084;37;;;lóc;KST18;4;KST18;;0
KST18T;PVN7896;Sữa Kun hương Sôcôla lúa mạch có thạch hộp 170ml;Kun;338000;337008;3;;;thùng;KST18;48;KST18;;0
KDT17;KDT17;Sữa Kun hương dâu có thạch hộp 170ml;Kun;9000;6800;60;;;hộp;;1;;;0
KDT17L;8936025774843;Sữa Kun hương dâu có thạch hộp 170ml;Kun;30000;27200;15;;;lóc;KDT17;4;KDT17;;0
KDT17T;PVN8240;Sữa Kun hương dâu có thạch hộp 170ml;Kun;338000;326400;1;;;thùng;KDT17;48;KDT17;;0
SP000858;8936025775468;Kun Xúc xích mì dinh dưỡng Lúk Lắk vị phô mai hoàng kim;Kun;16000;13125;14;;;Trứng;;1;;;0
SP000859;8936025775482;Kun xúc xích mì trứng lúk lắk vị sốt cà chua;Kun;16000;12917;17;;;trứng;;1;;;0
SP000860;8934588792113;Trà Ô long đào nhiệt đới lon 320ml;pepsi;8000;148459;2;;;Lon;;1;;;0
SP000861;;Trà Ô long đào nhiệt đới lon 320ml - lóc;pepsi;46000;890754;0;;;Lóc;SP000860;6;SP000860;;36000
SP000862;;Trà Ô long đào nhiệt đới lon 320ml;pepsi;168000;3563016;0;;;Thùng;SP000860;24;SP000860;;138000
SP000863;8934588193552;Nước cam ép Twister chai 450ml;pepsi;9500;7424;45;;;chai;;1;;;0
SP000864;;Nước cam ép Twister chai 450ml;pepsi;54000;44546;8;;;Lóc;SP000863;6;SP000863;;52000
SP000865;;Nước cam ép Twister chai 450ml;pepsi;204000;178182;2;;;thùng;SP000863;24;SP000863;;200000
SP000866;;Nước ép cam Twister chai 1L;pepsi;18000;14091;23;;;Chai;;1;;;17000
SP000867;;Nước ép cam Twister chai 1L;pepsi;194000;169091;2;;;thùng;SP000866;12;SP000866;;190000
SP000868;8935112200005;Nước tăng lực RedBull lon 250ml (VN);Warrior;10000;8868;108;;;lon;;1;;;0
SP000869;PVN649;Nước tăng lực RedBull lon 250ml (VN);Warrior;58000;53208;18;;;lóc;SP000868;6;SP000868;;0
SP000870;18935112200002;Nước tăng lực RedBull lon 250ml (VN);Warrior;220000;212832;5;;;thùng;SP000868;24;SP000868;;0
SP000871;8850228007617;Redbull bổ sung vitamin và kẽm lon 250ml;Warrior;11000;9340;87;;;lon;;1;;;0
SP000872;PVN7129;Redbull bổ sung vitamin và kẽm lon 250ml;Warrior;64000;56040;15;;;lóc;SP000871;6;SP000871;;0
SP000873;PVN7130;Redbull bổ sung vitamin và kẽm lon 250ml;Warrior;232000;224160;4;;;thùng;SP000871;24;SP000871;;0
SP000874;8850228003046;Redbull đen Zinc + Vitamin B12 chai 145ml;Warrior;10000;7940;24;;;chai;;1;;;0
SP000875;PVN9316;Redbull đen Zinc + Vitamin B12 chai 145ml;Warrior;88000;47640;4;;;lóc;SP000874;6;SP000874;;0
SP000876;PVN9317;Redbull đen Zinc + Vitamin B12 chai 145ml;Warrior;415000;190560;1;;;thùng;SP000874;24;SP000874;;0
SP000877;8850228003022;Redbull đỏ Vitamin A+B12+C chai 145ml;Warrior;10000;7940;22;;;chai;;1;;;0
SP000878;PVN9319;Redbull đỏ Vitamin A+B12+C chai 145ml;Warrior;88000;47640;4;;;lóc;SP000877;6;SP000877;;0
SP000879;PVN9320;Redbull đỏ Vitamin A+B12+C chai 145ml;Warrior;415000;190560;1;;;thùng;SP000877;24;SP000877;;0
SP000880;8850228000106;Redbull xanh dương Vitamin B12 chai 150ml;Warrior;10000;7940;49;;;chai;;1;;;0
SP000881;PVN9322;Redbull xanh dương Vitamin B12 chai 150ml;Warrior;88000;47640;8;;;lóc;SP000880;6;SP000880;;0
SP000882;PVN9323;Redbull xanh dương Vitamin B12 chai 150ml;Warrior;415000;190560;2;;;thùng;SP000880;24;SP000880;;0
SP000883;8936193070051;Dr Thanh chai 330ml;Number one;10000;7959;90;;;chai;;1;;;0
SP000884;PVN735;Dr Thanh chai 330ml;Number one;52000;47754;15;;;lóc;SP000883;6;SP000883;;0
SP000885;PVN736;Dr Thanh chai 330ml;Number one;204000;191016;4;;;thùng;SP000883;24;SP000883;;0
SP000886;8936193070044;Dr thanh chai 455ml;Number one;11000;9375;65;;;chai;;1;;;0
SP000887;PVN1949;Dr thanh chai 455ml;Number one;230000;225000;3;;;thùng;SP000886;24;SP000886;;0
SP000888;PVN2188;Dr thanh chai 455ml;Number one;60000;56250;11;;;lóc;SP000886;6;SP000886;;0
KD4;8936193070013;Trà xanh không độ chai 455ml;Number one;9000;7500;12;;;chai;;1;;;0
KD4L;KD4L;Trà xanh không độ chai 455ml;Number one;48000;45000;2;;;lóc;KD4;6;KD4;;0
KD4T;KD4T;Trà xanh không độ chai 455ml;Number one;186000;180000;1;;;thùng;KD4;24;KD4;;0
SP000892;8936193070075;NTL Number 1 chai 330ml;Number one;9000;7959;189;;;chai;;1;;;0
SP000893;PVN918;NTL Number 1 chai 330ml;Number one;52000;47754;32;;;lóc;SP000892;6;SP000892;;0
SP000894;PVN2228;NTL Number 1 chai 330ml;Number one;196000;191016;8;;;thùng;SP000892;24;SP000892;;0
SP000895;8936006170244;Nước tinh khiết Number 1 500ml;Number one;5000;1250;0;;;chai;;1;;;0
SP000896;PVN2227;Nước tinh khiết Number 1 500ml;Number one;40000;30000;0;;;thùng;SP000895;24;SP000895;;0
SP000897;PVN5038;Nước tinh khiết Number 1 500ml;Number one;20000;15000;0;;;lóc 12;SP000895;12;SP000895;;0
SP000898;8936193070105;NTL Number one hương dâu chai 365ml;Number one;9000;7834;46;;;chai;;1;;;0
SP000899;PVN2204;NTL Number one hương dâu chai 365ml;Number one;52000;47004;8;;;lóc;SP000898;6;SP000898;;0
SP000900;PVN2205;NTL Number one hương dâu chai 365ml;Number one;196000;188016;2;;;thùng;SP000898;24;SP000898;;0
SP000901;8936193070082;NTL Number 1 hương Chanh chai 330ml;Number one;9000;7834;233;;;chai;;1;;;0
SP000902;PVN2551;NTL Number 1 hương Chanh chai 330ml;Number one;52000;47004;39;;;lóc;SP000901;6;SP000901;;0
SP000903;PVN2552;NTL Number 1 hương Chanh chai 330ml;Number one;196000;188016;10;;;thùng;SP000901;24;SP000901;;0
SP000904;8936193070310;Sữa đậu nành Number 1 Soya canxi 268ml;Number one;8000;6125;38;;;chai;;1;;;0
SP000905;PVN5117;Sữa đậu nành Number 1 Soya canxi 268ml;Number one;42000;36750;6;;;lóc;SP000904;6;SP000904;;0
SP000906;PVN5118;Sữa đậu nành Number 1 Soya canxi 268ml;Number one;155000;147000;2;;;thùng;SP000904;24;SP000904;;0
SP000907;8934868162353;Tẩy Vim xanh chai 880ml;Vim;34000;29070;18;;;chai;;1;;;0
SP000908;8934868141532;Tẩy Vim xanh chai 500ml;Vim;24000;18851;22;;;chai;;1;;;0
SP000909;8934868134305;Vim vệ sinh Zero xanh chai 750ml;Vim;35000;28122;0;;;chai;;1;;;0
SP000910;8934868161455;Vim trắng hương chanh sả dịu mát chai 870ml;Vim;36000;29493;1;;;chai;;1;;;0
SP000911;8934868161448;Vim trắng sáng hương hoa oải hương chai 870ml;Vim;36000;29493;0;;;hộp;;1;;;0
SP000912;8934868187271;VIM viên treo bồn cầu hương trà xanh & chanh hộp 50g;Vim;28000;21300;2;;;hộp;;1;;;0
SP000913;8934868187295;VIM viên treo bồn cầu hương chanh hộp 90g;;28000;21300;3;;;hộp;;1;;;0
SP000914;8934868187318;VIM viên treo bồn cầu hương lavender 50g;Vim;28000;21300;1;;;hộp;;1;;;0
SP000915;6902088979091;Vim thả bồn cầu hương bạc hà vỉ (4 viên);Vim;48000;42033;3;;;vĩ;;1;;;0
SP000916;8934868196587;Vim bọt tuyết đa năng chai 500ml;Vim;39000;34663;3;;;chai;;1;;;0
SP000917;8934839126018;KDR Closeup tinh thể băng tuyết thơm mát 3 cực hộp 180g;Closeup;38000;34615;0;;;hộp;;1;;;0
SP000918;8934839125967;KDR Closeup Bạc hà thơm mát hộp 180g;Closeup;38000;34615;0;;;hộp;;1;;;0
SP000919;8934839126001;KDR Closeup tinh thể băng tuyết thơm mát bất tận 230g;Closeup;42000;39186;22;;;cây;;1;;;0
SP000920;8934839125950;KDR Closeup bạc hà thơm mát hộp 230g;Closeup;42000;39186;19;;;hộp;;1;;;0
SP000921;8934839128050;KDR P/S bảo vệ 123 than hoạt tính hộp 180g;PS;36000;31755;20;;;hộp;;1;;;0
SP000922;8934839127732;KDR P/S bảo vệ 123 hộp 180g;PS;34000;27843;18;;;hộp;;1;;;0
SP000923;8934839129019;KDR P/S bé ngoan hương dâu hộp 35g;PS;10000;6200;15;;;hộp;;1;;;0
SP000924;8934839123710;BCDR P/S siêu mềm cho bé 2-6 tuổi;PS;18000;13131;15;;;cây;;1;;;0
SP000925;8934839123727;BCDR P/S siêu mềm cho bé 7-11 tuổi;PS;18000;13092;18;;;cây;;1;;;0
SP000926;8934839125493;BCDR P/S trẻ em 7-11 tuổi;PS;28000;23305;4;;;cây;;1;;;0
SP000927;8934839125486;BCDR P/S trẻ em từ 2-6t siêu mềm cây;PS;28000;23249;2;;;cây;;1;;;0
SP000928;8934839128098;KDR P/S trà xanh 180g;PS;36000;31869;0;;;tuýp;;1;;;0
SP000929;8934839127947;Bộ bàn chải P/S lông tơ mềm mại;PS;38000;32870;0;;;bộ;;1;;;0
SP000930;8934839135010;BCDR P/S lông tơ siêu mềm mại cây;PS;20000;14701;23;;;cây;;1;;;0
SP000931;8934839128074;KDR P/S muối hồng hoa cúc hộp 180g;PS;36000;31755;12;;;cây;;1;;;0
SP000932;8934839127978;BCDR P/S than bạc siêu mềm kháng khuẩn;PS;32000;27622;11;;;cây;;1;;;0
SP000933;8934839128463;BCDR P/S muối tre chăm sóc nướu;PS;30000;23671;0;;;cây;;1;;;0
SP000934;8934839128470;BCDR P/S muối hồng trắng răng tự nhiên;PS;30000;23671;0;;;cây;;1;;;0
SP000935;8934839131715;KDR P/S ngừa sâu răng vượt trội hộp 180g;PS;28000;23790;18;;;hộp;;1;;;0
SP000936;8934839131739;KDR P/S ngừa sâu răng vượt trội hộp 100g;PS;18000;14421;20;;;hộp;;1;;;0
SP000937;8934839127749;KĐR P/S Bảo vệ 123 hộp 230g;PS;38000;32761;16;;;hộp;;1;;;0
SP000938;8934839131722;KĐR P/S ngừa sâu răng vượt trội hộp 230g;PS;32000;28003;18;;;hộp;;1;;;0
SP000939;8934839128104;KĐR P/S trà xanh hộp 230g;PS;40000;35229;8;;;hộp;;1;;;0
SP000940;8934839128067;KĐR P/S Than hoạt tính hộp 230g;PS;40000;35811;16;;;hộp;;1;;;0
SP000941;8934839134020;BCDR P/S Bảo vệ 123 mềm mại cây;PS;11000;8308;0;;;cây;;1;;;0
SP000942;8934839135027;BCDR P/S Than bạc siêu mềm kháng khuẩn;PS;35000;28454;0;;;cây;;1;;;0
SP000943;8934839135003;BCDR P/S Lông tơ sạch hiệu quả cây;PS;20000;14765;0;;;cây;;1;;;0
SP000944;8934839135126;KĐR P/S bé ngoan hương dâu hộp 90g;PS;25000;14880;9;;;hộp;;1;;;0
SP000945;8934839135164;KĐR P/S Chuyên gia chăm sóc nướu thơm mát hộp 100g;PS;65000;58683;0;;;cây;;1;;;0
SP000946;8934839135171;KĐR P/S Chuyên gia chăm sóc nướu trắng răng hộp 100g;PS;65000;58937;7;;;cây;;1;;;0
SP000947;8934868199434;KĐT P/S baking soda hương thảo hộp 180g;PS;40000;31618;3;;;hộp;;1;;;0
SP000948;8934868199441;KĐR P/S than hoạt tính hộp 180g;PS;37000;31618;18;;;hộp;;1;;;0
SP000949;8934868199465;KĐR P/S muối hồng hoa cúc hộp 180g;PS;40000;31618;3;;;hộp;;1;;;0
SP000950;8934868199359;KĐR P/S trà xanh hộp 180g;PS;36000;31965;10;;;hộp;;1;;;0
SP000951;8934868155690;DG Dove phục hồi hư tổn chai 170g;Dove;49000;32473;0;;;chai;;1;;;0
SP000952;8934868188636;ST Dove hồng hương hoa muối hồng dây;Dove;14000;10954;12;;;dây;;1;;;0
SP000953;8934868191476;ST Dove xanh lá đào bơ hoa cúc dây;Dove;14000;10954;20;;;dây;;1;;;0
SP000954;8934868188667;ST Dove xanh tái tạo độ ẩm xanh dây;Dove;14000;10954;27;;;dây;;1;;;0
SP000955;8934868188674;ST Dove xanh tái tạo độ ẩm chai 500g;Dove;120000;111362;1;;;chai;;1;;;0
SP000956;8934868188643;ST Dove hồng hương hoa muối hồng chai 500g;Dove;120000;111362;1;;;chai;;1;;;0
SP000957;8934868192169;DG Dove Ceramide phục hồi tóc hư tổn dây;Dove;14000;11197;0;;;dây;;1;;;0
SP000958;8934868192206;KX Dove Biotin ngăn rụng tóc dây;Dove;14000;11618;0;;;dây;;1;;;0
SP000959;8934868192275;KX Dove Ceramide phục hồi hư tổn dây;Dove;14000;11618;0;;;dây;;1;;;0
SP000960;8934868192114;DG Dove biotin ngăn gãy rụn tóc dây;Dove;14000;11618;15;;;dây;;1;;;0
SP000961;8934868196389;DG Dove phục hồi hư tổn dây (10+2);Dove;14000;11595;0;;;dây;;1;;;0
SP000962;8934868196402;KX Dove Ceramide phục hồi hư tổn dây (10+2);Dove;14000;11618;14;;;dây;;1;;;0
SP000963;8934868188681;ST Dove xanh tạo độ ẩm chai 900g;Dove;192000;180341;0;;;chai;;1;;;0
SP000964;8934868192152;DG Dove ceramide phục hồi hư tổn chai 640g;Dove;142000;133599;0;;;chai;;1;;;0
SP000965;8934868180500;DG Dove phục hồi tóc hư tổn chai 320g;Dove;86000;73694;3;;;chai;;1;;;0
SP000966;8934868188612;ST Dove xanh lá đào bơ hoa cúc chai 500g;Dove;120000;111362;0;;;chai;;1;;;0
SP000967;8934868164166;DG Lifebuoy xanh tóc dày óng ả chai 320g;Lifebuoy;52000;49470;0;;;chai;;1;;;0
SP000968;8934868145233;XBC Lifebuoy đỏ bảo vệ vượt trội cục 90g;Lifebuoy;13000;11392;9;;;cục;;1;;;0
SP000969;8934868145219;XBC Lifebuoy xanh chăm sóc da cục 90g;Lifebuoy;13000;11329;8;;;cục;;1;;;0
SP000970;8934868145257;XBC Lifebuoy đỏ bảo vệ vượt trội hộp 125g;Lifebuoy;15000;13229;15;;;hộp;;1;;;0
SP000971;8934868154532;ST Lifebuoy đỏ bảo vệ vượt trội chai 1.1kg;Lifebuoy;152000;139112;1;;;chai;;1;;;0
SP000972;8934868164173;DG Lifebuoy xanh dưỡng tóc óng ả chai 640g;Lifebuoy;92000;82538;0;;;chai;;1;;;0
SP000973;8934868153245;DG Lifebuoy đỏ mềm mượt & kháng khuẩn dây;Lifebuoy;10000;6454;17;;;dây;;1;;;0
SP000974;8934868164180;DG Lifebuoy xanh dưỡng tóc óng ả dây;Lifebuoy;10000;6454;15;;;dây;;1;;;0
SP000975;8934868167013;NRT Lifebuoy đỏ bảo vệ vượt trội túi 400g;Lifebuoy;53000;48272;5;;;túi;;1;;;0
SP000976;8934868153238;DG Lifebuoy đỏ mềm mượt kháng khuẩn chai 640g;Lifebuoy;92000;82538;4;;;chai;;1;;;0
SP000977;8934868164159;DG Lifebuoy xanh tóc dày óng ảnh chai 170g;Lifebuoy;32000;28921;1;;;chai;;1;;;0
SP000978;8934868166344;NRT Lifebuoy đỏ bảo vệ vượt trội 450g;Lifebouy;68000;62329;0;;;chai;;1;;;0
SP000979;8934868166337;NRT Lifebuoy xanh chăm sóc da chai 450g;Lifebuoy;68000;62668;2;;;chai;;1;;;0
SP000980;8934868167150;ST Lifebuoy đỏ bảo vệ vượt trội túi 800g;Lifebuoy;120000;110479;2;;;túi;;1;;;0
SP000981;8934868167143;ST Lifebuoy xanh chăm sóc da túi 800g;Lifebuoy;120000;110479;1;;;túi;;1;;;0
SP000982;8934868173106;ST Lifebuoy đỏ bảo vệ vượt trội chai 850g (KM);Lifebouy;145000;136431;0;;;chai;;1;;;0
SP000983;8934868166320;NRT Lifebuoy vàng hương chanh khử mùi chai 450g;Lifebuoy;68000;62668;2;;;chai;;1;;;0
SP000984;8934868167068;ST Lifebuoy xanh dưỡng ẩm chai 1kg;Lifebouy;154000;144233;0;;;chai;;1;;;0
SP000985;8934868154594;ST Lifebuoy xanh chăm sóc da chai 1.1kg;Lifebuoy;152000;139112;1;;;chai;;1;;;0
SP000986;8934868171010;NRT Lifebuoy xanh dưỡng ẩm xanh túi 400g;Lifebuoy;53000;47653;0;;;túi;;1;;;0
SP000987;8934868171034;NRT Lifebuoy đỏ bảo vệ vượt trội đỏ túi 1kg;Lifebuoy;118000;109241;2;;;túi;;1;;;0
SP000988;8934868183617;XBC Lifebuoy xanh dưỡng ẩm cục cục 125g;Lifebuoy;15000;13546;11;;;cục;;1;;;0
SP000989;8934868177784;ST Lifebuoy xanh chăm sóc da chai 800g;Lifebuoy;134000;121757;0;;;chai;;1;;;0
SP000990;8934868177760;ST Lifebuoy đỏ bảo vệ da vượt trội chai 800g;Lifebuoy;132000;121980;1;;;chai;;1;;;0
SP000991;8934868182429;ST Lifebuoy đỏ bảo vệ vượt trội chai 350g;Lifebuoy;58000;49051;1;;;chai;;1;;;0
SP000992;8934868182436;ST Lifebuoy xanh chăm sóc da chai 350g;Lifebuoy;58000;49051;4;;;chai;;1;;;0
SP000993;8934868175223;ST Lifebuoy thảo dược & hoa sen chai 800g;Lifebuoy;158000;148000;0;;;chai;;1;;;0
SP000994;8934868170990;NRT Lifebuoy xanh dưỡng ẩm túi 1kg;Lifebuoy;125000;90214;0;;;túi;;1;;;0
SP000995;8934868185192;XBC Lifebuoy Matcha và khô qua cục 125g;Lifebuoy;16000;13546;9;;;cục;;1;;;0
SP000996;8934868167112;ST Lifebuoy khổ qua trà xanh chai 800g;Lifebuoy;158000;147714;2;;;chai;;1;;;0
SP000997;8934868155324;NRT Lifebuoy đỏ chăm sóc da chai 180g;Lifebuoy;32000;27485;3;;;chai;;1;;;0
SP000998;8934868198840;NRT Lifebuoy đỏ bảo vệ vượt trội chai 499ml;Lifebuoy;70000;62668;1;;;chai;;1;;;0
SP000999;8934868198826;NRT Lifebuoy xanh dưỡng ẩm chai 499ml;Lifebuoy;70000;62668;3;;;chai;;1;;;0
SP001000;8934868199755;ST Lifebuoy đỏ bảo vệ vượt trội chai 899g;Lifebuoy;138000;124736;0;;;chai;;1;;;0
SP001001;8934868199748;ST Lifebuoy xanh chăm sóc da chai 899g;Lifebuoy;138000;124736;0;;;chai;;1;;;0
SP001002;8934868166559;SRM Hazeline yến mạch dâu tằm tuýp 100g;Hazeline;45000;39774;5;;;tuýp;;1;;;0
SP001003;8934868166580;SRM Hazeline nghệ hoa cúc tuýp 50g;Hazeline;28000;20956;0;;;tuýp;;1;;;0
SP001004;8934868166566;SRM Hazeline yến mạch dâu tằm tuýp 50g;Hazeline;28000;20956;5;;;tuýp;;1;;;0
SP001005;8934868166573;SRM Hazeline nghệ hoa cúc tuýp 100g;Hazeline;45000;37966;5;;;túyp;;1;;;0
SP001006;8934868185727;SRM Hazeline tràm trà Cica tuýp 100g (KM);Hazeline;45000;39774;0;;;tuýp;;1;;;0
SP001007;8934868183198;SRM Hazeline tràm trà Cica tuýp 50g;Hazeline;28000;20956;0;;;tuýp;;1;;;0
SP001008;8934868183181;SRM Hazeline tràm trà Cica tuýp 100g;Hazeline;45000;39774;0;;;tuýp;;1;;;0
SP001009;8934868193784;ST Hazeline yến mạch dâu tằm dây;Hazeline;5000;3427;30;;;dây;;1;;;0
SP001010;8934868193845;ST Hazeline sữa ong chúa hoa ly dây;Hazeline;5000;3521;17;;;dây;;1;;;0
SP001011;8934868193814;ST Hazeline yến mạch dâu tằm chai 1kg;Hazeline;90000;82544;2;;;chai;;1;;;0
SP001012;8934868193852;ST Hazeline sữa ong chúa hoa ly chai 1kg;Hazeline;90000;82544;1;;;chai;;1;;;0
SP001013;8934868193821;ST Hazeline sữa gạo hoa bưởi chai 800g;Hazeline;90000;84189;4;;;chai;;1;;;0
SP001014;8934868193739;ST Hazeline matcha lựu đỏ chai 1kg;Hazeline;90000;84189;0;;;chai;;1;;;0
SP001015;8934868194224;ST Hazeline sữa gạo hoa nhài chai 800g;Hazeline;90000;82544;7;;;chai;;1;;;0
SP001016;8934868191612;ST Hazeline sữa gạo hoa bưởi chai 350g;Hazeline;40000;33242;0;;;chai;;1;;;0
SP001017;8934868199595;ST Hazeline matcha lựu đỏ chai 1kg;Hazeline;95000;84685;0;;;chai;;1;;;0
SP001018;8934868199588;ST Hazeline yến mạch dâu tằm chai 1kg;Hazeline;95000;84685;0;;;chai;;1;;;0
SP001019;8934868199571;ST Hazeline sữa gạo hoa bưởi chai 800g;Hazeline;95000;84685;2;;;chai;;1;;;0
SP001020;8934868152583;DG Clear bạc hà mát lạnh chai 630g;Clear;154000;146384;3;;;chai;;1;;;0
SP001021;8934868168584;DG Clear men bạc hà 5g dây;Clear;12000;9663;36;;;dây;;1;;;0
SP001022;8934868168614;Dầu gội Clear Men mát lạnh bạc hà chai 650g;Clear;158000;151638;3;;;chai;;1;;;0
SP001023;8934868152569;DG Clear bạc hà mát lạnh chai 170g;Clear;64000;55183;1;;;chai;;1;;;0
SP001024;8934868170259;DG Clear Hoà anh đào dây;Clear;14000;11595;0;;;dây;;1;;;0
SP001025;8934868152576;DG Clear bạc hà mát lạnh chai 1.4kg;Clear;282000;267033;0;;;chai;;1;;;0
SP001026;8934868165569;DG Clear sạch gàu ngứa 48h chai 630g;Clear;145000;143135;2;;;chai;;1;;;0
SP001027;8934868170242;DG Clear bạc hà dây;Clear;14000;11338;0;;;dây;;1;;;0
SP001028;8934868153818;DG Clear hoa anh đào băng lạnh chai 630g;Clear;154000;146996;0;;;chai;;1;;;0
SP001029;8934868168591;DG Clear Men bạc hà mát lạnh chai 340g;Clear;106000;97221;1;;;chai;;1;;;0
SP001030;8934868166696;DG Clear Men hương phong lữ & gỗ đàn hương chai 600g;Clear;158000;147894;2;;;chai;;1;;;0
SP001031;8934868168607;DG Clear men bạc hà mát lạnh chai 170g;Clear;64000;56688;3;;;chai;;1;;;0
SP001032;8934868170556;DG Clear 9 thảo dược cổ truyền chai 640g;Clear;158000;148584;1;;;chai;;1;;;0
SP001033;8934868186984;DG Clear 9 loại thảo dược quý dây;Clear;14000;11618;20;;;dây;;1;;;0
SP001034;8934868188117;DG Clear Men hương phong lữ & gỗ đàn hương dây;Clear;12000;9681;0;;;dây;;1;;;0
SP001035;8934868196242;DG Clear bạc hà dây (10+2);Clear;14000;11618;29;;;dây;;1;;;0
SP001036;8934868195429;DG Clear sạch gàu gừng hoa cúc dây;Clear;14000;11618;11;;;dây;;1;;;0
SP001037;8934868194910;DG Clear sạch gàu gừng hoa cúc chai 630g;Clear;158000;148282;2;;;chai;;1;;;0
SP001038;8934868198192;DG Clear Men cool sport bạc hà chai 900g (KM);Clear;198000;189902;3;;;chai;;1;;;0
SP001039;8934868197089;DG Clear bạc hà mát lạnh chai 350g;Clear;98000;89100;2;;;chai;;1;;;0
SP001040;8934868197195;DG Clear Men cool sport chai 350g;Clear;112000;102465;0;;;chai;;1;;;0
SP001041;8935001282310;Nước Ice+ vị đào chai 490ml;Wonderfarm;8000;6458;96;;;chai;;1;;;0
SP001042;PVN1579;Nước Ice+ vị đào chai 490ml;Wonderfarm;45000;38748;16;;;lóc;SP001041;6;SP001041;;0
SP001043;PVN1580;Nước Ice+ vị đào chai 490ml;Wonderfarm;160000;154992;4;;;thùng;SP001041;24;SP001041;;0
SP001044;8935001282396;Nước Ice+ vị đào chai 345ml;Wonderfarm;7000;5000;26;;;chai;;1;;;0
SP001045;PVN1585;Nước Ice+ vị đào chai 345ml;Wonderfarm;36000;30000;4;;;lóc;SP001044;6;SP001044;;0
SP001046;PVN1586;Nước Ice+ vị đào chai 345ml;Wonderfarm;130000;120000;1;;;thùng;SP001044;24;SP001044;;0
SP001047;8935001282327;Nước Ice+ vị nho xanh chai 490ml;Wonderfarm;8000;6458;38;;;chai;;1;;;0
SP001048;PVN1594;Nước Ice+ vị nho xanh chai 490ml;Wonderfarm;45000;38748;6;;;lóc;SP001047;6;SP001047;;0
SP001049;PVN1595;Nước Ice+ vị nho xanh chai 490ml;Wonderfarm;160000;154992;2;;;thùng;SP001047;24;SP001047;;0
SP001050;8935001282679;Nước Ice+18 độ vị táo kiwi chai 490ml;Wonderfarm;8000;6459;43;;;chai;;1;;;0
SP001051;PVN8298;Nước Ice+18 độ vị táo kiwi chai 490ml;Wonderfarm;45000;38754;7;;;lóc;SP001050;6;SP001050;;0
SP001052;PVN8299;Nước Ice+18 độ vị táo kiwi chai 490ml;Wonderfarm;160000;155016;2;;;thùng;SP001050;24;SP001050;;0
SP001053;8935001282693;Nước Ice+ vị dưa lưới chai 490ml;Wonderfarm;8000;6459;32;;;chai;;1;;;0
SP001054;PVN8410;Nước Ice+ vị dưa lưới chai 490ml;Wonderfarm;160000;155016;1;;;thùng;SP001053;24;SP001053;;0
SP001055;PVN8411;Nước Ice+ vị dưa lưới chai 490ml;Wonderfarm;45000;38754;5;;;lóc;SP001053;6;SP001053;;0
SP001056;8936010532113;Cozy trà vải chai 455ml;Cozy;8000;6924;3;;;chai;;1;;;0
SP001057;PVN7194;Cozy trà vải chai 455ml;Cozy;46000;41544;1;;;lóc;SP001056;6;SP001056;;0
SP001058;PVN7195;Cozy trà vải chai 455ml;Cozy;162000;166176;0;;;thùng;SP001056;24;SP001056;;0
SP001059;8936010532090;Cozy trà tắc mật ong chai 455ml;Cozy;8000;6924;8;;;chai;;1;;;0
SP001060;PVN7197;Cozy trà tắc mật ong chai 455ml;Cozy;46000;41544;1;;;lóc;SP001059;6;SP001059;;0
SP001061;PVN7198;Cozy trà tắc mật ong chai 455ml;Cozy;162000;166176;0;;;thùng;SP001059;24;SP001059;;0
SP001062;8936010532106;Cozy trà đào sả chai 455ml;Cozy;8000;6924;29;;;chai;;1;;;0
SP001063;PVN7200;Cozy trà đào sả chai 455ml;Cozy;46000;41544;5;;;lóc;SP001062;6;SP001062;;0
SP001064;PVN7201;Cozy trà đào sả chai 455ml;Cozy;162000;166176;1;;;thùng;SP001062;24;SP001062;;0
SP001065;8936010531390;Cozy trà sâm bí đao gói 25g;Cozy;3000;2167;197;;;gói;;1;;;0
SP001066;PVN7232;Cozy trà sâm bí đao gói 25g;Cozy;32000;26004;16;;;dây;SP001065;12;SP001065;;0
SP001067;8936010531796;Cozy trà dâu gói 25g;Cozy;3000;2167;200;;;gói;;1;;;0
SP001068;PVN7234;Cozy trà dâu gói 25g;Cozy;32000;26004;17;;;dây;SP001067;12;SP001067;;0
SP001069;8936010531413;Cozy trà vải gói 25g;Cozy;3000;2167;188;;;gói;;1;;;0
SP001070;PVN7236;Cozy trà vải gói 25g;Cozy;32000;26004;16;;;dây;SP001069;12;SP001069;;0
SP001071;8936010531383;Cozy trà đào gói 25g;Cozy;3000;2167;192;;;gói;;1;;;0
SP001072;PVN7238;Cozy trà đào gói 25g;Cozy;32000;26004;16;;;dây;SP001071;12;SP001071;;0
SP001073;8936010531437;Cozy trà sữa Matcha gói 20g;Cozy;3000;2500;184;;;gói;;1;;;0
SP001074;PVN7240;Cozy trà sữa Matcha gói 20g;Cozy;33000;30000;15;;;dây;SP001073;12;SP001073;;0
SP001075;8936010530881;Cozy trà chanh hộp 270g (18gói x15g);Cozy;33000;29000;1;;;hộp;;1;;;0
SP001076;8936010531086;Trà túi lọc nhãn vàng Cozy hộp 50g (25góix2g);Cozy;28000;25000;2;;;hộp;;1;;;0
SP001077;8936010531109;Trà túi lọc nhãn vàng Cozy hộp 200g (100góix2g);Cozy;78000;75000;1;;;hộp;;1;;;0
SP001078;8936010532212;Trà Cozy vị ổi hồng chai 455ml;Cozy;8000;6924;3;;;chai;;1;;;0
SP001079;PVN7997;Trà Cozy vị ổi hồng chai 455ml;Cozy;46000;41544;1;;;lóc;SP001078;6;SP001078;;0
SP001080;PVN7998;Trà Cozy vị ổi hồng chai 455ml;Cozy;162000;166176;0;;;thùng;SP001078;24;SP001078;;0
SP001081;8936010530263;Cozy trà gừng HotGinger hộp (20gói x10g);Cozy;45000;40000;6;;;hộp;;1;;;0
SP001082;8936010531376;Trà cozy vị chanh gói 25g;Cozy;3000;2167;17;;;gói;;1;;;0
SP001083;;Trà cozy vị chanh gói 25g;Cozy;30000;26004;1;;;dây;SP001082;12;SP001082;;0
SP001084;8936010533059;Cozy trà ổi hồng gói 25g;Cozy;3000;2167;180;;;gói;;1;;;0
SP001085;PVN9183;Cozy trà ổi hồng gói 25g;Cozy;30000;26004;15;;;dây;SP001084;12;SP001084;;0
SP001086;8938501141019;Cá mồi 3 cô gái có nút khui hộp 155g;3 cô gái;16000;14900;62;;;hộp;;1;;;0
SP001087;PVN5266;Cá mồi 3 cô gái có nút khui hộp 155g;3 cô gái;154000;1490000;1;;;Lóc;SP001086;100;SP001086;;0
SP001088;PVN6653;Cá mồi 3 cô gái có nút khui hộp 155g;3 cô gái;1520000;149000;6;;;thùng;SP001086;10;SP001086;;0
SP001089;8938501141040;Cá mồi 3 cô gái hộp 190g;3 cô gái;24000;21500;9;;;hộp;;1;;;0
SP001090;PVN2347;Cá mồi 3 cô gái hộp 190g;3 cô gái;94000;86000;2;;;lóc;SP001089;4;SP001089;;0
SP001091;PVN6855;Cá mồi 3 cô gái hộp 190g;3 cô gái;1080000;1032000;0;;;thùng;SP001089;48;SP001089;;0
SP001092;8938501141163;Cá mồi 3 cô gái hộp 155g (trơn);3 cô gái;15000;12950;85;;;hộp;;1;;;0
SP001093;PVN8224;Cá mồi 3 cô gái hộp 155g (trơn);3 cô gái;1320000;1295000;1;;;thùng;SP001092;100;SP001092;;0
SP001094;PVN8225;Cá mồi 3 cô gái hộp 155g (trơn);3 cô gái;138000;129500;9;;;lóc;SP001092;10;SP001092;;0
SP001095;8934868166924;DG Sunsilk vàng mềm mượt dịu kỳ chai 650g;Sunsilk;128000;117643;2;;;chai;;1;;;0
SP001096;8934868166252;DG Sunsilk vàng mềm mượt diệu kỳ dây;Sunsilk;10000;7745;0;;;dây;;1;;;0
SP001097;8934868166191;DX Sunsilk đen óng mượt rạng ngời dây;Sunsilk;10000;7745;61;;;dây;;1;;;0
SP001098;8934868156871;DX Sunsilk vàng mềm mướt diệu kỳ chai 320g;Sunsilk;78000;68103;0;;;chai;;1;;;0
SP001099;8934868156918;DG Sunsilk đen óng mượt rạng ngời chai 320g;Sunsilk;76000;65581;0;;;chai;;1;;;0
SP001100;8934868166238;DG Sunsilk đen óng mượt rạng ngời dây;Sunsilk;10000;7745;0;;;dây;;1;;;0
SP001101;8934868166214;DX Sunsilk vàng mềm mượt dịu kỳ dây;Sunsilk;10000;7745;23;;;dây;;1;;;0
SP001102;8934868166870;DG Sunsilk đen óng mượt rạng ngời chai 650g;Sunsilk;125000;119078;0;;;chai;;1;;;0
SP001103;8934868166887;DG Sunsilk đen óng mượt rạng ngời chai 900g;Sunsilk;155000;148961;0;;;chai;;1;;;0
SP001104;8934868166856;DG Sunsilk đen óng mượt rạng ngời chai 170g;Sunsilk;46000;38643;2;;;chai;;1;;;0
SP001105;8934868156970;DG Sunsilk vàng mềm mượt dịu kỳ chai 320g;Sunsilk;78000;67262;1;;;chai;;1;;;0
SP001106;8934868166931;DG Sunsilk vàng mềm mượt dịu kỳ chai 900g;Sunsilk;155000;148512;0;;;chai;;1;;;0
SP001107;8934868185109;DG Sunsilk nâu bảo vệ tóc trước nguy cơ hư tổn chai 380ml;Sunsilk;89000;82571;1;;;chai;;1;;;0
SP001108;8934868185086;DG Sunsilk xanh giảm gãy rụng vượt trội chai 380g;Sunsilk;89000;82571;0;;;chai;;1;;;0
SP001109;8934868166825;DG Sunsilk ngăn rụng tóc tinh chất vỏ bưởi chai 650g;Sunsilk;118000;105283;0;;;chai;;1;;;0
SP001110;8934868200246;DG Sunsilk đen óng mượt rạng ngời dây (10+2);Sunsilk;10000;7745;21;;;dây;;1;;;0
SP001111;8934868199519;DG Sunsilk vàng mềm mượt dịu kỳ dây (10+2);Sunsilk;10000;7745;44;;;dây;;1;;;0
SP001112;8934868200253;DG Sunsilk vàng mềm mượt diệu kỳ dây (10+2);Sunsilk;10000;7745;78;;;dây;;1;;;0
SP001113;8934868196051;DG Sunsilk đen óng mượt rạng ngời chai 600g;Sunsilk;125000;119078;2;;;chai;;1;;;0
SP001114;8934868167204;BG Surf ngát hương xuân gói 380g;Surf;13000;10811;0;;;bịch;;1;;;0
SP001115;8934868159131;BG Surf ngát hương xuân bịch 800g;Surf;23000;20042;9;;;bịch;;1;;;0
SP001116;8934868159179;BG Surf ngát hương xuấn bịch 2kg;Surf;50000;43727;2;;;gói;;1;;;0
SP001117;8934868167211;BG Surf ngát hương xuân bịch 5.5kg;Surf;129000;123075;3;;;bịch;;1;;;0
SP001118;8934868178323;NG Surf hương cỏ hoa dịu kỳ túi 2.9kg;Surf;95000;84939;4;;;túi;;1;;;0
SP001119;8934868192084;NG Surf tím hương hoa cỏ huyền bí túi 3.6kg;Surf;110000;101652;4;;;túi;;1;;;0
SP001120;8934868192060;NG Surf hương sương mai diệu mát túi 3.6kg;Surf;110000;100544;3;;;túi;;1;;;0
SP001121;8934868192077;NG Surf hương cỏ hoa dịu kỳ túi 3.6kg;Surf;110000;101652;2;;;túi;;1;;;0
SP001122;8934868195467;NG Surf hương hoa cỏ dịu kỳ chai 2.7kg;Surf;84000;79316;2;;;chai;;1;;;0
SP001123;8934868195474;NG Surf hương hoa cỏ huyền bí chai 2.7kg;Surf;84000;76738;2;;;chai;;1;;;0
SP001124;8934868178309;NG Surf hương sương mai dịu mát túi 2.9kg;Surf;95000;84939;4;;;túi;;1;;;0
SP001125;8934868196228;NRC Surf hương chanh sả túi 3.2kg;Surf;52000;45900;7;;;túi;;1;;;0
SP001126;8934868196167;NRC Surf hương chanh sả can 3.4kg;Surf;54000;53147;2;;;can;;1;;;0
SP001127;8934868196600;NRC Surf hương chanh sả chai 750g;Surf;16000;12772;14;;;chai;;1;;;0
SP001128;8934868196235;NRC Surf hương trà xanh & lá dứa túi 3.2kg;Surf;52000;45900;4;;;túi;;1;;;0
SP001129;8934868196594;NRC Surf hương chanh sả can 1.4kg;Surf;26000;22990;9;;;can;;1;;;0
SP001130;8934868169482;BG Omo hương Comfort tinh dầu bịch 350g;Omo;20000;16442;14;;;bịch;;1;;;0
SP001131;8934868169475;BG Omo comfort tinh dầu bịch 700g;Omo;38000;32181;0;;;bịch;;1;;;0
SP001132;8934868169499;BG Omo hương comfort tinh dầu bịch 3.9kg;Omo;156000;148803;0;;;bịch;;1;;;0
SP001133;8934868169567;BG Omo comfort hương tinh dầu bịch 4.3kg;Omo;165000;147140;1;;;bịch;;1;;;0
SP001134;8934868169437;BG Omo hương hoa hồng dịu mát bịch 700g;Omo;38000;32181;3;;;bịch;;1;;;0
SP001135;8934868169550;BG Omo Matic gói 380g;Omo;20000;16442;13;;;Bịch;;1;;;0
SP001136;8934868169543;BG Omo đỏ bịch 770g;Omo;38000;32181;0;;;bịch;;1;;;0
SP001137;8934868187837;BG Omo hương comfort sang trọng bền lâu bịch 5.1kg;Omo;194000;181064;0;;;bịch;;1;;;0
SP001138;8934868187851;BG Omo Matic đỏ bịch 5.5kg;Omo;194000;181064;0;;;bịch;;1;;;0
SP001139;8934868169598;BG Omo Matic hương thơm mát bịch 2.9kg;Omo;124000;107565;3;;;bịch;;1;;;0
SP001140;8934868169512;BG Omo Comfort hương tinh dầu bịch 2.6kg;Omo;120000;111372;1;;;bịch;;1;;;0
SP001141;8934868169468;BG Omo comfort hoa hồng pháp ngọt ngào bịch 2.6kg;Omo;118000;111372;0;;;bịch;;1;;;0
SP001142;8935039572520;Sốt Mayonnaise chai 130g;Ajinomoto;22000;18000;14;;;chai;;1;;;0
SP001143;8935039572537;Sốt Mayonnaise chai 260g;Ajinomoto;35000;29000;17;;;chai;;1;;;0
SP001144;8935039511086;Nước tương Phú Sĩ chai 500ml;Ajinomoto;18000;14500;22;;;chai;;1;;;0
SP001145;PVN6406;Nước tương Phú Sĩ chai 500ml;Ajinomoto;398000;348000;1;;;thùng;SP001144;24;SP001144;;0
SP001146;8935039511079;Nước tương Phú sĩ chai 240ml;Ajinomoto;12000;9500;38;;;chai;;1;;;0
SP001147;PVN6407;Nước tương Phú sĩ chai 240ml;Ajinomoto;285000;285000;1;;;thùng;SP001146;30;SP001146;;0
SP001148;8935039510034;Giấm gạo Lisa chai 400ml;Ajinomoto;18000;16500;10;;;chai;;1;;;0
SP001149;8935039513257;Gia vị Aji Quick nêm sẵn lẩu Thái bịch 55g;Ajinomoto;9000;6400;23;;;gói;;1;;;0
SP001150;PVN6414;Gia vị Aji Quick nêm sẵn lẩu Thái bịch 55g;Ajinomoto;920000;768000;0;;;thùng;SP001149;120;SP001149;;0
SP001151;8935039500707;Bột ngọt Ajinomoto bịch 1kg;Ajinomoto;66000;64000;38;;;gói;;1;;;0
SP001152;PVN7614;Bột ngọt Ajinomoto bịch 1kg;Ajinomoto;985000;960000;3;;;thùng;SP001151;15;SP001151;;0
SP001153;8935039508215;Hạt nêm Aji-ngon đậm xương thịt gói 170g;Ajinomoto;15000;12519;18;;;gói;;1;;;0
SP001154;PVN5883;Hạt nêm Aji-ngon đậm xương thịt gói 170g;Ajinomoto;422000;400608;1;;;thùng;SP001153;32;SP001153;;0
SP001155;8935039500219;Bột ngọt Ajinomoto bịch 100g;Ajinomoto;9000;7300;111;;;gói;;1;;;0
SP001156;PVN9029;Bột ngọt Ajinomoto bịch 100g;Ajinomoto;886000;876000;1;;;thùng;SP001155;120;SP001155;;0
SP001157;8935039508222;Hạt nêm Aji-ngon đậm thịt ngọt xương bịch 400g;Ajinomoto;27000;23500;12;;;gói;;1;;;0
SP001158;PVN5882;Hạt nêm Aji-ngon đậm thịt ngọt xương bịch 400g;Ajinomoto;575000;564000;1;;;thùng;SP001157;24;SP001157;;0
SP001159;8935039508239;Hạt nêm Aji-ngon đậm xương thịt gói 900g;Ajinomoto;56000;50000;17;;;gói;;1;;;0
SP001160;PVN5884;Hạt nêm Aji-ngon đậm xương thịt gói 900g;Ajinomoto;695000;600000;1;;;thùng;SP001159;12;SP001159;;0
SP001161;8935039514223;Bột chiên giòn khô Aji-Quick bịch 42g;Ajinomoto;7000;6000;41;;;bịch;;1;;;0
SP001162;PVN5886;Bột chiên giòn khô Aji-Quick bịch 42g;Ajinomoto;82000;72000;3;;;lóc;SP001161;12;SP001161;;0
SP001163;PVN8940;Bột chiên giòn khô Aji-Quick bịch 42g;Ajinomoto;385000;360000;1;;;thùng;SP001161;60;SP001161;;0
SP001164;8935039500400;Bột ngọt Ajinomoto bịch 400g;Ajinomoto;32000;28500;54;;;bịch;;1;;;0
SP001165;PVN6230;Bột ngọt Ajinomoto bịch 400g;Ajinomoto;908000;855000;2;;;thùng;SP001164;30;SP001164;;0
SP001166;8935039508208;Hạt nêm Aji-ngon đậm vị xương thịt bịch 55g;Ajinomoto;6000;3800;26;;;bịch;;1;;;0
SP001167;PVN8551;Hạt nêm Aji-ngon đậm vị xương thịt bịch 55g;Ajinomoto;652000;570000;0;;;thùng;SP001166;150;SP001166;;0
SP001168;8935039513264;Bột chiên giòn Aji quick bịch 150g;Ajinomoto;10000;8700;27;;;bịch;;1;;;0
SP001169;PVN6408;Bột chiên giòn Aji quick bịch 150g;Ajinomoto;550000;522000;0;;;thùng;SP001168;60;SP001168;;0
SP001170;8935039500967;Bột ngọt Ajinomoto bịch 230g;Ajinomoto;19000;16000;25;;;bịch;;1;;;0
SP001171;PVN8550;Bột ngọt Ajinomoto bịch 230g;Ajinomoto;555000;480000;1;;;thùng;SP001170;30;SP001170;;0
SP001172;8935039514308;lẩu nấm aji - Quick;Ajinomoto;8000;7000;11;;;bịch;;1;;;0
SP001173;8935039505559;Hạt nêm Aji - ngon heo 2kg;Ajinomoto;116000;100000;5;;;bịch;;1;;;0
SP001174;8934868172468;NRC Sunlight hương Chanh chai 3.6kg;Sunlight;88000;75976;1;;;can;;1;;;0
SP001175;8934868162445;NLS Sunlight hương hoa lily chai 1L;Sunlight;34000;25524;5;;;chai;;1;;;0
SP001176;8934868148319;NLS Sunlight tinh dầu chanh sả chai 1kg;Sunlight;32000;27470;5;;;chai;;1;;;0
SP001177;8934868162407;NLS Sunlight hương hoa hạ & bạc hà chai 1kg;Sunlight;34000;25524;6;;;chai;;1;;;0
SP001178;8934868162469;NLS Sunlight thiên nhiên chai 1L;Sunlight;32000;27882;0;;;chai;;1;;;0
SP001179;8934868171850;Nước lau kính Sunlight chai 520ml;Sunlight;26000;21731;1;;;chai;;1;;;0
SP001180;8934868171843;Nước lau đa năng Sunlight chanh & sả chai chai 500ml;Sunlight;32000;25905;5;;;chai;;1;;;0
SP001181;8934868172475;NRC Sunlight hương chanh chai 1.4kg;Sunlight;32000;26050;3;;;chai;;1;;;0
SP001182;8934868172437;NRC Sunlight hương chanh chai 750g;Sunlight;24000;20661;10;;;chai;;1;;;0
SP001183;8934868172390;NRC Sunlight hương chanh túi 750g;Sunlight;23000;18770;14;;;túi;;1;;;0
SP001184;8934868172413;NRC Sunlight hương chanh túi 1.4kg;Sunlight;33000;28533;9;;;túi;;1;;;0
SP001185;8934868172451;NRC Sunlight hương chanh chai 400g;Sunlight;16000;12144;8;;;chai;;1;;;0
SP001186;8934868158639;NLS Sunlight hương hoa hạ & bạc hà túi 3.6kg;Sunlight;65000;56874;2;;;túi;;1;;;0
SP001187;8934868174134;NLS Sunlight hương hoa Lavender túi 3.6kg;Sunlight;65000;56242;2;;;túi;;1;;;0
SP001188;8934868172727;NLS Sunlight hương chanh Yuzu sả chai 1L;Sunlight;34000;28657;6;;;chai;;1;;;0
SP001189;8934868174110;NLS Sunlight hương hoa Lavender chai 1kg;Sunlight;34000;25524;5;;;chai;;1;;;0
SP001190;8934868158660;NLS Sunlight hương hoa Lily & hương thảo túi 3.6kg;Sunlight;65000;57563;1;;;túi;;1;;;0
SP001191;8934868172659;NLS Sunlight hương quế cam Bergamot chai 1L;Sunlight;34000;20955;7;;;chai;;1;;;0
SP001192;8934868182573;NRC Sunlight Matcha trà xanh chai 750g;Sunlight;33000;26782;15;;;chai;;1;;;0
SP001193;8934868182634;NRC Sunlight thiên nhiên lô hội chai 750g;Sunlight;33000;26503;15;;;chai;;1;;;0
SP001194;8934868188193;Lau bếp bọt tuyết Sunlight chai 500ml;Sunlight;35000;27714;2;;;chai;;1;;;0
SP001195;8934868182665;NRC Sunlight thiên nhiên lô hội túi 720g;Sunlight;28000;23027;8;;;túi;;1;;;0
SP001196;8934868182603;NRC Sunlight Matcha trà xanh túi 720g;Sunlight;28000;23027;7;;;túi;;1;;;0
SP001197;8934868172703;NLS Sunlight hương chanh yuzu sả túi 3.4kg;Sunlight;65000;56454;3;;;túi;;1;;;0
SP001198;8934868196181;NRC Sunlight hương chanh túi 3.1kg;Sunlight;64000;58390;11;;;túi;;1;;;0
SP001199;8934868182627;NRC Sunlight Matcha trà xanh túi 3.3kg;Sunlight;89000;83291;1;;;túi;;1;;;0
SP001200;8934868182689;NRC Sunlight thiên nhiên lô hội túi 3.3kg;Sunlight;89000;82275;1;;;túi;;1;;;0
SP001201;8934868199830;Bộ NRC Sunlight hương thiên nhiên lô hội 3.1kg+NLS hương chanh yuzu sả chai 1kg;;118000;106893;5;;;túi;;1;;;0
SP001202;8850228003510;NTL Warrior vị dâu lon 325ml;Warrior;9000;7293;0;;;lon;;1;;;0
SP001203;PVN490;NTL Warrior vị dâu lon 325ml;Warrior;47000;43758;0;;;lóc;SP001202;6;SP001202;;0
SP001204;PVN9456;NTL Warrior vị dâu lon 325ml;Warrior;178000;175032;0;;;thùng;SP001202;24;SP001202;;0
SP001205;8850228003541;NTL Warrior vị dâu chai 330ml;Warrior;8500;6747;79;;;chai;;1;;;0
SP001206;PVN489;NTL Warrior vị dâu chai 330ml;Warrior;45000;40482;13;;;lóc;SP001205;6;SP001205;;0
SP001207;PVN1061;NTL Warrior vị dâu chai 330ml;Warrior;168000;161928;3;;;thùng;SP001205;24;SP001205;;0
SP001208;8850228005446;NTL Warrior vị nho chai 330ml;Warrior;8500;6747;96;;;chai;;1;;;0
SP001209;PVN497;NTL Warrior vị nho chai 330ml;Warrior;45000;40482;16;;;lóc;SP001208;6;SP001208;;0
SP001210;PVN1063;NTL Warrior vị nho chai 330ml;Warrior;168000;161928;4;;;thùng;SP001208;24;SP001208;;0
SP001211;8850228006733;NTL Warrior vị nho lon 325ml;Warrior;9000;7061;0;;;lon;;1;;;0
SP001212;PVN2475;NTL Warrior vị nho lon 325ml;Warrior;47000;42366;0;;;lóc;SP001211;6;SP001211;;0
SP001213;PVN2476;NTL Warrior vị nho lon 325ml;Warrior;178000;169464;0;;;thùng;SP001211;24;SP001211;;0
SP001214;8936013254098;Lao sàn Gift Iris 1l;;28000;22500;7;;;chai;;1;;;0
SP001215;8936013254012;NLS Gift hương Ylang chai 1L;;28000;22500;8;;;chai;;1;;;0
SP001216;8936013254029;Lau sàn Gift hương lily 1L;;28000;22500;10;;;chai;;1;;;0
SP001217;8936013254180;Lau sàn Gift hương hoa tulip 1L;;28000;22500;5;;;chai;;1;;;0
SP001218;8936013254456;Lau sàn Gift baby Smile 1L;;28000;22500;7;;;chai;;1;;;0
SP001219;8936013254036;NLS Gift hương bạc hà chai 1L;Gift;28000;22500;13;;;chai;;1;;;0
SP001220;8936013254203;Nước lao sàn Gift hương hoa Tulip 3.8kg;Gift;65000;58154;2;;;chai;;1;;;0
SP001221;8936013254081;Nước lao sàn Gift hương bạc hà 3.8kg;Gift;65000;58154;8;;;chai;;1;;;0
SP001222;8936013254463;Nước lao sàn Gift Baby smile 3.8kg;Gift;65000;58154;0;;;chai;;1;;;0
SP001223;8936013254104;Nước lao sàn Gift Sweet Iris 3.8kg;Gift;65000;58154;4;;;chai;;1;;;0
SP001224;8936013254067;Lau sàn Gift hương lily 3.8kg;;65000;58154;6;;;can;;1;;;0
SP001225;8936013254050;Lau sàn Gift hương Ylang 3.8kg;;65000;58154;5;;;can;;1;;;0
SP001226;8936013253923;Gift lau sàn bột trà xanh chiếc xuất lô hội 3.8kg;;62000;58154;0;;;can;;1;;;0
SP001227;8936013253909;Gift lau sàn bột than và chiếc xuất tre 3.8kg;;65000;58154;0;;;can;;1;;;0
SP001228;8936013254951;Gift lau kính 580ml;;23000;18000;0;;;chai;;1;;;0
SP001229;8936013254005;Gift lau sàn sakura 1l;;28000;22500;8;;;chai;;1;;;0
SP001230;8936013254272;Lau sàn Gift yuzu 1l;;28000;23500;0;;;chai;;1;;;0
SP001231;8936013254289;Lau sàn gift Trà xanh 1l;;28000;22500;1;;;chai;;1;;;0
SP001232;8936013254265;LS Gift bột than & tre chai 1L;;28000;22500;0;;;chai;;1;;;0
SP001233;8936013254074;Nước lao sàn Gift hương hoa Sakura can 3.8kg;Gift;65000;58154;0;;;can;;1;;;0
SP001234;8936036026153;Bánh C'est bon sợi gà bịch 85g;Chocopie;20000;16000;23;;;bịch;;1;;;0
SP001235;PVN6344;Bánh C'est bon sợi gà bịch 85g;Chocopie;336000;320000;1;;;thùng;SP001234;20;SP001234;;0
SP001236;8936036027464;Bánh C'est bon sốt kem phô mai bịch 85g;Chocopie;20000;16000;0;;;bịch;;1;;;0
SP001237;PVN6345;Bánh C'est bon sốt kem phô mai bịch 85g;Chocopie;336000;320000;0;;;thùng;SP001236;20;SP001236;;0
SP001238;8936036029376;C'est bon Sandwich sốt bơ phô mai chà bông bịch 147g;Chocopie;29000;25576;3;;;bịch;;1;;;0
SP001239;PVN7939;C'est bon Sandwich sốt bơ phô mai chà bông bịch 147g;Chocopie;320000;306912;0;;;thùng;SP001238;12;SP001238;;0
SP001240;8936036029901;Bánh C'est bon Baguette vị bơ tỏi đút lò bịch 108g;Chocopie;20000;15980;5;;;bịch;;1;;;0
SP001241;PVN8241;Bánh C'est bon Baguette vị bơ tỏi đút lò bịch 108g;Chocopie;349000;319600;0;;;thùng;SP001240;20;SP001240;;0
SP001242;8936029422030;C'est bon sandwich bịch 98g;Chocopie;20000;17700;0;;;bịch;;1;;;0
SP001243;PVN8608;C'est bon sandwich bịch 98g;Chocopie;370000;354000;0;;;thùng;SP001242;20;SP001242;;0
SP001244;8936036026191;Bánh gạo An vị tảo biển gói 111.3g;Chocopie;18000;13682;0;;;bịch;;1;;;0
SP001245;PVN5906;Bánh gạo An vị tảo biển gói 111.3g;Chocopie;283000;273640;0;;;thùng;SP001244;20;SP001244;;0
SP001246;8936036026177;Bánh gạo An vị tự nhiên bịch 151,2g;Chocopie;18000;15832;8;;;bịch;;1;;;0
SP001247;PVN5522;Bánh gạo An vị tự nhiên bịch 151,2g;Chocopie;275000;316640;0;;;thùng;SP001246;20;SP001246;;0
SP001248;8936036028300;Bánh gạo An vị khoai tây phô mai nướng bịch 100.8g;Chocopie;18000;13106;6;;;bịch;;1;;;0
SP001249;PVN6199;Bánh gạo An vị khoai tây phô mai nướng bịch 100.8g;Chocopie;279000;262120;0;;;thùng;SP001248;20;SP001248;;0
SP001250;8936036026542;Bánh gạo An vị tảo biển gói gói 174.9g;Chocopie;23000;18888;25;;;bịch;;1;;;0
SP001251;PVN5907;Bánh gạo An vị tảo biển gói gói 174.9g;Chocopie;395000;377760;1;;;thùng;SP001250;20;SP001250;;0
SP001252;8936036026535;Bánh gạo An vị tự nhiên gói 226,8g;Chocopie;23000;18888;5;;;bịch;;1;;;0
SP001253;PVN5901;Bánh gạo An vị tự nhiên gói 226,8g;Chocopie;395000;377760;0;;;thùng;SP001252;20;SP001252;;0
SP001254;8936036029932;Bánh gạo An chà bông ruốc thịt đậm đà bịch 145.6g;Chocopie;28000;23769;20;;;bịch;;1;;;0
SP001255;PVN6572;Bánh gạo An chà bông ruốc thịt đậm đà bịch 145.6g;Chocopie;258000;237690;2;;;thùng;SP001254;10;SP001254;;0
SP001256;8936029421033;Bánh gạo an cốm sen bịch 168g;Chocopie;23000;20223;7;;;bịch;;1;;;0
SP001257;PVN8000;Bánh gạo an cốm sen bịch 168g;Chocopie;220000;202230;1;;;thùng;SP001256;10;SP001256;;0
SP001258;8936029422542;Bánh gạo An vị ngô nướng bơ bịch 120g;Chocopie;23000;19150;5;;;bịch;;1;;;0
SP001259;PVN9027;Bánh gạo An vị ngô nướng bơ bịch 120g;Chocopie;395000;383000;0;;;thùng;SP001258;20;SP001258;;0
SP001260;8936029424966;Bánh gạo An vị sườn nướng tảng bịch 105.8g;Chocopie;18000;13000;15;;;bịch;;1;;;0
SP001261;PVN9262;Bánh gạo An vị sườn nướng tảng bịch 105.8g;Chocopie;278000;260000;1;;;thùng;SP001260;20;SP001260;;0
SP001262;8936029425840;Bánh gạo An vị nấm hương om nước tương bịch 140g (14 gói x 10g);Chocopie;28000;23620;0;;;bịch;;1;;;0
SP001263;PVN9432;Bánh gạo An vị nấm hương om nước tương bịch 140g (14 gói x 10g);Chocopie;246000;236200;0;;;thùng;SP001262;10;SP001262;;0
SP001264;8936036020120;Bánh Custas nhân kem 6 bánh hộp 141g;Chocopie;30000;24844;0;;;hộp;;1;;;0
SP001265;PVN3555;Bánh Custas nhân kem 6 bánh hộp 141g;Chocopie;422000;198752;0;;;thùng;SP001264;8;SP001264;;0
SP001266;8936036020137;Bánh Custas kem trứng 12 bánh hộp 329g;Chocopie;52000;47500;0;;;hộp;;1;;;0
SP001267;PVN5523;Bánh Custas kem trứng 12 bánh hộp 329g;Chocopie;396000;380000;0;;;thùng;SP001266;8;SP001266;;0
SP001268;8936036020274;Bánh Custas kem trứng hộp 47g (2 cái);Chocopie;10000;7913;6;;;hộp;;1;;;0
SP001269;PVN7388;Bánh Custas kem trứng hộp 47g (2 cái);Chocopie;110000;94956;1;;;lóc;SP001268;12;SP001268;;0
SP001270;PVN7389;Bánh Custas kem trứng hộp 47g (2 cái);Chocopie;388000;379824;0;;;thùng;SP001268;48;SP001268;;0
SP001271;8935049501688;Fanta hương nho chai 300ml;Coca;5000;3667;12;;;chai;;1;;;0
SP001272;PVN6054;Fanta hương nho chai 300ml;Coca;26000;22002;2;;;lóc;SP001271;6;SP001271;;0
SP001273;PVN6117;Fanta hương nho chai 300ml;Coca;90000;88008;1;;;thùng;SP001271;24;SP001271;;0
SP001274;8935049501671;Fanta hương nho chai 1.5L;Coca;16000;15167;16;;;chai;;1;;;0
SP001275;PVN6212;Fanta hương nho chai 1.5L;Coca;158000;182004;1;;;thùng;SP001274;12;SP001274;;0
SP001276;8936036020380;Bánh ChocoPie 12 bánh hộp 396g;Chocopie;49000;46175;0;;;hộp;;1;;;0
SP001277;PVN4790;Bánh ChocoPie 12 bánh hộp 396g;Chocopie;380000;369400;0;;;thùng;SP001276;8;SP001276;;0
SP001278;8936036020373;Bánh ChocoPie 6 bánh hộp 198g;Chocopie;30000;25050;65;;;Hộp;;1;;;0
SP001279;PVN3554;Bánh ChocoPie 6 bánh hộp 198g;Chocopie;210000;200400;8;;;thùng;SP001278;8;SP001278;;0
SP001280;8936036020403;Bánh ChocoPie hộp 66g (2 cái);Chocopie;10000;8144;7;;;hộp;;1;;;0
SP001281;PVN7361;Bánh ChocoPie hộp 66g (2 cái);Chocopie;110000;97728;1;;;lóc;SP001280;12;SP001280;;0
SP001282;PVN7362;Bánh ChocoPie hộp 66g (2 cái);Chocopie;402000;390912;0;;;thùng;SP001280;48;SP001280;;0
RD330;8934564660016;Nước tăng lục Rồng đỏ vị dâu chai 330ml;C2;6500;4917;69;;;chai;;1;;;0
RD330L;RD330L;Nước tăng lục Rồng đỏ vị dâu chai 330ml;C2;33000;29502;12;;;lóc;RD330;6;RD330;;0
RD330T;RD330T;Nước tăng lục Rồng đỏ vị dâu chai 330ml;C2;124000;118008;3;;;thùng;RD330;24;RD330;;0
SP001286;8934564660047;Nước tăng lực Rồng Đỏ vị Nho chai 330ml;C2;6500;4917;72;;;chai;;1;;;0
SP001287;PVN3162;Nước tăng lực Rồng Đỏ vị Nho chai 330ml;C2;33000;29502;12;;;lóc;SP001286;6;SP001286;;0
SP001288;PVN3163;Nước tăng lực Rồng Đỏ vị Nho chai 330ml;C2;124000;118008;3;;;thùng;SP001286;24;SP001286;;0
SP001289;8934564660139;Rồng đỏ hương vải anh đào chai 330ml;C2;6500;4917;113;;;chai;;1;;;0
SP001290;PVN9214;Rồng đỏ hương vải anh đào chai 330ml;C2;33000;29502;19;;;lóc;SP001289;6;SP001289;;0
SP001291;PVN9215;Rồng đỏ hương vải anh đào chai 330ml;C2;124000;118008;5;;;thùng;SP001289;24;SP001289;;0
SP001292;8934564600173;Trà C2 vị táo chai 360ml;C2;7000;5625;0;;;Chai;;1;;;0
SP001293;PVN383;Trà C2 vị táo chai 360ml;C2;37000;33750;0;;;lóc;SP001292;6;SP001292;;0
SP001294;PVN1941;Trà C2 vị táo chai 360ml;C2;142000;135000;0;;;thùng;SP001292;24;SP001292;;0
SP001295;8934564600128;Trà C2 vị chanh chai 360ml;C2;7000;5417;3;;;chai;;1;;;0
SP001296;PVN592;Trà C2 vị chanh chai 360ml;C2;39000;32502;1;;;lóc;SP001295;6;SP001295;;0
SP001297;PVN3158;Trà C2 vị chanh chai 360ml;C2;144000;130008;0;;;thùng;SP001295;24;SP001295;;0
SP001298;8934564600692;Trà C2 vị đào chai 455ml;C2;9000;7375;48;;;Chai;;1;;;0
SP001299;PVN589;Trà C2 vị đào chai 455ml;C2;47000;44250;8;;;lóc;SP001298;6;SP001298;;0
SP001300;PVN1536;Trà C2 vị đào chai 455ml;C2;180000;177000;2;;;thùng;SP001298;24;SP001298;;0
SP001301;8934564600807;Trà C2 vị vải chai 455ml;C2;9000;7209;21;;;Chai;;1;;;0
SP001302;PVN588;Trà C2 vị vải chai 455ml;C2;47000;43254;4;;;lóc;SP001301;6;SP001301;;0
SP001303;PVN1538;Trà C2 vị vải chai 455ml;C2;178000;173016;1;;;thùng;SP001301;24;SP001301;;0
SP001304;8934564600357;Trà C2 vị chanh chai 455ml;C2;9000;7250;162;;;chai;;1;;;0
SP001305;PVN587;Trà C2 vị chanh chai 455ml;C2;47000;43500;27;;;lóc;SP001304;6;SP001304;;0
SP001306;PVN1537;Trà C2 vị chanh chai 455ml;C2;180000;174000;7;;;thùng;SP001304;24;SP001304;;0
SP001307;8934564600913;Trà C2 vị táo chai 230ml;C2;5000;3625;18;;;chai;;1;;;0
SP001308;PVN1100;Trà C2 vị táo chai 230ml;C2;25000;21750;3;;;lóc;SP001307;6;SP001307;;0
SP001309;PVN1101;Trà C2 vị táo chai 230ml;C2;92000;87000;1;;;thùng;SP001307;24;SP001307;;0
SP001310;8934564600920;Trà C2 vị chanh chai 230ml;C2;5000;3625;26;;;chai;;1;;;0
SP001311;PVN1103;Trà C2 vị chanh chai 230ml;C2;25000;21750;4;;;lóc;SP001310;6;SP001310;;0
SP001312;PVN1104;Trà C2 vị chanh chai 230ml;C2;92000;87000;1;;;thùng;SP001310;24;SP001310;;0
SP001313;8934564600838;Trà C2 vị Chanh tuyết bạc hà chai 455ml;C2;9000;7375;57;;;chai;;1;;;0
SP001314;PVN3156;Trà C2 vị Chanh tuyết bạc hà chai 455ml;C2;47000;44250;10;;;lóc;SP001313;6;SP001313;;0
SP001315;PVN3157;Trà C2 vị Chanh tuyết bạc hà chai 455ml;C2;178000;177000;2;;;thùng;SP001313;24;SP001313;;0
SP001316;8934564600937;Trà C2 vị đào chai 230ml;C2;5000;3709;0;;;chai;;1;;;0
SP001317;PVN4832;Trà C2 vị đào chai 230ml;C2;25000;22254;0;;;lóc;SP001316;6;SP001316;;0
SP001318;PVN4833;Trà C2 vị đào chai 230ml;C2;92000;89016;0;;;thùng;SP001316;24;SP001316;;0
SP001319;8934564600869;Trà C2 vị dâu anh đào chai 455ml;C2;9000;7192;73;;;chai;;1;;;0
SP001320;PVN4908;Trà C2 vị dâu anh đào chai 455ml;C2;47000;43152;12;;;lóc;SP001319;6;SP001319;;0
SP001321;PVN4909;Trà C2 vị dâu anh đào chai 455ml;C2;180000;172608;3;;;thùng;SP001319;24;SP001319;;0
SP001322;8934564600883;Trà C2 dưa lưới bạc hà chai 455ml;C2;9000;7375;44;;;chai;;1;;;0
SP001323;PVN6310;Trà C2 dưa lưới bạc hà chai 455ml;C2;47000;44250;7;;;lóc;SP001322;6;SP001322;;0
SP001324;PVN6311;Trà C2 dưa lưới bạc hà chai 455ml;C2;180000;177000;2;;;thùng;SP001322;24;SP001322;;0
SP001325;8935049501718;Sprite lon 320ml;Coca;8500;6084;0;;;lon;;1;;;0
SP001326;PVN584;Sprite lon 320ml;Coca;42000;36504;0;;;lóc;SP001325;6;SP001325;;0
SP001327;PVN1140;Sprite lon 320ml;Coca;150000;146016;0;;;thùng;SP001325;24;SP001325;;0
SP001328;8935049500469;Sprite chai 1.5L;Coca;16000;12917;2;;;chai;;1;;;0
SP001329;PVN5338;Sprite chai 1.5L;Coca;158000;155004;0;;;Thùng;SP001329;12;SP001329;;0
SP001330;8935049510604;Sprite chai 390ml;Coca;6500;5334;36;;;chai;;1;;;0
SP001331;PVN5075;Sprite chai 390ml;Coca;36000;32004;6;;;lóc;SP001330;6;SP001330;;0
SP001332;PVN5076;Sprite chai 390ml;Coca;129000;128016;2;;;thùng;SP001330;24;SP001330;;0
SP001333;8935049500407;Sprite lon 235ml;Coca;6000;5875;0;;;lon;;1;;;0
SP001334;PVN7587;Sprite lon 235ml;Coca;36000;35250;0;;;lóc;SP001333;6;SP001333;;0
SP001335;PVN7588;Sprite lon 235ml;Coca;120000;141000;0;;;thùng;SP001333;24;SP001333;;0
SP001336;8935049511021;Nutriboost hương cam chai 297ml;Coca;9000;7625;4;;;chai;;1;;;0
SP001337;PVN493;Nutriboost hương cam chai 297ml;Coca;48000;45750;1;;;lóc;SP001336;6;SP001336;;0
SP001338;PVN5603;Nutriboost hương cam chai 297ml;Coca;178000;183000;0;;;thùng;SP001336;24;SP001336;;0
SP001339;8935049500131;Nutriboost hương dâu chai 297ml;Coca;9000;7500;0;;;chai;;1;;;0
SP001340;PVN492;Nutriboost hương dâu chai 297ml;Coca;48000;45000;0;;;lóc;SP001339;6;SP001339;;0
SP001341;PVN2443;Nutriboost hương dâu chai 297ml;Coca;178000;180000;0;;;thùng;SP001339;24;SP001339;;0
SP001342;8935049511038;Nutriboost hương cam chai 1L;Coca;23000;20167;7;;;chai;;1;;;0
SP001343;PVN6058;Nutriboost hương cam chai 1L;Coca;248000;242004;1;;;thùng;SP001342;12;SP001342;;0
SP001344;8935049500100;Nutriboost hương dâu chai 1L;Coca;23000;20167;2;;;chai;;1;;;0
SP001345;PVN2322;Nutriboost hương dâu chai 1L;Coca;248000;242004;0;;;thùng;SP001344;12;SP001344;;0
SP001346;8935049510024;Nutriboost hương bánh quy kem chai 297ml;Coca;9000;7875;21;;;chai;;1;;;0
SP001347;PVN7099;Nutriboost hương bánh quy kem chai 297ml;Coca;48000;47250;4;;;lóc;SP001346;6;SP001346;;0
SP001348;PVN7100;Nutriboost hương bánh quy kem chai 297ml;Coca;178000;189000;1;;;thùng;SP001346;24;SP001346;;0
SP001349;8935049501398;Coca vị nguyên bản chai 2.25L;Coca;22000;19667;8;;;chai;;1;;;0
SP001350;PVN5086;Coca vị nguyên bản chai 2.25L;Coca;252000;236004;1;;;thùng;SP001349;12;SP001349;;0
SP001351;8935049501381;Coca ít đường vị nguyên bản 1.5L;Coca;16000;13667;36;;;chai;;1;;;0
SP001352;PVN5087;Coca ít đường vị nguyên bản 1.5L;Coca;174000;164004;3;;;thùng;SP001351;12;SP001351;;0
SP001353;8935049501374;Coca vị nguyên bản chai 600ml;Coca;9000;7084;18;;;chai;;1;;;0
SP001354;PVN499;Coca vị nguyên bản chai 600ml;Coca;46000;42504;3;;;lóc;SP001353;6;SP001353;;0
SP001355;PVN1149;Coca vị nguyên bản chai 600ml;Coca;168000;170016;1;;;thùng;SP001353;24;SP001353;;0
SP001356;8935049501503;Coca Cola lon 320ml;Coca;9000;7917;0;;;lon;;1;;;0
SP001357;PVN1246;Coca Cola lon 320ml;Coca;46000;47502;0;;;lóc;SP001356;6;SP001356;;0
SP001358;PVN1247;Coca Cola lon 320ml;Coca;175000;190008;0;;;thùng;SP001356;24;SP001356;;0
SP001359;8935049510673;Coca chai 390ml;Coca;6000;5000;0;;;chai;;1;;;0
SP001360;PVN5078;Coca chai 390ml;Coca;34000;30000;0;;;lóc;SP001359;6;SP001359;;0
SP001361;PVN5079;Coca chai 390ml;Coca;126000;120000;0;;;thùng;SP001359;24;SP001359;;0
SP001362;8935049501534;Coca Zero Sugar lon 330ml;Coca;9000;7063;0;;;lon;;1;;;0
SP001363;PVN5608;Coca Zero Sugar lon 330ml;Coca;46000;42378;0;;;lóc;SP001362;6;SP001362;;0
SP001364;PVN5609;Coca Zero Sugar lon 330ml;Coca;175000;169512;0;;;thùng;SP001362;24;SP001362;;0
SP001365;8935049500735;Coca chai 300ml;Coca;5000;4000;14;;;chai;;1;;;0
SP001366;PVN6219;Coca chai 300ml;Coca;27000;24000;2;;;lóc;SP001365;6;SP001365;;0
SP001367;PVN7578;Coca chai 300ml;Coca;88000;96000;1;;;thùng;SP001365;24;SP001365;;0
SP001368;8935049501404;Coca lon 235ml;Coca;7500;5917;0;;;lon;;1;;;0
SP001369;PVN7490;Coca lon 235ml;Coca;40000;35502;0;;;lóc;SP001368;6;SP001368;;0
SP001370;PVN7491;Coca lon 235ml;Coca;148000;142008;0;;;thùng;SP001368;24;SP001368;;0
YC1;;Sữa YoMost vị Cam hộp 100ml;Cô gái Hà Lan;6000;4480;92;;;hộp;;1;;;0
YC1L;8934841901139;Sữa YoMost vị Cam hộp 100ml;Cô gái Hà Lan;20000;17920;23;;;lóc;YC1;4;YC1;;0
YC1T;YC1T;Sữa YoMost vị Cam hộp 100ml;Cô gái Hà Lan;215000;215040;2;;;thùng;YC1;48;YC1;;0
YD1;;Sữa YoMost vị Dâu hộp 100ml;Cô gái Hà Lan;6000;4480;84;;;hộp;;1;;;0
YD1L;8934841903089;Sữa YoMost vị Dâu hộp 100ml;Cô gái Hà Lan;20000;17920;21;;;lóc;YD1;4;YD1;;0
YD1T;YD1T;Sữa YoMost vị Dâu hộp 100ml;Cô gái Hà Lan;215000;215040;2;;;thùng;YD1;48;YD1;;0
YL17;;Sữa YoMost vị Lựu hộp 170ml;Cô gái Hà Lan;8000;7041;132;;;hộp;;1;;;0
YL17L;8934841900446;Sữa YoMost vị Lựu hộp 170ml;Cô gái Hà Lan;30000;28164;33;;;lóc;YL17;4;YL17;;0
YL17T;YL17T;Sữa YoMost vị Lựu hộp 170ml;Cô gái Hà Lan;306000;337968;3;;;thùng;YL17;48;YL17;;0
YD17;;Sữa YoMost vị Dâu hộp 170ml;Cô gái Hà Lan;8000;0;124;;;hộp;;1;;;0
YD17L;8934841900293;Sữa YoMost vị Dâu hộp 170ml;Cô gái Hà Lan;30000;0;31;;;lóc;YD17;4;YD17;;0
YD17T;YD17T;Sữa YoMost vị Dâu hộp 170ml;Cô gái Hà Lan;310000;0;3;;;thùng;YD17;48;YD17;;0
YV17;;Sữa YoMost vị Việt Quất hộp 170ml;Cô gái Hà Lan;8000;6625;178;;;hộp;;1;;;0
YV17L;8934841901641;Sữa YoMost vị Việt Quất hộp 170ml;Cô gái Hà Lan;30000;26500;45;;;lóc;YV17;4;YV17;;0
YV17T;YV17T;Sữa YoMost vị Việt Quất hộp 170ml;Cô gái Hà Lan;310000;318000;4;;;thùng;YV17;48;YV17;;0
YC17;;Sữa YoMost vị Cam hộp 170ml;Cô gái Hà Lan;8000;7297;92;;;hộp;;1;;;0
YC17L;8934841900286;Sữa YoMost vị Cam hộp 170ml;Cô gái Hà Lan;30000;29188;23;;;lóc;YC17;4;YC17;;0
YC17T;YC17T;Sữa YoMost vị Cam hộp 170ml;Cô gái Hà Lan;310000;350256;2;;;thùng;YC17;48;YC17;;0
YN17;YN17;Sữa Yomost vị nho hộp 170ml;Cô gái Hà Lan;8000;6250;76;;;hộp;;1;;;0
YN17L;8934841903676;Sữa Yomost vị nho hộp 170ml;Cô gái Hà Lan;30000;25000;19;;;lóc;YN17;4;YN17;;0
YN17T;YN17T;Sữa Yomost vị nho hộp 170ml;Cô gái Hà Lan;310000;300000;2;;;thùng;YN17;48;YN17;;0
SP001392;8934588870552;Trà ô long Tea Plus chai 450ml;pepsi;8500;6978;134;;;chai;;1;;;0
SP001393;PVN509;Trà ô long Tea Plus chai 450ml;pepsi;48000;41868;22;;;lóc;SP001392;6;SP001392;;44000
SP001394;PVN2107;Trà ô long Tea Plus chai 450ml;pepsi;172000;167472;6;;;thùng;SP001392;24;SP001392;;173000
SP001395;8934588870118;Trà ô long Tea Plus chai 320ml;pepsi;7000;5483;49;;;chai;;1;;;0
SP001396;PVN505;Trà ô long Tea Plus chai 320ml;pepsi;40000;32898;8;;;lóc;SP001395;6;SP001395;;0
SP001397;PVN894;Trà ô long Tea Plus chai 320ml;pepsi;138000;131592;2;;;thùng;SP001395;24;SP001395;;0
SP001398;8934588870101;Trà Ô Long Tea Plus chai 1L;pepsi;15000;13125;30;;;chai;;1;;;0
SP001399;PVN4882;Trà Ô Long Tea Plus chai 1L;pepsi;170000;157500;3;;;thùng;SP001398;12;SP001398;;0
SP001400;8934588290558;Trà ô long Tea Plus hương chanh chai 450ml;pepsi;9000;6984;14;;;chai;;1;;;0
SP001401;olc455l;Trà ô long Tea Plus hương chanh chai 450ml;pepsi;48000;41904;2;;;lóc;SP001400;6;SP001400;;0
SP001402;olc455t;Trà ô long Tea Plus hương chanh chai 450ml;pepsi;172000;167616;1;;;thùng;SP001400;24;SP001400;;0
SP001403;8936010532120;Cozy trà ô long xoài chai 455ml;Cozy;8500;7250;0;;;chai;;1;;;0
SP001404;PVN7191;Cozy trà ô long xoài chai 455ml;Cozy;46000;43500;0;;;lóc;SP001403;6;SP001403;;0
SP001405;PVN7192;Cozy trà ô long xoài chai 455ml;Cozy;166000;174000;0;;;thùng;SP001403;24;SP001403;;0
SP001406;8934588290107;Trà Ô long Tea Plus hương chanh chai 1L;pepsi;15000;13667;6;;;chai;;1;;;0
SP001407;PVN7445;Trà Ô long Tea Plus hương chanh chai 1L;pepsi;170000;164004;1;;;thùng;SP001406;12;SP001406;;0
SP001408;8936048474768;Trà mật ong Boncha vị Ô long đào chai 450ml;Boncha;9000;7272;0;;;chai;;1;;;0
SP001409;PVN7876;Trà mật ong Boncha vị Ô long đào chai 450ml;Boncha;48000;43632;0;;;lóc;SP001408;6;SP001408;;0
SP001410;PVN7877;Trà mật ong Boncha vị Ô long đào chai 450ml;Boncha;180000;174528;0;;;thùng;SP001408;24;SP001408;;0
SP001411;8934588763557;Trà Ô Long xanh Tea Plus hương vị chanh chai 450ml;pepsi;8500;7160;0;;;chai;;1;;;0
SP001412;PVN8322;Trà Ô Long xanh Tea Plus hương vị chanh chai 450ml;pepsi;48000;42960;0;;;lóc;SP001411;6;SP001411;;0
SP001413;PVN8323;Trà Ô Long xanh Tea Plus hương vị chanh chai 450ml;pepsi;176000;171840;0;;;thùng;SP001411;24;SP001411;;0
SP001414;8934588763106;Trà Ô long Tea Plus trà xanh hương chanh chai 1L;pepsi;15000;12550;3;;;chai;;1;;;0
SP001415;PVN8595;Trà Ô long Tea Plus trà xanh hương chanh chai 1L;pepsi;166000;150600;0;;;thùng;SP001414;12;SP001414;;0
SP001416;8934588793554;Trà Ô Long Tea Plus vị đào nhiệt đới chai 450ml;pepsi;8500;6978;45;;;chai;;1;;;0
SP001417;PVN8829;Trà Ô Long Tea Plus vị đào nhiệt đới chai 450ml;pepsi;48000;41868;8;;;lóc;SP001416;6;SP001416;;0
SP001418;PVN8830;Trà Ô Long Tea Plus vị đào nhiệt đới chai 450ml;pepsi;172000;167472;2;;;thùng;SP001416;24;SP001416;;0
SP001419;8934588793103;Trà Ô long Tea Plus vị đào nhiệt đới chai 1L;pepsi;15000;13375;20;;;chai;;1;;;0
SP001420;PVN8836;Trà Ô long Tea Plus vị đào nhiệt đới chai 1L;pepsi;166000;160500;2;;;thùng;SP001419;12;SP001419;;0
SP001421;8934588063053;Nước Aquafina chai 500ml;pepsi;5000;370;356;;;chai;;1;;;0
SP001422;PVN506;Nước Aquafina chai 500ml;pepsi;26000;2220;59;;;lóc;SP001421;6;SP001421;;0
SP001423;PVN5388;Nước Aquafina chai 500ml;pepsi;93000;8880;15;;;Thùng;SP001421;24;SP001421;;0
SP001424;8934588063060;Nước Aquafina 1.5L;pepsi;9000;7750;58;;;chai;;1;;;0
SP001425;PVN3616;Nước Aquafina 1.5L;pepsi;98000;93000;5;;;thùng;SP001424;12;SP001424;;0
SP001426;8934588063176;Nước Aquafina 5L;pepsi;26000;23250;8;;;chai;;1;;;0
SP001427;PVN5734;Nước Aquafina 5L;pepsi;98000;93000;2;;;thùng;PVN2825;4;PVN2825;;0
SP001428;8934588063145;Nước Aquafina chai 355ml;pepsi;4000;3334;194;;;chai;;1;;;0
SP001429;PVN5725;Nước Aquafina chai 355ml;pepsi;88000;80016;8;;;thùng;SP001428;24;SP001428;;0
SP001430;PVN5726;Nước Aquafina chai 355ml;pepsi;22000;20004;32;;;lóc;SP001428;6;SP001428;;0
SP001431;8935049510871;Aquarius chai 390ml;Coca;7500;5750;16;;;chai;;1;;;0
SP001432;PVN6056;Aquarius chai 390ml;Coca;40000;34500;3;;;lóc;SP001431;6;SP001431;;0
SP001433;PVN6057;Aquarius chai 390ml;Coca;148000;138000;1;;;thùng;SP001431;24;SP001431;;0
SP001434;8934588183133;Revive chanh muối chai 390ml;pepsi;8000;6484;76;;;chai;;1;;;0
SP001435;PVN508;Revive chanh muối chai 390ml;pepsi;44000;38904;13;;;Lóc;SP001434;6;SP001434;;0
SP001436;PVN2490;Revive chanh muối chai 390ml;pepsi;160000;155616;3;;;thùng;SP001434;24;SP001434;;0
SP001437;8934588843051;Revive trắng bù muối khoáng 500ml;pepsi;8000;6768;105;;;chai;;1;;;0
SP001438;PVN507;Revive trắng bù muối khoáng 500ml;pepsi;46000;40608;18;;;lóc;SP001437;6;SP001437;;0
SP001439;PVN2491;Revive trắng bù muối khoáng 500ml;pepsi;168000;162432;4;;;thùng;SP001437;24;SP001437;;0
SP001440;8934588503559;Good Mood vị sữa chua chai 455ml;pepsi;7500;6580;0;;;chai;;1;;;0
SP001441;PVN637;Good Mood vị sữa chua chai 455ml;pepsi;42000;39480;0;;;lóc;SP001440;6;SP001440;;0
SP001442;PVN1116;Good Mood vị sữa chua chai 455ml;pepsi;152000;157920;0;;;thùng;SP001440;24;SP001440;;0
SP001443;8934588273551;Good Mood vị dâu chai 455ml;pepsi;7500;6167;71;;;chai;;1;;;0
SP001444;PVN5808;Good Mood vị dâu chai 455ml;pepsi;42000;37002;12;;;lóc;SP001443;6;SP001443;;0
SP001445;PVN5809;Good Mood vị dâu chai 455ml;pepsi;154000;148008;3;;;thùng;SP001443;24;SP001443;;0
SP001446;8934588233074;Sting dâu chai 330ml;pepsi;9000;7443;484;;;chai;;1;;;0
SP001447;PVN502;Sting dâu chai 330ml;pepsi;48000;44658;81;;;lóc;SP001446;6;SP001446;;0
SP001448;PVN1119;Sting dâu chai 330ml;pepsi;182000;178632;20;;;thùng;SP001446;24;SP001446;;0
SP001449;8934588232114;Sting vị dâu lon 330ml;pepsi;9000;7769;56;;;lon;;1;;;0
SP001450;PVN620;Sting vị dâu lon 330ml;pepsi;50000;46614;9;;;lóc;SP001449;6;SP001449;;0
SP001451;PVN895;Sting vị dâu lon 330ml;pepsi;192000;186456;2;;;thùng;SP001449;24;SP001449;;0
SP001452;8934588173073;Sting vàng chai 330ml;pepsi;8500;7385;33;;;chai;;1;;;0
SP001453;PVN1243;Sting vàng chai 330ml;pepsi;48000;44310;6;;;lóc;SP001452;6;SP001452;;0
SP001454;PVN1244;Sting vàng chai 330ml;pepsi;182000;177240;1;;;thùng;SP001452;24;SP001452;;0
SP001455;8934588452116;Sting xanh hương việt quốc lon 320ml;pepsi;9000;7405;45;;;lon;;1;;;0
SP001456;PVN8891;Sting xanh hương việt quốc lon 320ml;pepsi;50000;44430;8;;;Lóc;SP001455;6;SP001455;;0
SP001457;PVN8892;Sting xanh hương việt quốc lon 320ml;pepsi;186000;177720;2;;;thùng;SP001455;24;SP001455;;0
SP001458;8934588233050;Sting dâu chai 500ml;pepsi;11000;8890;165;;;chai;;1;;;0
SP001459;PVN8894;Sting dâu chai 500ml;pepsi;58000;53340;28;;;lóc;SP001458;6;SP001458;;0
SP001460;PVN8895;Sting dâu chai 500ml;pepsi;220000;213360;7;;;thùng;SP001458;24;SP001458;;0
SP001461;8934588883132;Mirinda cam chai 390ml;pepsi;6000;5164;75;;;chai;;1;;;0
SP001462;PVN636;Mirinda cam chai 390ml;pepsi;34000;30984;13;;;lóc;SP001461;6;SP001461;;0
SP001463;PVN2549;Mirinda cam chai 390ml;pepsi;128000;123936;3;;;thùng;SP001461;24;SP001461;;0
SP001464;8934588132117;Mirinda xá xị lon 320ml;pepsi;8000;6418;24;;;lon;;1;;;0
SP001465;PVN903;Mirinda xá xị lon 320ml;pepsi;44000;38508;4;;;lóc;SP001464;6;SP001464;;0
SP001466;PVN2492;Mirinda xá xị lon 320ml;pepsi;162000;154032;1;;;thùng;SP001464;24;SP001464;;0
SP001467;8934588133138;Mirinda xá xị chai 390ml;pepsi;6000;5164;91;;;chai;;1;;;0
SP001468;PVN573;Mirinda xá xị chai 390ml;pepsi;34000;30984;15;;;lóc;SP001467;6;SP001467;;0
SP001469;PVN1118;Mirinda xá xị chai 390ml;pepsi;128000;123936;4;;;thùng;SP001467;24;SP001467;;0
SP001470;8934588883064;Mirinda cam chai 1.5L;pepsi;16000;13284;22;;;chai;;1;;;0
SP001471;PVN3615;Mirinda cam chai 1.5L;pepsi;165000;159408;2;;;thùng;SP001470;12;SP001470;;0
SP001472;;Mirinda cam chai 1.5L;pepsi;83000;79704;4;;;Lóc;SP001470;6;SP001470;;0
SP001473;8934588133060;Mirinda xá xị chai 1.5L;pepsi;16000;13284;33;;;chai;;1;;;0
SP001474;PVN4807;Mirinda xá xị chai 1.5L;pepsi;165000;159408;3;;;thùng;SP001473;12;SP001473;;0
SP001476;8934588882111;Mirinda cam lon 320ml;pepsi;9000;7167;48;;;lon;;1;;;0
SP001477;PVN635;Mirinda cam lon 320ml;pepsi;46000;43002;8;;;lóc;SP001476;6;SP001476;;0
SP001478;PVN902;Mirinda cam lon 320ml;pepsi;160000;172008;2;;;thùng;SP001476;24;SP001476;;0
SP001479;8934588362118;Mirinda soda kem lon 320ml;pepsi;9000;6829;66;;;lon;;1;;;0
SP001480;PVN501;Mirinda soda kem lon 320ml;pepsi;46000;40974;11;;;lóc;SP001479;6;SP001479;;0
SP001481;PVN905;Mirinda soda kem lon 320ml;pepsi;168000;163896;3;;;thùng;SP001479;24;SP001479;;0
SP001482;8934588363061;Mirinda soda kem chai 1.5L;pepsi;16000;13284;70;;;chai;;1;;;0
SP001483;PVN4808;Mirinda soda kem chai 1.5L;pepsi;165000;159408;6;;;thùng;SP001482;12;SP001482;;0
SP001484;8934588022111;7up lon 320ml;pepsi;9000;6944;37;;;lon;;1;;;0
SP001485;PVN585;7up lon 320ml;pepsi;46000;41664;6;;;lóc;SP001484;6;SP001484;;0
SP001486;PVN901;7up lon 320ml;pepsi;172000;166656;2;;;thùng;SP001484;24;SP001484;;0
SP001487;8934588023132;7up chai 390ml;pepsi;6000;5164;71;;;chai;;1;;;0
SP001488;PVN574;7up chai 390ml;pepsi;34000;30984;12;;;lóc;SP001487;6;SP001487;;0
SP001489;PVN1954;7up chai 390ml;pepsi;128000;123936;3;;;thùng;SP001487;24;SP001487;;0
SP001490;8934588023064;7up chai 1.5L;pepsi;16000;13284;22;;;chai;;1;;;0
SP001491;PVN4636;7up chai 1.5L;pepsi;165000;159408;2;;;thùng;SP001490;12;SP001490;;0
SP001492;8934588013133;Pepsi chai 390ml;pepsi;6000;5164;98;;;chai;;1;;;0
SP001493;PVN654;Pepsi chai 390ml;pepsi;34000;30984;16;;;lóc;SP001492;6;SP001492;;0
SP001494;PVN1117;Pepsi chai 390ml;pepsi;128000;123936;4;;;thùng;SP001492;24;SP001492;;0
SP001495;8934588012112;Pepsi lon 320ml;pepsi;8000;6402;69;;;lon;;1;;;0
SP001496;PVN874;Pepsi lon 320ml;pepsi;46000;38409;12;;;lóc;SP001495;6;SP001495;;0
SP001497;PVN7777;Pepsi lon 320ml;pepsi;172000;153636;3;;;thùng;SP001495;24;SP001495;;0
SP001498;8934588013065;Pepsi chai 1.5L;pepsi;16000;13284;21;;;chai;;1;;;0
SP001499;PVN4806;Pepsi chai 1.5L;pepsi;165000;159408;2;;;thùng;SP001498;12;SP001498;;0
SP001501;8934588013669;Pepsi chai 600ml;pepsi;8500;6359;118;;;chai;;1;;;0
SP001502;PVN6785;Pepsi chai 600ml;pepsi;44000;38154;20;;;lóc;SP001501;6;SP001501;;0
SP001503;PVN6786;Pepsi chai 600ml;pepsi;158000;152616;5;;;thùng;SP001501;24;SP001501;;0
SP001504;8936000829254;Mì Unif bò rau thơm gói 72g;Tiểu nhị;3500;3034;151;;;gói;;1;;;0
SP001505;PVN1517;Mì Unif bò rau thơm gói 72g;Tiểu nhị;96000;91020;5;;;thùng;SP001504;30;SP001504;;0
SP001506;8936000820329;Mì Unif vị bò cay gói 72g;Tiểu nhị;3500;3267;0;;;gói;;1;;;0
SP001507;PVN7887;Mì Unif vị bò cay gói 72g;Tiểu nhị;102000;98010;0;;;thùng;SP001506;30;SP001506;;0
SP001508;8936000829285;Mì tiểu nhị thịt sốt chua cay 72g;Tiểu nhị;3500;3033;69;;;gói;;1;;;0
SP001509;PVN1513;Mì tiểu nhị thịt sốt chua cay 72g;Tiểu nhị;96000;90990;2;;;thùng;SP001508;30;SP001508;;0
SP001510;8936000820053;Mì tiểu nhị hải sản sốt me 72g;Tiểu nhị;3500;3063;84;;;gói;;1;;;0
SP001511;PVN1519;Mì tiểu nhị hải sản sốt me 72g;Tiểu nhị;95000;91890;3;;;thùng;SP001510;30;SP001510;;0
SP001512;8936000829278;Mì xào tiểu nhị thịt xào sốt hành 72g;Tiểu nhị;3500;3234;119;;;gói;;1;;;0
SP001513;PVN1521;Mì xào tiểu nhị thịt xào sốt hành 72g;Tiểu nhị;96000;97020;4;;;thùng;SP001512;30;SP001512;;0
SP001514;8936000820183;Mì Tiểu nhị Spaghetti bò xốt chua cay hộp 105g;Tiểu nhị;15000;12000;45;;;hộp;;1;;;0
SP001515;PVN5820;Mì Tiểu nhị Spaghetti bò xốt chua cay hộp 105g;Tiểu nhị;144000;144000;4;;;thùng;SP001514;12;SP001514;;0
SP001516;8936000820077;Mì Tiểu nhị Spaghetti bò hầm xốt cà chua hộp 105g;Tiểu nhị;15000;11231;32;;;hộp;;1;;;0
SP001517;PVN5457;Mì Tiểu nhị Spaghetti bò hầm xốt cà chua hộp 105g;Tiểu nhị;144000;134772;3;;;thùng;SP001516;12;SP001516;;0
SP001518;8935004010217;Mắm tôm bắc Trí Hải 115g;Trí hải;8000;5750;5;;;chai;;1;;;0
SP001519;8935004070518;Mắm tôm trí hải đại 225g;Trí hải;16000;14917;6;;;chai;;1;;;0
SP001520;8935004078873;Mắm ruốc trí hải có gia vị 408g;Trí hải;42000;36334;24;;;hũ;;1;;;0
SP001521;TH90g;Mắm ruốc trí hải có gia vị hũ 90g;Trí hải;12000;8584;31;;;hũ;;1;;;0
SP001522;8935004030994;Mắm ruốc xào sả có gia vị trí hải 192g;Trí hải;25000;20834;30;;;hũ;;1;;;0
SP001523;8934637212531;Tương cà Cholimex 270g;Cholimex;12000;11000;20;;;chai;;1;;;0
SP001524;PVN6476;Tương cà Cholimex 270g;Cholimex;274000;264000;1;;;thùng;SP001523;24;SP001523;;0
SP001525;8934637513362;Tương đen Cholimex chai 230g;Cholimex;12000;9500;21;;;chai;;1;;;0
SP001526;PVN6686;Tương đen Cholimex chai 230g;Cholimex;336000;228000;1;;;thùng;SP001525;24;SP001525;;0
SP001527;8934637042534;Tương ớt xí muội Cholimex chai 270g;Cholimex;12000;11000;0;;;chai;;1;;;0
SP001528;PVN6932;Tương ớt xí muội Cholimex chai 270g;Cholimex;268000;264000;0;;;thùng;SP001527;24;SP001527;;0
SP001529;8934637513621;Sa tế tôm XO Cholimex chai 100g;Cholimex;11000;10500;0;;;chai;;1;;;0
SP001530;8934637514062;Tương cà Ketchup Cholimex chai 330g;Cholimex;26000;22500;2;;;chai;;1;;;0
SP001531;8934637514871;Xốt ướp thịt nướng Cholimex gói 70g;Cholimex;8000;6635;0;;;bịch;;1;;;0
SP001532;8934637514925;Tương hột cholimex 250g;Cholimex;12000;9500;24;;;hộp;;1;;;0
SP001533;8934637515397;Nước tương đậu nành đậm đặc cholimex 300ml;Cholimex;16000;13100;14;;;chai;;1;;;0
SP001534;8934637011523;Tương ớt Cholimex chai 270g;Cholimex;12000;11000;8;;;chai;;1;;;0
SP001535;PVN6303;Tương ớt Cholimex chai 270g;Cholimex;264000;264000;0;;;thùng;SP001534;24;SP001534;;0
SP001536;8934637514413;Tương ớt cholimex nắp xuôi chai 250g;Cholimex;14000;12000;5;;;chai;;1;;;0
SP001537;8934637516318;Nước mắm chay cholimex 245ml;Cholimex;22000;18500;0;;;chai;;1;;;0
SP001538;PVN6989;Nước mắm chay cholimex 245ml;Cholimex;455000;444000;0;;;Thùng;SP001537;24;SP001537;;0
SP001539;8934637516073;Dầu hào Cholimex chai 170g;Cholimex;12000;10000;16;;;chai;;1;;;0
SP001540;PVN6754;Dầu hào Cholimex chai 170g;Cholimex;492000;480000;0;;;thùng;SP001539;48;SP001539;;0
SP001541;8934637515731;Xốt ướp bò kho Cholimex gói 90g;Cholimex;10000;9000;25;;;bịch;;1;;;0
SP001542;8934637515236;Xốt ướp thịt xá xíu Cholimex gói 70g;Cholimex;8000;6800;48;;;bịch;;1;;;0
SP001543;8934637515663;Dầu hào Cholimex chai 350g;Cholimex;22000;19600;6;;;chai;;1;;;0
SP001544;PVN6934;Dầu hào Cholimex chai 350g;Cholimex;482000;470400;0;;;thùng;SP001543;24;SP001543;;0
SP001545;8934637515465;Gia vị thịt kho Cholimex gói 50g;Cholimex;7000;5500;11;;;gói;;1;;;0
SP001546;8934637515441;Gia vị kho cá Cholimex gói 50g;Cholimex;7000;5500;7;;;gói;;1;;;0
SP001547;8934637515403;Nước tương lên men Cholimex đậm đặc 700ml;Cholimex;28000;24500;7;;;chai;;1;;;0
SP001548;8934637515670;Dầu hào cholimex chai 820g;Cholimex;45000;41000;0;;;chai;;1;;;0
SP001549;PVN6933;Dầu hào cholimex chai 820g;Cholimex;505000;492000;0;;;thùng;SP001548;12;SP001548;;0
SP001550;8934637515014;Nước mắm Cholimex 35 độ chai 750ml;Cholimex;76000;72500;0;;;chai;;1;;;0
SP001551;8934637514734;Xốt ướp thịt nướng Cholimex hũ 200g;Cholimex;25000;21000;0;;;hũ;;1;;;0
SP001552;8934637513423;Tương ớt Cholimex chai 830g;Cholimex;30000;27800;10;;;chai;;1;;;0
SP001553;PVN6935;Tương ớt Cholimex chai 830g;Cholimex;344000;333600;1;;;thùng;SP001552;12;SP001552;;0
SP001554;8934637514932;Lẩu thái Cholimex chai 280g;Cholimex;20000;17200;23;;;chai;;1;;;0
SP001555;PVN6936;Lẩu thái Cholimex chai 280g;Cholimex;435000;412800;1;;;thùng;SP001554;24;SP001554;;0
SP001556;8935025531401;Heo 2 lát Cholimex hộp 160g;Cholimex;19000;16000;6;;;hộp;;1;;;0
SP001557;10267141;Sate tôm Cholimex 100g;Cholimex;12000;10500;99;;;chai;;1;;;0
SP001558;8934637514314;Sa tế tôm Cholimex chai 90g;Cholimex;9000;6857;31;;;chai;;1;;;0
SP001559;8934637516660;Xốt ướp thịt Hàn Quốc vị cay Cholimex gói 70g;Cholimex;12000;10000;4;;;gói;;1;;;0
SP001560;8934637517216;Sốt sườn xào chua ngọt Cholimex bịch 90g;Cholimex;12000;9400;7;;;bịch;;1;;;0
SP001561;8934637517209;Xốt gà chiên nước mắm 90g CHOLIMEX;Cholimex;9000;7200;13;;;bịch;;1;;;0
SP001562;8934637517247;Nước mắm Cholimex 30 độ đạm chai 500ml;Cholimex;48000;43500;5;;;chai;;1;;;0
SP001563;8934637517308;Nước mắm Cholimex 30 độ đạm chai 750ml;Cholimex;68000;63500;2;;;chai;;1;;;0
SP001564;8934637517315;Nước mắm Cholimex 40 độ đạm chai 750ml;Cholimex;84000;78500;0;;;chai;;1;;;0
SP001565;8934637517254;Nước mắm Cholimex 40 độ đạm chai 500ml;Cholimex;62000;58500;5;;;chai;;1;;;0
SP001566;8934637517834;Nước mắm Cholimex tinh túy cá cơm 40 độ đạm chai 60ml;Cholimex;15000;12500;10;;;chai;;1;;;0
SP001567;PVN8247;Nước mắm Cholimex tinh túy cá cơm 40 độ đạm chai 60ml;Cholimex;158000;150000;1;;;lóc;SP001566;12;SP001566;;0
SP001568;8934637517193;Xốt cá chiên cholimex bịch 90g;Cholimex;9000;7000;17;;;bịch;;1;;;0
SP001569;8934637515229;Xốt ướp xá xíu Cholimex hũ 200g;Cholimex;24000;21000;21;;;hũ;;1;;;0
SP001570;8934637517650;Nước mắm Cholimex 40 độ đạm chai 150ml;Cholimex;26000;23500;10;;;chai;;1;;;0
SP001571;8934637515588;Nước mắm Cholimex 35 độ đạm chai 150ml;Cholimex;22000;18500;15;;;chai;;1;;;0
SP001572;8934637515656;Nước tương đậu nành Cholimex chai 150ml;Cholimex;10000;7500;0;;;chai;;1;;;0
SP001573;8934637519234;Xốt ướp bò né Cholimex 90g;Cholimex;10000;9000;56;;;bịch;;1;;;0
SP001574;8934637513553;Sa tế tôm XO Cholimex hũ 170g;Cholimex;27000;23400;30;;;hũ;;1;;;0
SP001575;8934637519463;Xốt chấm thịt nướng Cholimex chai 270g;Cholimex;28000;24500;6;;;chai;;1;;;0
SP001576;8934637516400;Nước mắm nguyên chất 40 độ đạm Cholimex chai 150ml;Cholimex;50000;44500;6;;;chai;;1;;;0
SP001577;8934637515007;Nước mắm Cholimex 35 độ chai 500ml;Cholimex;56000;52000;5;;;chai;;1;;;0
SP001578;8934637515359;Tương cà cholimex 830g;Cholimex;30000;27800;16;;;chai;;1;;;0
SP001579;PVN9559;Tương cà cholimex 830g;Cholimex;350000;333600;1;;;thùng;SP001578;12;SP001578;;0
SP001580;8936010681675;Hủ tiếu nam vang cung đình gói 70g;Cung đình;9000;7603;175;;;gói;;1;;;0
SP001581;PVN1160;Hủ tiếu nam vang cung đình gói 70g;Cung đình;255000;182472;7;;;thùng;SP001580;24;SP001580;;0
SP001582;PVN4978;Hủ tiếu nam vang cung đình gói 70g;Cung đình;87000;76030;18;;;lóc;SP001580;10;SP001580;;0
SP001583;8936010681415;Phở bò cung đình gói 68g;Cung đình;9000;7800;85;;;gói;;1;;;0
SP001584;PVN2736;Phở bò cung đình gói 68g;Cung đình;236000;234000;3;;;thùng;SP001583;30;SP001583;;0
SP001585;PVN3573;Phở bò cung đình gói 68g;Cung đình;82000;78000;9;;;lóc;SP001583;10;SP001583;;0
SP001586;8936104380057;Mì Cung Đình hương vị tôm chua cay ly 71g;Cung đình;9000;7750;11;;;ly;;1;;;0
SP001587;PVN2384;Mì Cung Đình hương vị tôm chua cay ly 71g;Cung đình;85000;77500;1;;;lóc;SP001586;10;SP001586;;0
SP001588;PVN2385;Mì Cung Đình hương vị tôm chua cay ly 71g;Cung đình;192000;186000;0;;;thùng;SP001586;24;SP001586;;0
SP001589;8936104380316;Mì tô kool cung đình vị nướng BBQ hộp 105g;Cung đình;16000;12917;9;;;hộp;;1;;;0
SP001590;PVN3654;Mì tô kool cung đình vị nướng BBQ hộp 105g;Cung đình;160000;155004;1;;;thùng;SP001590;12;SP001590;;0
SP001591;8936010682122;Hủ tiếu sườn heo cung đình gói 84g;Cung đình;9000;7603;74;;;gói;;1;;;0
SP001592;PVN6149;Hủ tiếu sườn heo cung đình gói 84g;Cung đình;87000;76030;7;;;lóc;SP001591;10;SP001591;;0
SP001593;PVN6150;Hủ tiếu sườn heo cung đình gói 84g;Cung đình;255000;228090;2;;;thùng;SP001591;30;SP001591;;0
SP001594;8936104380439;Mì cung đình vị bò hầm ly 64g;Cung đình;9000;7750;20;;;ly;;1;;;0
SP001595;PVN6905;Mì cung đình vị bò hầm ly 64g;Cung đình;192000;186000;1;;;thùng;SP001594;24;SP001594;;0
SP001596;PVN9542;Mì cung đình vị bò hầm ly 64g;Cung đình;85000;77500;2;;;10;SP001594;10;SP001594;;0
SP001597;8936010683204;Hủ tiếu bò kho cung đình 85g;Cung đình;9000;7603;0;;;gói;;1;;;0
SP001598;PVN9272;Hủ tiếu bò kho cung đình 85g;Cung đình;87000;76030;0;;;10;SP001597;10;SP001597;;0
SP001599;PVN9273;Hủ tiếu bò kho cung đình 85g;Cung đình;255000;228090;0;;;thùng;SP001597;30;SP001597;;0
SP001600;8934663192562;Mì Yes Mom vị tôm chua cay ly 79.2g;Vị hương;8000;6960;20;;;ly;;1;;;0
SP001601;PVN9093;Mì Yes Mom vị tôm chua cay ly 79.2g;Vị hương;172000;69600;2;;;thùng;SP001600;10;SP001600;;0
SP001602;PVN9094;Mì Yes Mom vị tôm chua cay ly 79.2g;Vị hương;76000;167040;1;;;10 ly;SP001600;24;SP001600;;0
SP001603;8934663192708;Mì Yes Mom hương vị sườn heo ly 79.2g;Vị hương;8000;6858;39;;;ly;;1;;;0
SP001604;PVN9096;Mì Yes Mom hương vị sườn heo ly 79.2g;Vị hương;76000;68580;4;;;10 ly;SP001603;10;SP001603;;0
SP001605;PVN9097;Mì Yes Mom hương vị sườn heo ly 79.2g;Vị hương;172000;164592;2;;;thùng;SP001603;24;SP001603;;0
SP001606;8934663192586;Hủ tiếu mì Yes Mom hương vị thịt bầm ly 79.2g;Vị hương;8000;6858;0;;;ly;;1;;;0
SP001607;PVN9099;Hủ tiếu mì Yes Mom hương vị thịt bầm ly 79.2g;Vị hương;76000;68580;0;;;10 ly;SP001606;10;SP001606;;0
SP001608;PVN9100;Hủ tiếu mì Yes Mom hương vị thịt bầm ly 79.2g;Vị hương;172000;164592;0;;;thùng;SP001606;24;SP001606;;0
SP001609;8934663103025;Mì 1kg Vị hương;Vị hương;32000;30500;10;;;gói;;1;;;0
SP001610;PVN9386;Mì 1kg Vị hương;Vị hương;310000;305000;1;;;thùng;SP001609;10;SP001609;;0
SP001611;8934663102288;Mì vị hương 6 tôm gói 65g;Vị hương;3000;2635;253;;;gói;;1;;;0
SP001612;PVN9083;Mì vị hương 6 tôm gói 65g;Vị hương;28000;26350;25;;;10 gói;SP001611;10;SP001611;;0
SP001613;PVN9084;Mì vị hương 6 tôm gói 65g;Vị hương;269000;263500;3;;;thùng;SP001611;100;SP001611;;0
SP001614;8934663102721;Mì vị hương 2 tôm gói 60g;Vị hương;3000;2455;161;;;gói;;1;;;0
SP001615;PVN9254;Mì vị hương 2 tôm gói 60g;Vị hương;28000;24550;16;;;10 gói;SP001614;10;SP001614;;0
SP001616;PVN9255;Mì vị hương 2 tôm gói 60g;Vị hương;258000;245500;2;;;thùng;SP001614;100;SP001614;;0
SP001617;8934683008737;Ngũ cốc dinh dưỡng B'fast bịch 500g;Chinsu;54000;51100;27;;;gói;;1;;;0
SP001618;PVN6075;Ngũ cốc dinh dưỡng B'fast bịch 500g;Chinsu;734000;715400;2;;;thùng;SP001617;14;SP001617;;0
SP001619;8934683001257;Cà phê Chất cà phê sữa đá sài gòn hộp 290g (10gói x 29gr);Chinsu;50000;47100;11;;;hộp;;1;;;0
SP001620;8935024163504;Cà phê Trung nguyên Sáng Tạo 1 gói 340g;Trung nguyên;84000;79500;2;;;bịch;;1;;;0
SP001621;8935024115169;Cà phê Trung Nguyên S gói 500g;Trung nguyên;74000;70200;12;;;bịch;;1;;;0
SP001622;8935024163528;Cà phê Trung nguyên Sáng tạo 3 gói 340g;Trung nguyên;118000;112000;0;;;bịch;;1;;;0
S100;8935024111154;Cà phê Trung nguyên S Chinh phục gói 100g;Trung nguyên;17000;15300;100;;;bịch;;1;;;0
S100L;PVN3044;Cà phê Trung nguyên S Chinh phục gói 100g;Trung nguyên;80000;153000;10;;;lóc;S100;10;S100;;0
SP001625;8935024163511;Cà phê Trung Nguyên sáng tạo 2 gói 340g;Trung nguyên;98000;93000;0;;;bịch;;1;;;0
SP001626;8935024123287;Cà phê G7 3in1 hộp 336g (21gói x 16g);Trung nguyên;70000;66240;21;;;hộp;;1;;;0
SP001627;PVN5762;Cà phê G7 3in1 hộp 336g (21gói x 16g);Trung nguyên;1650000;1589760;1;;;thùng;SP001626;24;SP001626;;0
SP001628;;Cafe G7 gói 16g;Trung nguyên;4000;3185;469;;;gói;;1;;;0
SP001629;8935024120330;Cafe G7 gói 16g;Trung nguyên;36000;31850;47;;;dây;SP001628;10;SP001628;;0
SP001630;8935024129357;Cà phê G7 3in1 bịch 800g (50 gói x 16g);Trung nguyên;172000;163000;1;;;bịch;;1;;;0
SP001631;PVN6951;Cà phê G7 3in1 bịch 800g (50 gói x 16g);Trung nguyên;1640000;1630000;0;;;thùng;SP001630;10;SP001630;;0
SP001632;8935024122396;Cà phê đen G7 2in1 hộp 240g;Trung nguyên;70000;68000;15;;;hộp;;1;;;0
SP001633;PVN5873;Cà phê đen G7 2in1 hộp 240g;Trung nguyên;1650000;1632000;1;;;thùng;SP001632;24;SP001632;;0
SP001634;8935024173084;Cà phê G7 3in1 bịch 320g (20 gói x 16g);Trung nguyên;78000;75000;0;;;bịch;;1;;;0
SP001635;PVN7089;Cà phê G7 3in1 bịch 320g (20 gói x 16g);Trung nguyên;1520000;1800000;0;;;thùng;SP001634;24;SP001634;;0
SP001636;8938553164592;Cà phê bảo minh 2 bịch 500g;Bảo minh;74000;70000;49;;;bich;;1;;;0
SP001637;8936010170124;Cà phê Bảo Minh bịch 100g;Bảo minh;16000;14200;181;;;bịch;;1;;;0
SP001638;PVN2417;Cà phê Bảo Minh bịch 100g;Bảo minh;75000;71000;36;;;lốc;SP001637;5;SP001637;;0
SP001639;8934833470124;Cà phê sữa Ngon More in 1 bịch 480g (24góix20g);Trần quang;42000;39381;47;;;bịch;;1;;;0
SP001640;PVN8889;Cà phê sữa Ngon More in 1 bịch 480g (24góix20g);Trần quang;850000;827001;2;;;thùng;SP001639;21;SP001639;;0
SP001641;8934833470025;Cafe sữa hòa tan 3in1 Good Morning;Trần quang;39000;37858;108;;;gói;;1;;;0
SP001642;PVN1920;Cafe sữa hòa tan 3in1 Good Morning;Trần quang;790000;795018;5;;;thùng;SP001641;21;SP001641;;0
SP001643;8936024241667;Cà phê Phố sữa đá hộp 240g;Cafe Phố;48000;45000;3;;;hộp;;1;;;0
SP001644;PVN8109;Cà phê phố đen đá gói 16g;Cafe Phố;4000;3500;25;;;gói;;1;;;0
SP001645;8936024243968;Cà phê phố đen đá gói 16g;Cafe Phố;38000;35000;3;;;dây;SP001644;10;SP001644;;0
SP001646;8936024241629;Cà phê phố đen đá gói 16g;Cafe Phố;175000;175000;1;;;bịch;SP001644;50;SP001644;;0
SP001647;8936024243975;Cà phê Phố đen đá hộp 160g;Cafe Phố;42000;32000;35;;;hộp;;1;;;0
SP001648;;Cà phê Phố sữa đá gói 24g;Cafe Phố;5000;4365;687;;;gói;;1;;;0
SP001649;8936024241650;Cà phê Phố sữa đá gói 24g;Cafe Phố;46000;43650;69;;;dây;SP001648;10;SP001648;;0
SP001650;PVN7718;Cà phê Phố sữa đá gói 24g;Cafe Phố;2660000;2619000;1;;;thùng;SP001648;600;SP001648;;0
SP001651;8936024244101;Cà phê Phố sữa đá bịch 720g (30gói/24g);Cafe Phố;140000;133000;11;;;bịch;;1;;;0
SP001652;8936024241766;Cà phê phố sữa nóng hộp 160g (10 gói x 16g);Cafe Phố;42000;38000;10;;;hộp;;1;;;0
SP001653;8934683007655;Cà phê Phil 2in1 hộp 240g (15góix16g);Chinsu;60000;57200;9;;;hộp;;1;;;0
SP001654;8934683008614;Vinacafe bịch 480g (24 gói x 20g);Chinsu;72000;70700;29;;;bịch;;1;;;0
SP001655;PVN5983;Vinacafe bịch 480g (24 gói x 20g);Chinsu;1428000;1414000;1;;;thùng;SP001654;20;SP001654;;0
SP001656;8934683009444;VinaCafe Gold hộp 360g (18gx20gr);Chinsu;58000;55600;0;;;hộp;;1;;;0
SP001657;8934683011225;Vinacafe Special đỏ hộp 306g (18gói x 17g);Chinsu;55000;52900;6;;;hộp;;1;;;0
SP001658;8934683007044;Wakeup cafe cà phê Sài Gòn bịch 494g (26 gói x19);Chinsu;47000;45000;12;;;bịch;;1;;;0
SP001659;PVN6122;Wakeup cafe cà phê Sài Gòn bịch 494g (26 gói x19);Chinsu;920000;900000;1;;;thùng;SP001658;20;SP001658;;0
SP001660;8934683008867;NTL Wakeup 247 vị cà phê chai 330ml;Chinsu;9000;7280;144;;;chai;;1;;;0
SP001661;PVN2857;NTL Wakeup 247 vị cà phê chai 330ml;Chinsu;48000;43680;24;;;lóc;SP001660;6;SP001660;;0
SP001662;PVN2858;NTL Wakeup 247 vị cà phê chai 330ml;Chinsu;188000;174720;6;;;thùng;SP001660;24;SP001660;;0
SP001663;8934683010679;Cafe Wakeup Mekong cam bịch 432g;Chinsu;38000;34000;10;;;bịch;;1;;;0
SP001664;PVN9109;Cafe Wakeup Mekong cam bịch 432g;Chinsu;720000;680000;1;;;thùng;SP001663;20;SP001663;;0
SP001665;8934683010662;Cafe Wakeup Mekong xanh bịch 432g;Chinsu;38000;34000;6;;;bịch;;1;;;0
SP001666;PVN9405;Cafe Wakeup Mekong xanh bịch 432g;Chinsu;720000;680000;0;;;thùng;SP001665;20;SP001665;;0
SP001667;8936035100397;Bơ thực vật Tường An hộp 80g;Tường an;9000;6819;1;;;hộp;;1;;;0
SP001668;8936035100403;Bơ thực vật Tường An 200g;Tường an;18000;14091;0;;;hộp;;1;;;0
SP001669;8936035100311;Dầu đậu nành Tường An chai 1L;Tường an;52000;46560;10;;;chai;;1;;;0
SP001670;PVN6930;Dầu đậu nành Tường An chai 1L;Tường an;568000;558720;1;;;thùng;SP001669;12;SP001669;;0
SP001671;8936035100328;Dầu đậu nành Tường An chai 2L;Tường an;102000;109769;13;;;chai;;1;;;0
SP001672;PVN6931;Dầu đậu nành Tường An chai 2L;Tường an;563000;658614;2;;;thùng;SP001671;6;SP001671;;0
SP001673;8936035100038;Dầu Tường An Cooking Oil chai 1L;Tường an;46000;43000;16;;;chai;;1;;;0
SP001674;PVN8366;Dầu Tường An Cooking Oil chai 1L;Tường an;528000;516000;1;;;thùng;SP001673;12;SP001673;;0
SP001675;8936035100588;Dầu tường an Olita chai 1L;Tường an;40000;38600;34;;;chai;;1;;;0
SP001676;PVN5448;Dầu tường an Olita chai 1L;Tường an;480000;463200;3;;;thùng;SP001675;12;SP001675;;0
SP001677;8936035100595;Dầu tường an Olita chai 2L;Tường an;79000;77300;14;;;chai;;1;;;0
SP001678;PVN7010;Dầu tường an Olita chai 2L;Tường an;474000;463800;2;;;thùng;SP001677;6;SP001677;;0
SP001679;8936035100571;Dầu tường an Olita chai 400ml;Tường an;20000;17500;94;;;chai;;1;;;0
SP001680;PVN7985;Dầu tường an Olita chai 400ml;Tường an;480000;420000;4;;;thùng;SP001679;24;SP001679;;0
SP001681;8936035100601;Dầu tường an Olita chai 5L;Tường an;180000;176750;7;;;chai;;1;;;0
SP001682;PVN5708;Dầu tường an Olita chai 5L;Tường an;746000;707000;2;;;thùng;SP001683;4;SP001683;;0
SP001683;8934988040043;Dầu Orchid can 5L;Cái Lân;172000;168000;0;;;can;;1;;;0
SP001684;PVN8630;Dầu Orchid can 5L;Cái Lân;680000;672000;0;;;thùng;SP001685;4;SP001685;;0
SP001685;8934988062021;Dầu đậu nành Meizan chai 1L;Cái Lân;47000;44800;48;;;chai;;1;;;0
SP001686;PVN7462;Dầu đậu nành Meizan chai 1L;Cái Lân;544000;537600;4;;;thùng;SP001685;12;SP001685;;0
SP001687;8934988063028;Dầu Meizan Gold chai 1L;Cái Lân;44000;42000;31;;;chai;;1;;;0
SP001688;PVN6608;Dầu Meizan Gold chai 1L;Cái Lân;514000;504000;3;;;thùng;SP001687;12;SP001687;;0
SP001690;8938509627157;Nui cao cấp Meizan ống dài bịch 200g;Cái Lân;12000;9466;0;;;bịch;;1;;;0
SP001691;8934988070101;Bơ thực vật Meizan hộp 80g;Cái Lân;8000;5917;10;;;hộp;;1;;;0
SP001692;8934988062038;Dầu đậu nành Meizan chai 2L;Cái Lân;92000;90034;16;;;can;;1;;;0
SP001693;PVN6882;Dầu đậu nành Meizan chai 2L;Cái Lân;532000;540204;3;;;thùng;SP001692;6;SP001692;;0
SP001694;8934988063035;Dầu Meizan Gold chai 2L;Cái Lân;85000;81000;13;;;can;;1;;;0
SP001695;PVN6609;Dầu Meizan Gold chai 2L;Cái Lân;508000;486000;2;;;thùng;SP001694;6;SP001694;;0
SP001696;8936055280642;Bột mì đa dụng Meizan bịch 500g;Cái Lân;10000;8623;126;;;bịch;;1;;;0
SP001697;PVN5408;Bột mì đa dụng Meizan bịch 500g;Cái Lân;178000;172460;6;;;thùng;SP001696;20;SP001696;;0
SP001698;8938509627232;Mì trứng Meizan gói 250g;Cái Lân;16000;12974;5;;;túi;;1;;;0
SP001699;PVN5930;Mì trứng Meizan gói 250g;Cái Lân;342000;311376;0;;;thùng;SP001698;24;SP001698;;0
SP001700;8938509627140;Nui cao cấp Meizan chữ C bịch 200g;Cái Lân;12000;9540;0;;;bịch;;1;;;0
SP001701;8934988070118;Bơ thực vật Meizan hộp 200g;Cái Lân;15000;12584;16;;;hộp;;1;;;0
SP001702;8938509627195;Mì trứng Meizan sợi nhỏ gói 500g;;27000;24700;0;;;gói;;1;;;0
SP001703;8938509627256;Nui gạo Meizan chữ C bịch 200g;Cái Lân;12000;9750;0;;;bịch;;1;;;0
SP001704;8938509627744;Nui rau củ Meizan bịch 200g;Cái Lân;13000;9750;0;;;bịch;;1;;;0
SP001705;8938509627553;Nui cao cấp Meizan hình sao bịch 200g;Cái Lân;12000;9466;6;;;bịch;;1;;;0
SP001706;8934988020021;Dầu đậu nành Simply chai 1L;Cái Lân;54000;52500;132;;;chai;;1;;;0
SP001707;PVN6991;Dầu đậu nành Simply chai 1L;Cái Lân;640000;630000;11;;;thùng;SP001706;12;SP001706;;0
SP001708;8934988020038;Dầu đậu nành Simply chai 2L;Cái Lân;106000;104800;27;;;chai;;1;;;0
SP001709;PVN6220;Dầu đậu nành Simply chai 2L;Cái Lân;634000;628800;5;;;thùng;SP001708;6;SP001708;;0
SP001710;8934988021028;Dầu gạo lứt Simply chai 1L;Cái Lân;60000;58075;26;;;chai;;1;;;0
SP001711;PVN7634;Dầu gạo lứt Simply chai 1L;Cái Lân;708000;696900;2;;;thùng;SP001710;12;SP001710;;0
SP001712;8936221048076;Nước mắm Nam Ngư đỏ chai 500ml;Chinsu;33000;32500;0;;;chai;;1;;;0
SP001713;PVN6409;Nước mắm Nam Ngư đỏ chai 500ml;Chinsu;742000;780000;0;;;thùng;SP001712;24;SP001712;;0
SP001714;8936221048083;Nước mắm Nam Ngư đỏ chai 750ml;Chinsu;45000;43200;50;;;chai;;1;;;0
SP001715;PVN1957;Nước mắm Nam Ngư đỏ chai 750ml;Chinsu;794000;777600;3;;;thùng;SP001714;18;SP001714;;0
SP001716;8936017369231;Nước mắm Nam Ngư nhãn vàng chai 650ml;Chinsu;45000;43000;13;;;chai;;1;;;0
SP001717;PVN6284;Nước mắm Nam Ngư nhãn vàng chai 650ml;Chinsu;524000;516000;1;;;thùng;SP001716;12;SP001716;;0
SP001718;8936017366605;Nước mắm nam ngư siêu tiết kiệm chai 800ml;Chinsu;13000;11800;49;;;chai;;1;;;0
SP001719;PVN5774;Nước mắm nam ngư siêu tiết kiệm chai 800ml;Chinsu;218000;212400;3;;;thùng;SP001718;18;SP001718;;0
SP001720;8936221044382;Nước mắm Nam Ngư ớt tỏi Lý Sơn chai 300ml;Chinsu;32000;27500;11;;;chai;;1;;;0
SP001721;PVN6844;Nước mắm Nam Ngư ớt tỏi Lý Sơn chai 300ml;Chinsu;342000;330000;1;;;thùng;SP001720;12;SP001720;;0
SP001722;8936236470978;Nước mắm Nam Ngư đỏ thủy tinh chai 500ml;Chinsu;33000;31000;13;;;chai;;1;;;0
SP001723;8936017361914;Nước chấm Nam Ngư Đệ Nhị chai 900ml;Chinsu;22000;20985;298;;;chai;;1;;;0
SP001724;PVN1955;Nước chấm Nam Ngư Đệ Nhị chai 900ml;Chinsu;322000;314775;20;;;thùng;SP001723;15;SP001723;;0
SP001725;8936017367169;Nước tương Tam Thái Tử nhị ca chai 500ml;Chinsu;8000;5952;0;;;chai;;1;;;0
SP001726;PVN4782;Nước tương Tam Thái Tử nhị ca chai 500ml;Chinsu;42000;35712;0;;;lóc;SP001725;6;SP001725;;0
SP001727;PVN6550;Nước tương Tam Thái Tử nhị ca chai 500ml;Chinsu;155000;142848;0;;;thùng;SP001725;24;SP001725;;0
SP001728;8936017367091;Nước tương Tam Thái Tử nhất ca chai 500ml;Chinsu;20000;18500;81;;;chai;;1;;;0
SP001729;PVN6231;Nước tương Tam Thái Tử nhất ca chai 500ml;Chinsu;454000;444000;3;;;thùng;SP001728;24;SP001728;;0
SP001730;PVN6551;Nước tương Tam Thái Tử nhất ca chai 500ml;Chinsu;118000;111000;14;;;lóc;SP001728;6;SP001728;;0
SP001731;8936017367107;Nước tương tam thái tử nhất ca chai 650ml;Chinsu;23000;20800;16;;;chai;;1;;;0
SP001732;PVN6232;Nước tương tam thái tử nhất ca chai 650ml;Chinsu;255000;249600;1;;;thùng;SP001731;12;SP001731;;0
SP001733;PVN6552;Nước tương tam thái tử nhất ca chai 650ml;Chinsu;130000;124800;3;;;lóc 6c;SP001731;6;SP001731;;0
SP001734;8936017363505;Tương ớt Chinsu chai 250g;Chinsu;17000;15000;72;;;chai;;1;;;0
SP001735;PVN5124;Tương ớt Chinsu chai 250g;Chinsu;126000;90000;12;;;lóc;SP001734;6;SP001734;;0
SP001736;PVN5776;Tương ớt Chinsu chai 250g;Chinsu;376000;360000;3;;;thùng;SP001734;24;SP001734;;0
SP001737;8936136161143;Tương ớt Chinsu chai 500g;Chinsu;30000;28200;34;;;chai;;1;;;0
SP001738;PVN5775;Tương ớt Chinsu chai 500g;Chinsu;348000;338400;3;;;thùng;SP001737;12;SP001737;;0
SP001739;8936136167343;Nước mắm Chinsu cá cơm chai 720ml;Chinsu;59000;56000;6;;;chai;;1;;;0
SP001740;PVN6121;Nước mắm Chinsu cá cơm chai 720ml;Chinsu;685000;672000;1;;;thùng;SP001739;12;SP001739;;0
SP001741;8936136163734;Nước tương Chinsu tỏi ớt chai 330ml;Chinsu;18000;16500;12;;;chai;;1;;;0
SP001742;PVN7800;Nước tương Chinsu tỏi ớt chai 330ml;Chinsu;409000;396000;1;;;thùng;SP001741;24;SP001741;;0
SP001743;8936017367046;Tương cà chinsu chai 250g;Chinsu;17000;15400;32;;;chai;;1;;;0
SP001744;PVN6076;Tương cà chinsu chai 250g;Chinsu;383000;369600;1;;;thùng;SP001745;24;SP001745;;0
SP001745;8936136168616;Hạt nêm Chinsu hảo hạng bịch 500g;Chinsu;32000;26000;18;;;bịch;;1;;;0
SP001746;PVN6323;Hạt nêm Chinsu hảo hạng bịch 500g;Chinsu;425000;416000;1;;;thùng;PVN6322;16;PVN6322;;0
SP001747;8936136168449;Sa tế tôm Chinsu chai 90g;Chinsu;10000;8000;22;;;chai;;1;;;0
SP001748;8936136163017;Nước tương Chinsu nấm Shitake chai 330ml;Chinsu;18000;14500;12;;;chai;;1;;;0
SP001749;PVN7799;Nước tương Chinsu nấm Shitake chai 330ml;Chinsu;358000;348000;1;;;thùng;SP001748;24;SP001748;;0
SP001750;8936136163925;Tương ớt Chinsu chai 1kg;Chinsu;51000;47300;9;;;chai;;1;;;0
SP001751;PVN8707;Tương ớt Chinsu chai 1kg;Chinsu;578000;567600;1;;;thùng;SP001750;12;SP001750;;0
SP001752;8936221043545;Xốt muối ớt CHINSU xanh chai 200g;Chinsu;25000;20000;0;;;chai;;1;;;0
SP001753;8936221043552;Xốt muối ớt CHINSU đỏ chai 200g;Chinsu;25000;20000;12;;;chai;;1;;;0
SP001754;8936221044306;Tương ớt Chinsu CAY chai 110g;;18000;16500;31;;;chai;;1;;;0
SP001755;8934804051345;Nescafe đỏ 3in1 đậm đà hài hòa hộp 340g;Nestle;65000;61000;11;;;hộp;;1;;;0
SP001756;PVN5967;Nescafe đỏ 3in1 đậm đà hài hòa hộp 340g;Nestle;1480000;1464000;0;;;thùng;SP001756;24;SP001756;;0
NDD;DD-01;Nescafe cafe Việt cà phê đen đá gói 16g;Nestle;4000;3600;868;;;gói;;1;;;0
NDDL;8934804044415;Nescafe cafe Việt cà phê đen đá gói 16g;Nestle;37000;36000;87;;;dây;NDD;10;NDD;;0
NDDT;PVN6405;Nescafe cafe Việt cà phê đen đá gói 16g;Nestle;2250000;2160000;1;;;thùng;NDD;600;NDD;;0
SP001760;8934804028064;Nescafe đỏ 3in1 rang xay hoà tan bịch 782g (46 gói);Nestle;148000;145000;15;;;bịch;;1;;;0
SP001761;PVN8791;Nescafe đỏ 3in1 rang xay hoà tan bịch 782g (46 gói);Nestle;2040000;2030000;1;;;thùng;SP001760;14;SP001760;;0
NS2;;Nescafe cà phê sữa đá gói 24g;Nestle;5000;4300;211;;;gói;;1;;;0
NS2L;PVN6723;Nescafe cà phê sữa đá gói 24g;Nestle;1740000;1548000;1;;;thùng;NS2;360;NS2;;0
NS2T;8934804030692;Nescafe cà phê sữa đá gói 24g;Nestle;46000;43000;21;;;hộp;NS2;10;NS2;;0
SP001765;NNG;Nescafe cà phê sữa đá gói 24g;Nestle;6000;4800;140;;;gói;;1;;;0
SP001766;8934804031309;Nescafe cà phê sữa đá gói 24g;Nestle;54000;48000;14;;;dây;SP001765;10;SP001765;;0
SP001767;PVN7880;Nescafe cà phê sữa đá gói 24g;Nestle;2940000;2880000;0;;;thùng;SP001765;600;SP001765;;0
SP001768;8934804028002;Nescafe 3in1 xanh đậm vị cà phê bịch 782g;Nestle;148000;145000;8;;;bịch;;1;;;0
SP001769;PVN8724;Nescafe 3in1 xanh đậm vị cà phê bịch 782g;Nestle;2050000;2030000;1;;;thùng;SP001768;14;SP001768;;0
SP001770;8934804053721;Nescafe kem sữa bịch 384g (24 gói X 16g);Nestle;70000;68000;6;;;bịch;;1;;;0
SP001771;8934804054315;Nescafe cà phê đen hộp 105g (10gói x 10.5g);Nestle;50000;45000;2;;;hộp;;1;;;0
M1;;Milo hộp 110ml;Nestle;6000;4750;366;;;hộp;;1;;;0
M1L;8934804025742;Milo hộp 110ml;Nestle;20000;19000;92;;;lóc;M1;4;M1;;0
M1T;PVN1337;Milo hộp 110ml;Nestle;220000;228000;8;;;thùng;M1;48;M1;;0
SP001775;8934804025780;Bột Milo Active-Go hũ 400g;Nestle;78000;75000;12;;;hũ;;1;;;0
M18;M18;Milo hộp 180ml;Nestle;9000;6770;137;;;hộp;;1;;;0
M18L;8934804025766;Milo hộp 180ml;Nestle;30000;27080;34;;;lóc;M18;4;M18;;0
M18T;M18T;Milo hộp 180ml;Nestle;328000;324960;3;;;Thùng;M18;48;M18;;0
SP001779;8992696527591;Kẹo milo - bịch 67.5g;Nestle;35000;25000;5;;;bịch;;1;;;0
SP001780;9556001216236;Thanh Milo choco bar 30g;Nestle;18000;14500;88;;;thanh;;1;;;0
SP001781;PVN2495;Thanh Milo choco bar 30g;Nestle;360000;348000;4;;;hộp;SP001780;24;SP001780;;0
SP001782;PVN5422;Milo gói 22g;Nestle;4000;3600;239;;;gói;;1;;;0
SP001783;8934804030913;Milo gói 22g;Nestle;38000;36000;24;;;dây;SP001782;10;SP001782;;0
SP001784;PVN6404;Milo gói 22g;Nestle;1550000;1512000;1;;;thùng;SP001782;420;SP001782;;0
SP001785;8934804025636;Nestle Milo hộp giấy 285g;Nestle;58000;55000;19;;;hộp;;1;;;0
SP001786;8934804034058;Milo ít đường hộp 180ml;Nestle;9000;7000;204;;;hộp;;1;;;0
MID18;PVN8762;Milo ít đường hộp 180ml;Nestle;30000;28000;51;;;lóc;MID18;4;MID18;;0
MID18L;PVN8763;Milo ít đường hộp 180ml;Nestle;344000;336000;4;;;thùng;MID18;48;MID18;;0
M18T;PVN8951;Sữa Milo A2 hộp 180ml;Nestle;9000;7250;159;;;hộp;;1;;;0
A18;8934204014049;Sữa Milo A2 hộp 180ml;Nestle;32000;29000;40;;;lóc;A18;4;A18;;0
A18L;PVN8953;Sữa Milo A2 hộp 180ml;Nestle;355000;348000;3;;;thùng;A18;48;A18;;0
A18T;PVN8957;Sữa Milo A2 hộp 110ml;Nestle;6000;4855;0;;;hộp;;1;;;0
A1;8934804054018;Sữa Milo A2 hộp 110ml;Nestle;22000;19420;0;;;lóc;A1;4;A1;;0
A1L;PVN8959;Sữa Milo A2 hộp 110ml;Nestle;240000;233040;0;;;thùng;A1;48;A1;;0
A1T;8934804020389;Nước tương đậm đặc Maggi chai 300ml;Nestle;18000;16000;91;;;chai;;1;;;0
SP001796;PVN7312;Nước tương đậm đặc Maggi chai 300ml;Nestle;394000;384000;4;;;thùng;SP001796;24;SP001796;;0
SP001797;8934804055831;Nước tương Maggi đậm đặc chai 700ml;Nestle;34000;30331;47;;;chai;;1;;;0
SP001798;PVN7313;Nước tương Maggi đậm đặc chai 700ml;Nestle;385000;363972;4;;;thùng;SP001798;12;SP001798;;0
SP001799;8934804021317;Hạt nêm nấm hương Maggi bịch 200g;Nestle;25000;22500;33;;;gói;;1;;;0
SP001800;PVN7314;Hạt nêm nấm hương Maggi bịch 200g;Nestle;820000;810000;1;;;thùng;SP001799;36;SP001799;;0
SP001801;8934804006444;Dầu hào Maggi chai 150g;Nestle;14000;11500;24;;;chai;;1;;;0
SP001802;PVN6403;Dầu hào Maggi chai 150g;Nestle;286000;276000;1;;;thùng;SP001801;24;SP001801;;0
SP001803;8934804023359;Hạt nêm nấm hương Maggi bịch 450g;Nestle;52000;43000;6;;;bịch;;1;;;0
SP001804;PVN8624;Hạt nêm nấm hương Maggi bịch 450g;Nestle;880000;860000;0;;;thùng;SP001803;20;SP001803;;0
SP001805;8934804004044;Dầu hào Maggi chai 350ml;Nestle;30000;26000;8;;;chai;;1;;;0
SP001806;PVN5970;Dầu hào Maggi chai 350ml;Nestle;598000;624000;0;;;thùng;SP001805;24;SP001805;;0
SP001807;8934804031781;Nước tương Maggi tỏi ớt tươi chai 200ml;Nestle;18000;15000;6;;;chai;;1;;;0
SP001808;PVN7105;Nước tương Maggi tỏi ớt tươi chai 200ml;Nestle;380000;360000;0;;;thùng;SP001807;24;SP001807;;0
SP001809;8934804021997;Dầu hào Maggi chai 820g;Nestle;49000;45000;9;;;chai;;1;;;0
SP001810;PVN6881;Dầu hào Maggi chai 820g;Nestle;562000;540000;1;;;thùng;SP001809;12;SP001809;;0
SP001811;8934804048277;Hạt nêm Maggi nấm hương gói 900g;Nestle;89000;85000;12;;;gói;;1;;;0
SP001812;PVN7488;Hạt nêm Maggi nấm hương gói 900g;Nestle;910000;1020000;1;;;thùng;SP001811;12;SP001811;;0
SP001813;8934804052144;Dầu hào Maggi bào ngư chai 350g;Nestle;27000;25000;25;;;chai;;1;;;0
SP001814;PVN8793;Dầu hào Maggi bào ngư chai 350g;Nestle;624000;600000;1;;;thùng;SP001813;24;SP001813;;0
SP001815;8936127794008;Sữa trái cây TH True Milk vị cam chai 300ml;TH TRUE MILK;10000;8266;2;;;chai;;1;;;0
SP001816;PVN6368;Sữa trái cây TH True Milk vị cam chai 300ml;TH TRUE MILK;56000;49596;0;;;lóc;SP001815;6;SP001815;;0
SP001817;PVN6369;Sữa trái cây TH True Milk vị cam chai 300ml;TH TRUE MILK;208000;198384;0;;;thùng;SP001815;24;SP001815;;0
TCD18;;Sữa TH True Milk có đường hộp 180ml;TH TRUE MILK;10000;8585;299;;;hộp;;1;;;0
TCD18L;8935217400157;Sữa TH True Milk có đường hộp 180ml;TH TRUE MILK;36000;34340;75;;;lóc;TCD18;4;TCD18;;0
TCD18T;PVN6377;Sữa TH True Milk có đường hộp 180ml;TH TRUE MILK;424000;412080;6;;;thùng;TCD18;48;TCD18;;0
SP001821;8936127794107;Sữa trái cây TH True Milk vị dâu chai 300ml;TH TRUE MILK;10000;8266;3;;;chai;;1;;;0
SP001822;PVN6370;Sữa trái cây TH True Milk vị dâu chai 300ml;TH TRUE MILK;56000;49596;1;;;lóc;SP001821;6;SP001821;;0
SP001823;PVN6371;Sữa trái cây TH True Milk vị dâu chai 300ml;TH TRUE MILK;208000;198384;0;;;thùng;SP001821;24;SP001821;;0
TCD2;8935217400195;Sữa TH True Milk có đường bịch 220ml;TH TRUE MILK;8500;7964;109;;;bịch;;1;;;0
TCD2L;PVN6382;Sữa TH True Milk có đường bịch 220ml;TH TRUE MILK;82000;79640;11;;;lóc;TCD2;10;TCD2;;0
TCD2T;PVN6383;Sữa TH True Milk có đường bịch 220ml;TH TRUE MILK;385000;382272;2;;;thùng;TCD2;48;TCD2;;0
TID2;8935217400393;Sữa TH True Milk ít đường bịch 220ml;TH TRUE MILK;8500;7883;153;;;bịch;;1;;;0
TID2L;PVN6384;Sữa TH True Milk ít đường bịch 220ml;TH TRUE MILK;82000;78830;15;;;lóc;TID2;10;TID2;;0
TID2T;PVN6385;Sữa TH True Milk ít đường bịch 220ml;TH TRUE MILK;385000;378384;3;;;thùng;TID2;48;TID2;;0
TID1;;Sữa TH True Milk ít đường hộp 110ml;TH TRUE MILK;7000;5586;100;;;hộp;;1;;;0
TID1L;8935217400362;Sữa TH True Milk ít đường hộp 110ml;TH TRUE MILK;24000;22344;25;;;lóc;TID1;4;TID1;;0
TID1T;PVN6373;Sữa TH True Milk ít đường hộp 110ml;TH TRUE MILK;274000;268128;2;;;thùng;TID1;48;TID1;;0
TCD1;;Sữa TH True Milk có đường hộp 110ml;TH TRUE MILK;7000;5568;346;;;hộp;;1;;;0
TCD1L;8935217400164;Sữa TH True Milk có đường hộp 110ml;TH TRUE MILK;24000;22272;87;;;lóc;TCD1;4;TCD1;;0
TCD1T;PVN6381;Sữa TH True Milk có đường hộp 110ml;TH TRUE MILK;274000;267264;7;;;thùng;TCD1;48;TCD1;;0
SP001836;8936127794206;Sữa trái cây TH True Milk vị việt quốc chai 300ml;TH TRUE MILK;10000;8266;0;;;chai;;1;;;0
SP001837;PVN6366;Sữa trái cây TH True Milk vị việt quốc chai 300ml;TH TRUE MILK;56000;49596;0;;;lóc;SP001836;6;SP001836;;0
SP001838;PVN6367;Sữa trái cây TH True Milk vị việt quốc chai 300ml;TH TRUE MILK;208000;198384;0;;;thùng;SP001836;24;SP001836;;0
TID18;;Sữa TH True Milk ít đường hộp 180ml;TH TRUE MILK;10000;8674;164;;;hộp;;1;;;0
TID18L;8935217400355;Sữa TH True Milk ít đường hộp 180ml;TH TRUE MILK;36000;34696;41;;;lóc;TID18;4;TID18;;0
TID18T;PVN6365;Sữa TH True Milk ít đường hộp 180ml;TH TRUE MILK;424000;416352;3;;;thùng;TID18;48;TID18;;0
SP001842;8936127794404;Sữa trái cây TH True Milk vị chuối chai 300ml;TH TRUE MILK;10000;8266;9;;;chai;;1;;;0
SP001843;PVN6362;Sữa trái cây TH True Milk vị chuối chai 300ml;TH TRUE MILK;56000;49596;2;;;Lóc;SP001842;6;SP001842;;0
SP001844;PVN6363;Sữa trái cây TH True Milk vị chuối chai 300ml;TH TRUE MILK;208000;198384;0;;;thùng;SP001842;24;SP001842;;0
TD1;TD1;Sữa TH True Milk hương dâu hộp 110ml;TH TRUE MILK;7000;5568;5;;;hộp;;1;;;0
TD1L;8935217400263;Sữa TH True Milk hương dâu hộp 110ml;TH TRUE MILK;24000;22272;1;;;lóc;TD1;4;TD1;;0
TD1T;TD1T;Sữa TH True Milk hương dâu hộp 110ml;TH TRUE MILK;274000;267264;0;;;thùng;TD1;48;TD1;;0
TD18;TD18;Sữa TH True Milk hương dâu hộp 180ml;TH TRUE MILK;10000;8672;4;;;hộp;;1;;;0
TD18L;8935217400256;Sữa TH True Milk hương dâu hộp 180ml;TH TRUE MILK;36000;34688;1;;;lóc;TD18;4;TD18;;0
TD18T;TD18T;Sữa TH True Milk hương dâu hộp 180ml;TH TRUE MILK;424000;416256;0;;;thùng;TD18;48;TD18;;0
TNC2;8935217400096;Sữa TH True Milk nguyên chất bịch 220ml;TH TRUE MILK;8500;7964;78;;;bịch;;1;;;0
TNC2L;TNC2L;Sữa TH True Milk nguyên chất bịch 220ml;TH TRUE MILK;82000;79640;8;;;lóc;TNC2;10;TNC2;;0
TNC2T;TNC2T;Sữa TH True Milk nguyên chất bịch 220ml;TH TRUE MILK;385000;382272;2;;;thùng;TNC2;48;TNC2;;0
SP001854;8936127794503;Sữa trái cây TH True Milk vị mẳng cầu chai 300ml;TH TRUE MILK;10000;8252;8;;;chai;;1;;;0
SP001855;PVN8547;Sữa trái cây TH True Milk vị mẳng cầu chai 300ml;TH TRUE MILK;56000;49512;1;;;lóc;SP001854;6;SP001854;;0
SP001856;PVN8548;Sữa trái cây TH True Milk vị mẳng cầu chai 300ml;TH TRUE MILK;208000;198048;0;;;thùng;SP001854;24;SP001854;;0
TC18;TC18;Sữa TH True Milk hương chuối hộp 180ml;TH TRUE MILK;10000;8764;0;;;hộp;;1;;;0
TC18L;8935217400775;Sữa TH True Milk hương chuối hộp 180ml;TH TRUE MILK;36000;35056;0;;;lóc;TC18;4;TC18;;0
TC18T;TC18T;Sữa TH True Milk hương chuối hộp 180ml;TH TRUE MILK;422000;420672;0;;;thùng;TC18;48;TC18;;0
SP001860;8936127790017;Nước tinh khiết TH TRUE MILK Water chai 500ml;TH TRUE MILK;5000;3622;0;;;chai;;1;;;0
SP001861;PVN9419;Nước tinh khiết TH TRUE MILK Water chai 500ml;TH TRUE MILK;26000;21732;0;;;lóc;SP001860;6;SP001860;;0
SP001862;PVN9420;Nước tinh khiết TH TRUE MILK Water chai 500ml;TH TRUE MILK;92000;86928;0;;;thùng;SP001860;24;SP001860;;0
NS18;;Sữa Nuvi vị Socola hộp 180ml;Nutifood;8000;6597;15;;;hộp;;1;;;0
NS18L;8935049018896;Sữa Nuvi vị Socola hộp 180ml;Nutifood;28000;26388;4;;;lóc;NS18;4;NS18;;0
NS18T;PVN1755;Sữa Nuvi vị Socola hộp 180ml;Nutifood;322000;316656;0;;;thùng;NS18;48;NS18;;0
NST18;;Sữa Nuvi lúa mạch thạch lắc cacao hộp 170ml;Nutifood;9000;6723;3;;;hộp;;1;;;0
NST18L;8935049019060;Sữa Nuvi lúa mạch thạch lắc cacao hộp 170ml;Nutifood;30000;26892;1;;;lóc;NST18;4;NST18;;0
NST18T;PVN1758;Sữa Nuvi lúa mạch thạch lắc cacao hộp 170ml;Nutifood;330000;322704;0;;;thùng;NST18;48;NST18;;0
ND18;;Sữa Nuvi vị dâu hộp 180ml;Nutifood;8000;5554;38;;;hộp;;1;;;0
ND18L;8935049019268;Sữa Nuvi vị dâu hộp 180ml;Nutifood;25000;22216;10;;;lóc;ND18;4;ND18;;0
ND18T;PVN1761;Sữa Nuvi vị dâu hộp 180ml;Nutifood;274000;266592;1;;;thùng;ND18;48;ND18;;0
NCT18;PVN2971;Sữa lắc Nuvi hương cam có thạch hộp 170ml;Nutifood;9000;6979;88;;;hộp;;1;;;0
NCT18L;8935049019046;Sữa lắc Nuvi hương cam có thạch hộp 170ml;Nutifood;30000;27916;22;;;lóc;NCT18;4;NCT18;;0
NCT18T;PVN2978;Sữa lắc Nuvi hương cam có thạch hộp 170ml;Nutifood;332000;334992;2;;;thùng;NCT18;48;NCT18;;0
NST1;PVN2972;Sữa Nuvi lúa mạch thạch lắc cacao hộp 100ml;Nutifood;6000;4481;0;;;hộp;;1;;;0
NST1L;8935049019053;Sữa Nuvi lúa mạch thạch lắc cacao hộp 100ml;Nutifood;20000;17924;0;;;lóc;NST1;4;NST1;;0
NST1T;PVN2976;Sữa Nuvi lúa mạch thạch lắc cacao hộp 100ml;Nutifood;222000;215088;0;;;thùng;NST1;48;NST1;;0
NDT18;PVN3642;Sữa Nuvi hương dâu có thạch hộp 170ml;Nutifood;9000;6723;26;;;hộp;;1;;;0
NDT18L;8935049018988;Sữa Nuvi hương dâu có thạch hộp 170ml;Nutifood;30000;26892;7;;;lóc;NDT18;4;NDT18;;0
NDT18T;PVN3644;Sữa Nuvi hương dâu có thạch hộp 170ml;Nutifood;332000;322704;1;;;thùng;NDT18;48;NDT18;;0
NN18;NN18;Sữa Nuvi vị nho hộp 180ml;Nutifood;8000;6375;17;;;hộp;;1;;;0
NN18L;8935049018742;Sữa Nuvi vị nho hộp 180ml;Nutifood;25000;25500;4;;;lóc;NN18;4;NN18;;0
NN18T;NN18T;Sữa Nuvi vị nho hộp 180ml;Nutifood;274000;306000;0;;;thùng;NN18;48;NN18;;0
NN1;NN1;Sữa Nuvi nho hộp 110ml;Nutifood;5000;3518;37;;;hộp;;1;;;0
NN1L;8935049018735;Sữa Nuvi nho hộp 110ml;Nutifood;18000;14072;9;;;lóc;NN1;4;NN1;;0
NN1T;NN1T;Sữa Nuvi nho hộp 110ml;Nutifood;174000;168864;1;;;thùng;NN1;48;NN1;;0
NC18;PVN6677;Sữa Nuvi vị cam hộp 180ml;Nutifood;8000;5554;34;;;hộp;;1;;;0
NC18L;8935049018711;Sữa Nuvi vị cam hộp 180ml;Nutifood;25000;22216;9;;;lóc;NC18;4;NC18;;0
NC18T;PVN6679;Sữa Nuvi vị cam hộp 180ml;Nutifood;274000;266592;1;;;thùng;NC18;48;NC18;;0
NDT1;PVN7083;Sữa Nuvi hương dâu có thạch hộp 100ml;Nutifood;6000;4390;2;;;hộp;;1;;;0
NDT1L;8935049018995;Sữa Nuvi hương dâu có thạch hộp 100ml;Nutifood;20000;17560;1;;;lóc;NDT1;4;NDT1;;0
NDT1T;PVN7085;Sữa Nuvi hương dâu có thạch hộp 100ml;Nutifood;222000;210720;0;;;thùng;NDT1;48;NDT1;;0
NCT1;PVN7086;Sữa lắc Nuvi hương cam có thạch hộp 100ml;Nutifood;6000;4313;35;;;hộp;;1;;;0
NCT1L;8935049019039;Sữa lắc Nuvi hương cam có thạch hộp 100ml;Nutifood;20000;17252;9;;;lóc;NCT1;4;NCT1;;0
NCT1T;PVN7088;Sữa lắc Nuvi hương cam có thạch hộp 100ml;Nutifood;222000;207024;1;;;thùng;NCT1;48;NCT1;;0
NNT18;PVN9178;Sữa Nuvi hương nho có thạch hộp 170ml;Nutifood;9000;6720;15;;;hộp;;1;;;0
NNT18L;8935049020189;Sữa Nuvi hương nho có thạch hộp 170ml;Nutifood;30000;26880;4;;;lóc;NNT18;4;NNT18;;0
NNT18T;PVN9180;Sữa Nuvi hương nho có thạch hộp 170ml;Nutifood;329000;322560;0;;;thùng;NNT18;48;NNT18;;0
ND1;ND1H;Sữa Nuvi vị dâu hộp 110ml;Nutifood;5000;3518;44;;;hộp;;1;;;0
ND1L;8935049019251;Sữa Nuvi vị dâu hộp 110ml;Nutifood;18000;14072;11;;;lóc;ND1;4;ND1;;0
ND1T;ND1TH;Sữa Nuvi vị dâu hộp 110ml;Nutifood;175000;168864;1;;;thùng;ND1;48;ND1;;0
GX1;GX1;Sữa Grow Plus+ xanh hộp 110ml;Nutifood;8000;6875;88;;;hộp;;1;;;0
GX1L;8935049018780;Sữa Grow Plus+ xanh hộp 110ml;Nutifood;30000;27500;22;;;lóc;GX1;4;GX1;;0
GX1T;GX1T;Sữa Grow Plus+ xanh hộp 110ml;Nutifood;345000;330000;2;;;thùng;GX1;48;GX1;;0
GX18;;Sữa Grow Plus+ xanh hộp 180ml;Nutifood;11000;9792;44;;;hộp;;1;;;0
GX18L;8935049018797;Sữa Grow Plus+ xanh hộp 180ml;Nutifood;40000;39168;11;;;lóc;GX18;4;GX18;;0
GX18T;PVN1734;Sữa Grow Plus+ xanh hộp 180ml;Nutifood;480000;470016;1;;;thùng;GX18;48;GX18;;0
GD1;;Sữa Grow Plus+ đỏ hộp 110ml;Nutifood;9000;7667;238;;;hộp;;1;;;0
GD1L;8935049016663;Sữa Grow Plus+ đỏ hộp 110ml;Nutifood;34000;30668;60;;;lóc;GD1;4;GD1;;0
GD1T;;Sữa Grow Plus+ đỏ hộp 110ml;Nutifood;360000;368016;5;;;thùng;GD1;48;GD1;;0
GD18;;Sữa Grow Plus+ đỏ hộp 180ml;Nutifood;12000;11042;163;;;hộp;;1;;;0
GD18L;8935049016670;Sữa Grow Plus+ đỏ hộp 180ml;Nutifood;46000;44168;41;;;lóc;GD18;4;GD18;;0
GD18T;GD18T;Sữa Grow Plus+ đỏ hộp 180ml;Nutifood;530000;530016;3;;;thùng;GD18;48;GD18;;0
NNB;8935049006053;Sữa đậu nành nuti nguyên chất bịch 200ml;Nutifood;4000;2992;23;;;bịch;;1;;;0
NNBL;PVN1717;Sữa đậu nành nuti nguyên chất bịch 200ml;Nutifood;36000;29920;2;;;lóc;NNB;10;NNB;;0
NNBT;PVN1718;Sữa đậu nành nuti nguyên chất bịch 200ml;Nutifood;116000;107712;1;;;thùng;NNB;36;NNB;;0
NCB;8935049006350;Sữa đậu nành Nuti canxi bịch 200ml;Nutifood;4000;3073;102;;;bịch;;1;;;0
NCBL;PVN1720;Sữa đậu nành Nuti canxi bịch 200ml;Nutifood;36000;30730;10;;;lóc;NCB;10;NCB;;0
NCBT;PVN1721;Sữa đậu nành Nuti canxi bịch 200ml;Nutifood;118000;110628;3;;;thùng;NCB;36;NCB;;0
SP001920;8935049002659;Ngũ cốc Nuti Canxi bịch 500g;Nutifood;50000;45000;10;;;bịch;;1;;;0
SP001921;PVN6119;Ngũ cốc Nuti Canxi bịch 500g;Nutifood;642000;630000;1;;;thùng;SP001920;14;SP001920;;0
FN8;;Sữa chua uống Fristi vị Nho chai 80ml;Cô gái Hà Lan;5000;3667;16;;;chai;;1;;;0
FN8L;8934841861112;Sữa chua uống Fristi vị Nho chai 80ml;Cô gái Hà Lan;23000;22002;3;;;lóc;FN8;6;FN8;;0
FN8T;FN8T;Sữa chua uống Fristi vị Nho chai 80ml;Cô gái Hà Lan;178000;176016;0;;;thùng;FN8;48;FN8;;0
FT8;;Sữa chua uống Fristi vị Táo chai 80ml;Cô gái Hà Lan;5000;3584;126;;;chai;;1;;;0
FT8L;8934841901207;Sữa chua uống Fristi vị Táo chai 80ml;Cô gái Hà Lan;23000;21504;21;;;lóc;FT8;6;FT8;;0
FT8T;FT8T;Sữa chua uống Fristi vị Táo chai 80ml;Cô gái Hà Lan;178000;172032;3;;;thùng;FT8;48;FT8;;0
FD8;;Sữa chua uống Fristi vị Dâu chai 80ml;Cô gái Hà Lan;5000;3584;126;;;chai;;1;;;0
FD8L;8934841862119;Sữa chua uống Fristi vị Dâu chai 80ml;Cô gái Hà Lan;23000;21504;21;;;lóc;FD8;6;FD8;;0
FD8T;FD8T;Sữa chua uống Fristi vị Dâu chai 80ml;Cô gái Hà Lan;178000;172032;3;;;thùng;FD8;48;FD8;;0
FC8;;Sữa chua uống Fristi hương Cam chai 80ml;Cô gái Hà Lan;5000;3584;111;;;chai;;1;;;0
FC8L;8934841863116;Sữa chua uống Fristi hương Cam chai 80ml;Cô gái Hà Lan;23000;21504;19;;;lóc;FC8;6;FC8;;0
FC8T;;Sữa chua uống Fristi hương Cam chai 80ml;Cô gái Hà Lan;178000;172032;2;;;thùng;FC8;48;FC8;;0
FD80;;Sữa chua uống Fristi vị đào chai 80ml;Cô gái Hà Lan;5000;3584;73;;;chai;;1;;;0
FD80L;8934841902839;Sữa chua uống Fristi vị đào chai 80ml;Cô gái Hà Lan;23000;21504;12;;;lóc;FD80;6;FD80;;0
FD80T;FD80T;Sữa chua uống Fristi vị đào chai 80ml;Cô gái Hà Lan;178000;172032;2;;;thùng;FD80;48;FD80;;0
SP001937;8934841128147;Sữa đặc Cô Gái Hà Lan lon 380g;Cô gái Hà Lan;32000;30355;19;;;lon;;1;;;0
SP001938;PVN4809;Sữa đặc Cô Gái Hà Lan lon 380g;Cô gái Hà Lan;312000;121420;5;;;chục;SP001937;4;SP001937;;0
SP001939;PVN6193;Sữa đặc Cô Gái Hà Lan lon 380g;Cô gái Hà Lan;1470000;1457040;0;;;thùng;SP001937;48;SP001937;;0
HL18;;Sữa Cô gái Hà lan có đường hộp 180ml;Cô gái Hà Lan;9000;7396;64;;;hộp;;1;;;0
HL18L;8934841901856;Sữa Cô gái Hà lan có đường hộp 180ml;Cô gái Hà Lan;32000;29584;16;;;lóc;HL18;4;HL18;;0
HL18T;HL180T;Sữa Cô gái Hà lan có đường hộp 180ml;Cô gái Hà Lan;360000;355008;1;;;thùng;HL18;48;HL18;;0
HL1;;Sữa Cô Gái Hà Lan có đường hộp 110ml;Cô gái Hà Lan;6000;4667;120;;;hộp;;1;;;0
HL1L;8934841901900;Sữa Cô Gái Hà Lan có đường hộp 110ml;Cô gái Hà Lan;20000;18668;30;;;lóc;HL1;4;HL1;;0
HL1T;CGHL110T;Sữa Cô Gái Hà Lan có đường hộp 110ml;Cô gái Hà Lan;230000;224016;3;;;thùng;HL1;48;HL1;;0
CK1;;Sữa Cô Gái Hà Lan cao khỏe có đường hộp 110ml;Cô gái Hà Lan;5000;4105;106;;;hộp;;1;;;0
CK1L;8934841901672;Sữa Cô Gái Hà Lan cao khỏe có đường hộp 110ml;Cô gái Hà Lan;18000;16420;27;;;lóc;Ck1;4;Ck1;;0
CK1T;CK1T;Sữa Cô Gái Hà Lan cao khỏe có đường hộp 110ml;Cô gái Hà Lan;204000;197040;2;;;thùng;Ck1;48;Ck1;;0
HLD18;;Sữa Cô Gái Hà Lan hương dâu hộp 180ml;Cô gái Hà Lan;9000;7396;35;;;hộp;;1;;;0
HLD18L;8934841901863;Sữa Cô Gái Hà Lan hương dâu hộp 180ml;Cô gái Hà Lan;32000;29584;9;;;lóc;HLD18;4;HLD18;;0
HLD18T;HLD18T;Sữa Cô Gái Hà Lan hương dâu hộp 180ml;Cô gái Hà Lan;360000;355008;1;;;thùng;HLD18;48;HLD18;;0
HLD1;;Sữa Cô Gái Hà Lan hương dâu hộp 110ml;Cô gái Hà Lan;6000;4667;38;;;hộp;;1;;;0
HLD1L;8934841901917;Sữa Cô Gái Hà Lan hương dâu hộp 110ml;Cô gái Hà Lan;20000;18668;10;;;lóc;HLD1;4;HLD1;;0
HLD1T;HLD110MLT;Sữa Cô Gái Hà Lan hương dâu hộp 110ml;Cô gái Hà Lan;230000;224016;1;;;thùng;HLD1;48;HLD1;;0
CK18;;Sữa Cô Gái Hà Lan cao khỏe có đường hộp 180ml;Cô gái Hà Lan;8000;6375;104;;;hộp;;1;;;0
CK18L;8934841901665;Sữa Cô Gái Hà Lan cao khỏe có đường hộp 180ml;Cô gái Hà Lan;27000;25500;26;;;lóc;CK18;4;CK18;;0
CK18T;CK18T;Sữa Cô Gái Hà Lan cao khỏe có đường hộp 180ml;Cô gái Hà Lan;314000;306000;2;;;thùng;CK18;48;CK18;;0
CKD18;;Sữa Cô gái Hà Lan Cao khoẻ hương dâu hộp 170ml;Cô gái Hà Lan;8000;6375;36;;;hộp;;1;;;0
CKD18L;8934841902099;Sữa Cô gái Hà Lan Cao khoẻ hương dâu hộp 170ml;Cô gái Hà Lan;27000;25500;9;;;lóc;CKD18;4;CKD18;;0
CKD18T;PVN2145;Sữa Cô gái Hà Lan Cao khoẻ hương dâu hộp 170ml;Cô gái Hà Lan;312000;306000;1;;;thùng;CKD18;48;CKD18;;0
CKD1;PVN2143;Sữa Cô gái hà lan Cao khoẻ hương dâu hộp 110ml;Cô gái Hà Lan;6000;4125;42;;;hộp;;1;;;0
CKD1L;8934841902105;Sữa Cô gái hà lan Cao khoẻ hương dâu hộp 110ml;Cô gái Hà Lan;18000;16500;11;;;lóc;CKD1;4;CKD1;;0
CKD1T;PVN2872;Sữa Cô gái hà lan Cao khoẻ hương dâu hộp 110ml;Cô gái Hà Lan;204000;198000;1;;;thùng;CKD1;48;CKD1;;0
SP001964;PVN2610;Sữa đặc hà lan gói 40g;Cô gái Hà Lan;4000;2750;748;;;bịch;;1;;;0
SP001965;8992753710140;Sữa đặc hà lan gói 40g;Cô gái Hà Lan;19000;16500;125;;;dây;SP001964;6;SP001964;;0
SP001966;PVN6916;Sữa đặc hà lan gói 40g;Cô gái Hà Lan;338000;330000;6;;;thùng;SP001964;120;SP001964;;0
HLB2;8934841903607;Sữa Cô Gái Hà lan có đường bịch 220ml;Cô gái Hà Lan;7000;6208;211;;;bịch;;1;;;0
HLB2L;PVN8378;Sữa Cô Gái Hà lan có đường bịch 220ml;Cô gái Hà Lan;66000;62080;21;;;lóc;HLB2;10;HLB2;;0
HLB2T;PVN8379;Sữa Cô Gái Hà lan có đường bịch 220ml;Cô gái Hà Lan;305000;297984;4;;;thùng;HLB2;48;HLB2;;0
VN1;;Sữa tươi có đường Vinamilk hộp 110ml;Vinamilk;6000;4760;205;;;hộp;;1;;;0
VN1L;8934673573320;Sữa tươi có đường Vinamilk hộp 110ml;Vinamilk;20000;19040;51;;;lóc;VN1;4;VN1;;0
VN1T;VN1T;Sữa tươi có đường Vinamilk hộp 110ml;Vinamilk;236000;228480;4;;;thùng;VN1;48;VN1;;0
VN18;VN18;Sữa tươi có đường Vinamilk hộp 180ml;Vinamilk;9000;7527;292;;;hộp;;1;;;0
VN18L;8934673573344;Sữa tươi có đường Vinamilk hộp 180ml;Vinamilk;32000;30108;73;;;lóc;VN18;4;VN18;;0
VN18T;;Sữa tươi có đường Vinamilk hộp 180ml;Vinamilk;368000;361296;6;;;thùng;VN18;48;VN18;;0
ID18;;Sữa tươi ít đường Vinamilk hộp 180ml;Vinamilk;9000;7385;116;;;hộp;;1;;;0
ID18L;8934673581349;Sữa tươi ít đường Vinamilk hộp 180ml;Vinamilk;32000;29540;29;;;lóc;ID18;4;ID18;;0
ID18T;PVN2798;Sữa tươi ít đường Vinamilk hộp 180ml;Vinamilk;364000;354480;2;;;thùng;ID18;48;ID18;;0
KD2;8934673501354;Sữa tươi Vinamilk 100% không đường bịch 220ml;Vinamilk;7500;6750;382;;;gói;;1;;;0
KD2L;PVN2801;Sữa tươi Vinamilk 100% không đường bịch 220ml;Vinamilk;72000;67500;38;;;lóc;KD2;10;KD2;;0
KD2T;PVN2806;Sữa tươi Vinamilk 100% không đường bịch 220ml;Vinamilk;332000;324000;8;;;thùng;KD2;48;KD2;;0
CD2;8934673500357;Sữa tươi Vinamilk 100% có đường bịch 220ml;Vinamilk;7500;6771;954;;;gói;;1;;;0
CD2L;CD220l;Sữa tươi Vinamilk 100% có đường bịch 220ml;Vinamilk;72000;67710;95;;;lóc;CD2;10;CD2;;0
CD2T;PVN2807;Sữa tươi Vinamilk 100% có đường bịch 220ml;Vinamilk;332000;325008;20;;;thùng;CD2;48;CD2;;0
ID2;8934673132343;Sữa tươi Vinamilk 100% ít đường bịch 220ml;Vinamilk;7500;6750;26;;;gói;;1;;;0
ID2L;PVN2808;Sữa tươi Vinamilk 100% ít đường bịch 220ml;Vinamilk;72000;67500;3;;;lóc;ID2;10;ID2;;0
ID2T;PVN2809;Sữa tươi Vinamilk 100% ít đường bịch 220ml;Vinamilk;332000;324000;1;;;thùng;ID2;48;ID2;;0
DA2;8934673502351;Sữa tươi Vinamilk 100% vị dâu bịch 220ml;Vinamilk;7500;6750;235;;;gói;;1;;;0
DA2L;PVN2803;Sữa tươi Vinamilk 100% vị dâu bịch 220ml;Vinamilk;72000;67500;24;;;lóc;DA2;10;DA2;;0
DA2T;PVN2804;Sữa tươi Vinamilk 100% vị dâu bịch 220ml;Vinamilk;332000;324000;5;;;thùng;DA2;48;DA2;;0
SO2;8934673503358;Sữa tươi Vinamilk 100% vị Socola bịch 220ml;Vinamilk;7500;6750;265;;;gói;;1;;;0
SO2L;PVN2799;Sữa tươi Vinamilk 100% vị Socola bịch 220ml;Vinamilk;72000;67500;26;;;lóc;SO2;10;SO2;;0
SO2T;PVN2805;Sữa tươi Vinamilk 100% vị Socola bịch 220ml;Vinamilk;332000;324000;6;;;thùng;SO2;48;SO2;;0
VDN2;8934673701280;Sữa đậu nành Vinamilk gấp đôi canxi bịch 220ml;Vinamilk;5500;4273;9;;;bịch;;1;;;0
VDN2L;PVN1684;Sữa đậu nành Vinamilk gấp đôi canxi bịch 220ml;Vinamilk;48000;42730;1;;;lóc;VDN2;10;VDN2;;0
VDN2T;PVN1715;Sữa đậu nành Vinamilk gấp đôi canxi bịch 220ml;Vinamilk;218000;205104;0;;;thùng;VDN2;48;VDN2;;0
SP001997;8934673573399;Sữa Vinamilk có đường hộp 1L;Vinamilk;36000;34184;82;;;hộp;;1;;;0
SP001998;PVN6324;Sữa Vinamilk có đường hộp 1L;Vinamilk;419000;410208;7;;;Thùng;SP001997;12;SP001997;;0
SP001999;PVN6004;Sữa tươi ít đường Vinamilk hộp 110ml;Vinamilk;6000;4760;233;;;hộp;;1;;;0
ID1;8934673581325;Sữa tươi ít đường Vinamilk hộp 110ml;Vinamilk;20000;19040;58;;;lóc;ID1;4;ID1;;0
ID1L;PVN6006;Sữa tươi ít đường Vinamilk hộp 110ml;Vinamilk;230000;228480;5;;;thùng;ID1;48;ID1;;0
ID1T;8934673576390;Sữa tươi Vinamilk không đường hộp 1L;Vinamilk;36000;34537;47;;;hộp;;1;;;0
SP002003;PVN7115;Sữa tươi Vinamilk không đường hộp 1L;Vinamilk;419000;414444;4;;;thùng;SP002003;12;SP002003;;0
SP002004;PVN6886;Sữa Vinamilk SuperNut hạt óc chó hộp 180ml;Vinamilk;12000;10525;51;;;hộp;;1;;;0
SP002005;8934673701204;Sữa Vinamilk SuperNut hạt óc chó hộp 180ml;Vinamilk;45000;42100;13;;;lóc;SP002005;4;SP002005;;0
SP002006;PVN8459;Sữa Vinamilk SuperNut hạt óc chó hộp 180ml;Vinamilk;265000;252600;2;;;thùng;SP002005;24;SP002005;;0
VGP1;;Sữa Grow Plus đỏ Vinamilk hộp 110ml;Vinamilk;10000;8127;196;;;hộp;;1;;;0
VGP1L;8934673100618;Sữa Grow Plus đỏ Vinamilk hộp 110ml;Vinamilk;34000;32508;49;;;lóc;VGP1;4;VGP1;;0
VGP1T;PVN7144;Sữa Grow Plus đỏ Vinamilk hộp 110ml;Vinamilk;398000;390096;4;;;thùng;VGP1;48;VGP1;;0
VGP18;PVN7136;Sữa Grow Plus Vinamilk hộp 180ml;Vinamilk;13000;11885;31;;;hộp;;1;;;0
VGP18L;8934673100625;Sữa Grow Plus Vinamilk hộp 180ml;Vinamilk;50000;47540;8;;;lóc;VGP18;4;VGP18;;0
VGP18T;PVN7138;Sữa Grow Plus Vinamilk hộp 180ml;Vinamilk;578000;570480;1;;;thùng;VGP18;48;VGP18;;0
SP002013;8934673230155;Sữa đặc Vinamilk Tài lộc lon 380g;Vinamilk;16000;14930;97;;;lon;;1;;;0
SP002014;PVN5475;Sữa đặc Vinamilk Tài lộc lon 380g;Vinamilk;722000;716640;2;;;thùng;SP002013;48;SP002013;;0
SP002015;PVN8005;Sữa đặc Vinamilk Tài lộc lon 380g;Vinamilk;154000;149300;10;;;chục;SP002013;10;SP002013;;0
SP002016;8934673230391;Sữa đặc Vinamilk tài lộc hộp 1284g;Vinamilk;46000;44201;55;;;hộp;;1;;;0
SP002017;PVN6060;Sữa đặc Vinamilk tài lộc hộp 1284g;Vinamilk;516000;530412;5;;;thùng;SP002016;12;SP002016;;0
SP002018;8934673311502;Sữa đặc Ông Thọ chữ xanh lon 380g;Vinamilk;26000;24505;111;;;lon;;1;;;0
SP002019;PVN5473;Sữa đặc Ông Thọ chữ xanh lon 380g;Vinamilk;1192000;1176240;2;;;thùng;SP002018;48;SP002018;;0
SP002020;PVN7048;Sữa đặc Ông Thọ chữ xanh lon 380g;Vinamilk;252000;245050;11;;;lóc;SP002018;10;SP002018;;0
SP002021;8934673209366;Sữa đặc Ông Thọ trắng nhãn xanh hộp 380g;Vinamilk;25000;24045;9;;;hộp;;1;;;0
SP002022;PVN6059;Sữa đặc Ông Thọ trắng nhãn xanh hộp 380g;Vinamilk;588000;577080;0;;;thùng;SP002021;24;SP002021;;0
SP002023;8934673302814;Sữa đặc ông thọ đỏ hộp 40g;Vinamilk;6000;4286;178;;;hộp;;1;;;0
SP002024;PVN638;Sữa đặc ông thọ đỏ hộp 40g;Vinamilk;29000;25716;30;;;vỉ;SP002023;6;SP002023;;0
SP002025;8934673314503;Sữa đặc Ngôi sao Phương Nam xanh lá lon 380g;Vinamilk;20000;18874;71;;;lon;;1;;;0
SP002026;PVN4845;Sữa đặc Ngôi sao Phương Nam xanh lá lon 380g;Vinamilk;922000;905952;1;;;thùng;SP002025;48;SP002025;;0
SP002027;PVN4877;Sữa đặc Ngôi sao Phương Nam xanh lá lon 380g;Vinamilk;196000;188740;7;;;chục;SP002025;10;SP002025;;0
SP002028;8934673218368;Sữa đặc Ngôi sao Phương Nam xanh lá hộp 380g;Vinamilk;20000;18527;61;;;hộp;;1;;;0
SP002029;PVN5474;Sữa đặc Ngôi sao Phương Nam xanh lá hộp 380g;Vinamilk;454000;444648;3;;;thùng;SP002028;24;SP002028;;0
SP002030;8934673314909;Sữa đặc Ngôi sao Phương Nam xanh lá hộp 1284g;Vinamilk;64000;62204;36;;;hộp;;1;;;0
SP002031;PVN5690;Sữa đặc Ngôi sao Phương Nam xanh lá hộp 1284g;Vinamilk;756000;746448;3;;;thùng;SP002030;12;SP002030;;0
SP002032;8936082160115;Khăn ướt không mùi Phương Nam gói 180g;Babyskin;20000;12000;18;;;gói;;1;;;0
CCD;;Sữa chua Vinamilk có đường hộp 100g;Vinamilk;7000;5683;226;;;hộp;;1;;;0
CCDL;8934673606820;Sữa chua Vinamilk có đường hộp 100g;Vinamilk;24000;22732;57;;;lóc;CCD;4;CCD;;0
CCDT;;Sữa chua Vinamilk có đường hộp 100g;Vinamilk;280000;272784;5;;;thùng;CCD;48;CCD;;0
CKD;;Sữa chua Vinamilk không đường hộp 100g;Vinamilk;7000;5683;192;;;hộp;;1;;;0
CKDL;8934673605823;Sữa chua Vinamilk không đường hộp 100g;Vinamilk;24000;22732;48;;;lóc;CKD;4;CKD;;0
CKDT;PVN1255;Sữa chua Vinamilk không đường hộp 100g;Vinamilk;280000;272784;4;;;thùng;CKD;48;CKD;;0
CND;1009;Sữa chua Vinamilk nha đam hộp 100g;Vinamilk;8000;6829;104;;;hộp;;1;;;0
CNDL;8934673601825;Sữa chua Vinamilk nha đam hộp 100g;Vinamilk;30000;27316;26;;;lóc;CND;4;CND;;0
CNDT;PVN6216;Sữa chua Vinamilk nha đam hộp 100g;Vinamilk;335000;327792;2;;;thùng;CND;48;CND;;0
PD65;pbd65;Sữa chua uống Probi có đường chai 65ml;Vinamilk;5000;4203;0;;;chai;;1;;;0
PD65L;8934673400510;Sữa chua uống Probi có đường chai 65ml;Vinamilk;23000;21015;0;;;lóc;PD65;5;PD65;;0
PD65T;PVN5990;Sữa chua uống Probi có đường chai 65ml;Vinamilk;220000;210150;0;;;thùng;PD65;50;PD65;;0
PBD;;Sữa chua uống Probi vị dâu chai 65ml;Vinamilk;5000;4202;7;;;chai;;1;;;0
PBDL;8934673434508;Sữa chua uống Probi vị dâu chai 65ml;Vinamilk;23000;21010;1;;;lóc;PBD;5;PBD;;0
PBDT;PVN3649;Sữa chua uống Probi vị dâu chai 65ml;Vinamilk;220000;210100;0;;;thùng;PBD;50;PBD;;0
PVQ65;PVN6941;Sữa chua uống Probi vị việt quốc chai 65ml;Vinamilk;5000;4203;110;;;chai;;1;;;0
PVQ65L;8934673320566;Sữa chua uống Probi vị việt quốc chai 65ml;Vinamilk;23000;21015;22;;;lóc;PVQ65;5;PVQ65;;0
PVQ65T;PVN6943;Sữa chua uống Probi vị việt quốc chai 65ml;Vinamilk;220000;210150;2;;;thùng;PVQ65;50;PVQ65;;0
PDG65;;Sữa chua uống Probi vị dưa gang chai 65ml;Vinamilk;5000;4202;24;;;chai;;1;;;0
PDG65L;8934673435505;Sữa chua uống Probi vị dưa gang chai 65ml;Vinamilk;23000;21010;5;;;lóc;PDG65;5;PDG65;;0
PDG65T;PVN8557;Sữa chua uống Probi vị dưa gang chai 65ml;Vinamilk;220000;210100;0;;;thùng;PDG65;50;PDG65;;0
SP002055;8935311110563;Cháo nấm đông cô Vifon gói 70g;Vifon;8000;7251;69;;;gói;;1;;;0
SP002056;PVN4930;Cháo nấm đông cô Vifon gói 70g;Vifon;76000;72510;7;;;lóc;SP002055;10;SP002055;;0
SP002057;PVN4931;Cháo nấm đông cô Vifon gói 70g;Vifon;368000;217530;2;;;thùng;SP002055;30;SP002055;;0
SP002058;8935311100472;Mì lẩu thái tômyum vifon ly 60g;Vifon;8000;6473;70;;;ly;;1;;;0
SP002059;PVN4939;Mì lẩu thái tômyum vifon ly 60g;Vifon;72000;64730;7;;;lóc;SP002058;10;SP002058;;0
SP002060;PVN4940;Mì lẩu thái tômyum vifon ly 60g;Vifon;156000;155352;3;;;thùng;SP002058;24;SP002058;;0
SP002061;8935311110440;Phở bò Vifon gói 65g;Vifon;8000;6503;0;;;gói;;1;;;0
SP002062;PVN5314;Phở bò Vifon gói 65g;Vifon;74000;65030;0;;;lóc;SP002061;10;SP002061;;0
SP002063;PVN5315;Phở bò Vifon gói 65g;Vifon;202000;195090;0;;;thùng;SP002061;30;SP002061;;0
SP002064;8935311110624;Cháo thịt bầm Vifon gói 70g;Vifon;8000;7219;103;;;gói;;1;;;0
SP002065;PVN6446;Cháo thịt bầm Vifon gói 70g;Vifon;76000;72190;10;;;lóc;SP002064;10;SP002064;;0
SP002066;PVN6447;Cháo thịt bầm Vifon gói 70g;Vifon;368000;360950;2;;;thùng;SP002064;50;SP002064;;0
SP002067;8935311110488;Phở chay rau nấm Vifon gói 65g;Vifon;8000;6503;42;;;gói;;1;;;0
SP002068;PVN5531;Phở chay rau nấm Vifon gói 65g;Vifon;74000;65030;4;;;chục;SP002067;10;SP002067;;0
SP002069;PVN5532;Phở chay rau nấm Vifon gói 65g;Vifon;202000;195090;1;;;thùng;SP002067;30;SP002067;;0
SP002070;8935311110723;Hủ tiếu chay Vifon 65g;Vifon;8000;6243;21;;;gói;;1;;;0
SP002071;PVN5533;Hủ tiếu chay Vifon 65g;Vifon;75000;62430;2;;;chục;SP002070;10;SP002070;;0
SP002072;PVN5534;Hủ tiếu chay Vifon 65g;Vifon;194000;187290;1;;;thùng;SP002070;30;SP002070;;0
SP002073;8935311100410;Mì Gà Vifon ly 60g;Vifon;8000;6242;4;;;ly;;1;;;0
SP002074;PVN5821;Mì Gà Vifon ly 60g;Vifon;164000;149808;0;;;thùng;SP002073;24;SP002073;;0
SP002075;PVN7782;Mì Gà Vifon ly 60g;Vifon;75000;62420;0;;;lóc;SP002073;10;SP002073;;0
SP002076;8935311102414;Mì trộn tương đen Bắc Kinh Vifon gói 93g;Vifon;8000;6408;24;;;gói;;1;;;0
SP002077;PVN6165;Mì trộn tương đen Bắc Kinh Vifon gói 93g;Vifon;75000;64080;2;;;lóc;SP002076;10;SP002076;;0
SP002078;PVN6166;Mì trộn tương đen Bắc Kinh Vifon gói 93g;Vifon;155000;153792;1;;;thùng;SP002076;24;SP002076;;0
SP002079;8935311100458;Mì vifon lẩu thái tôm ly 60g;Vifon;8000;6473;12;;;gói;;1;;;0
SP002080;PVN6246;Mì vifon lẩu thái tôm ly 60g;Vifon;156000;155352;1;;;thùng;SP002079;24;SP002079;;0
SP002081;PVN7783;Mì vifon lẩu thái tôm ly 60g;Vifon;72000;64730;1;;;lóc;SP002079;10;SP002079;;0
SP002082;8935311110921;Cháo cá Vifon gói 50g;Vifon;3500;2612;0;;;gói;;1;;;0
SP002083;PVN6441;Cháo cá Vifon gói 50g;Vifon;32000;26120;0;;;lóc;SP002082;10;SP002082;;0
SP002084;PVN6442;Cháo cá Vifon gói 50g;Vifon;142000;130600;0;;;thùng;SP002082;50;SP002082;;0
SP002085;8935311110983;Cháo thịt bầm Vifon gói 50g;Vifon;3500;2689;43;;;gói;;1;;;0
SP002086;PVN6444;Cháo thịt bầm Vifon gói 50g;Vifon;32000;26890;4;;;lóc;SP002085;10;SP002085;;0
SP002087;PVN6445;Cháo thịt bầm Vifon gói 50g;Vifon;138000;134450;1;;;thùng;SP002085;50;SP002085;;0
SP002088;8935311110549;Cháo thịt gà Vifon gói 70g;Vifon;8000;7219;0;;;gói;;1;;;0
SP002089;PVN6449;Cháo thịt gà Vifon gói 70g;Vifon;76000;72190;0;;;lóc;SP002088;10;SP002088;;0
SP002090;PVN6450;Cháo thịt gà Vifon gói 70g;Vifon;368000;360950;0;;;thùng;SP002088;50;SP002088;;0
SP002091;8935311101899;Mì hải sản cay Vifon gói 105g;Vifon;12000;9929;27;;;gói;;1;;;0
SP002092;PVN6962;Mì hải sản cay Vifon gói 105g;Vifon;110000;99290;3;;;lóc;SP002091;10;SP002091;;0
SP002093;PVN6963;Mì hải sản cay Vifon gói 105g;Vifon;244000;238296;1;;;thùng;SP002091;24;SP002091;;0
SP002094;8935311101462;Mì bò kim chi cay Vifon gói 105g;Vifon;10000;8908;0;;;gói;;1;;;0
SP002095;PVN6965;Mì bò kim chi cay Vifon gói 105g;Vifon;94000;89080;0;;;lóc;SP002094;10;SP002094;;0
SP002096;PVN6966;Mì bò kim chi cay Vifon gói 105g;Vifon;223000;213792;0;;;thùng;SP002094;24;SP002094;;0
SP002097;8935311110945;Cháo gà Vifon gói 50g;Vifon;3500;2686;0;;;gói;;1;;;0
SP002098;PVN6968;Cháo gà Vifon gói 50g;Vifon;32000;26860;0;;;lóc;SP002097;10;SP002097;;0
SP002099;PVN6969;Cháo gà Vifon gói 50g;Vifon;138000;134300;0;;;thùng;SP002097;50;SP002097;;0
SP002100;8935311100397;Mì bò Vifon ly 60g;Vifon;8000;7417;27;;;ly;;1;;;0
SP002101;PVN6976;Mì bò Vifon ly 60g;Vifon;156000;178008;1;;;thùng;SP002100;24;SP002100;;0
SP002102;PVN7781;Mì bò Vifon ly 60g;Vifon;72000;74170;3;;;lóc;SP002100;10;SP002100;;0
SP002103;8935311101073;Mì xào tương đen Vifon hộp 90g;Vifon;12000;10100;0;;;hộp;;1;;;0
SP002104;PVN7154;Mì xào tương đen Vifon hộp 90g;Vifon;188000;181800;0;;;thùng;SP002103;18;SP002103;;0
SP002105;8935311110600;Cháo sườn heo Vifon gói 70g;Vifon;8000;7267;3;;;gói;;1;;;0
SP002106;PVN7168;Cháo sườn heo Vifon gói 70g;Vifon;76000;72670;0;;;lóc;SP002105;10;SP002105;;0
SP002107;PVN7169;Cháo sườn heo Vifon gói 70g;Vifon;368000;363350;0;;;thùng;SP002105;50;SP002105;;0
SP002108;8935311103107;Mì Kim Chi Vifon ly 60g;Vifon;8000;6242;0;;;ly;;1;;;0
SP002109;PVN8470;Mì Kim Chi Vifon ly 60g;Vifon;156000;149808;0;;;thùng;SP002108;24;SP002108;;0
SP002110;PVN8471;Mì Kim Chi Vifon ly 60g;Vifon;72000;62420;0;;;chục;SP002108;10;SP002108;;0
SP002111;8935311110648;Cháo thịt bò Vifon gói 70g;Vifon;8000;7219;26;;;gói;;1;;;0
SP002112;PVN8880;Cháo thịt bò Vifon gói 70g;Vifon;76000;72190;3;;;lóc;SP002111;10;SP002111;;0
SP002113;PVN8881;Cháo thịt bò Vifon gói 70g;Vifon;368000;360950;1;;;thùng;SP002111;50;SP002111;;0
SP002114;8935311110020;Cháo yến vị thịt bầm Vifon bịch 50g;Vifon;8500;7600;40;;;bịch;;1;;;0
SP002115;PVN9537;Cháo yến vị thịt bầm Vifon bịch 50g;Vifon;82000;76000;4;;;10 gói;SP002114;10;SP002114;;0
SP002116;PVN9538;Cháo yến vị thịt bầm Vifon bịch 50g;Vifon;236000;228000;1;;;thùng;SP002114;30;SP002114;;0
SP002117;8935001212522;Nước yến đỏ Wonderfarm lon 240ml;Wonderfarm;7000;5167;30;;;lon;;1;;;0
SP002118;PVN1569;Nước yến đỏ Wonderfarm lon 240ml;Wonderfarm;38000;31002;5;;;lóc;SP002117;6;SP002117;;0
SP002119;PVN5853;Nước yến đỏ Wonderfarm lon 240ml;Wonderfarm;160000;124008;1;;;thùng;SP002117;24;SP002117;;0
SP002120;8935001219613;Hộp quà yến sào Khánh Hòa Wonderfarm;Wonderfarm;70000;46000;0;;;hộp;;1;;;0
SP002121;PVN5988;Hộp quà yến sào Khánh Hòa Wonderfarm;Wonderfarm;275000;230000;0;;;thùng;SP002120;5;SP002120;;0
SP002122;8935001214236;Trà bí đao Wonderfarm lon 310ml;Wonderfarm;8500;6125;48;;;lon;;1;;;0
SP002123;PVN1572-1;Trà bí đao Wonderfarm lon 310ml;Wonderfarm;42000;36750;8;;;lóc;SP002122;6;SP002122;;0
SP002124;PVN1572-2;Trà bí đao Wonderfarm lon 310ml;Wonderfarm;154000;147000;2;;;thùng;SP002122;24;SP002122;;0
SP002125;8935001282365;Trà bí đao chai 280ml;Wonderfarm;7000;5209;45;;;chai;;1;;;0
SP002126;PVN1607;Trà bí đao chai 280ml;Wonderfarm;36000;31254;8;;;lóc;SP002125;6;SP002125;;0
SP002127;PVN1608;Trà bí đao chai 280ml;Wonderfarm;130000;125016;2;;;thùng;SP002125;24;SP002125;;0
SP002128;8935001282655;Trá bí đao Wonderfarm chai 440ml;Wonderfarm;9000;6458;79;;;chai;;1;;;0
SP002129;PVN6891;Trá bí đao Wonderfarm chai 440ml;Wonderfarm;46000;38748;13;;;lóc;SP002128;6;SP002128;;0
SP002130;PVN6892;Trá bí đao Wonderfarm chai 440ml;Wonderfarm;162000;154992;3;;;thùng;SP002128;24;SP002128;;0
SP002131;8935001282266;Nước trái cây Latte vị trà sữa chai 440ml;Wonderfarm;9000;7500;17;;;chai;;1;;;0
SP002132;PVN4941;Nước trái cây Latte vị trà sữa chai 440ml;Wonderfarm;48000;45000;3;;;lóc;SP002131;6;SP002131;;0
SP002133;PVN4942;Nước trái cây Latte vị trà sữa chai 440ml;Wonderfarm;180000;180000;1;;;thùng;SP002131;24;SP002131;;0
SP002134;8935001282297;Nước trái cây Latte vị Dâu chai 440ml;Wonderfarm;9000;7500;51;;;chai;;1;;;0
SP002135;PVN1597;Nước trái cây Latte vị Dâu chai 440ml;Wonderfarm;48000;45000;9;;;lóc;SP002134;6;SP002134;;0
SP002136;PVN1598;Nước trái cây Latte vị Dâu chai 440ml;Wonderfarm;180000;180000;2;;;thùng;SP002134;24;SP002134;;0
SP002137;8935001282280;Nước trái cây Latte vị Đào chai 440ml;Wonderfarm;9000;7292;60;;;chai;;1;;;0
SP002138;PVN1600;Nước trái cây Latte vị Đào chai 440ml;Wonderfarm;48000;43752;10;;;lóc;SP002137;6;SP002137;;0
SP002139;PVN1601;Nước trái cây Latte vị Đào chai 440ml;Wonderfarm;180000;175008;3;;;thùng;SP002137;24;SP002137;;0
SP002140;8935001282686;Nước trái cây Latte vị socola sữa chai 440ml;Wonderfarm;9000;7292;46;;;chai;;1;;;0
SP002141;PVN8318;Nước trái cây Latte vị socola sữa chai 440ml;Wonderfarm;48000;43752;8;;;lóc;SP002140;6;SP002140;;0
SP002142;PVN8319;Nước trái cây Latte vị socola sữa chai 440ml;Wonderfarm;180000;175008;2;;;thùng;SP002140;24;SP002140;;0
SP002143;8934587902407;Mì colusa gói 80g;Colusa;3500;3300;226;;;gói;;1;;;0
SP002144;PVN2176;Mì colusa gói 80g;Colusa;326000;330000;2;;;thùng;SP002143;100;SP002143;;0
SP002145;PVN2237;Mì colusa gói 80g;Colusa;34000;33000;23;;;lóc;SP002143;10;SP002143;;0
SP002146;8934587922009;Mì chay Colusa bông sen gói 80g;Colusa;5000;3867;85;;;gói;;1;;;0
SP002147;PVN3187;Mì chay Colusa bông sen gói 80g;Colusa;45000;38670;9;;;lóc;SP002146;10;SP002146;;0
SP002148;PVN3188;Mì chay Colusa bông sen gói 80g;Colusa;122000;116010;3;;;thùng;SP002146;30;SP002146;;0
SP002149;8934587992354;Mì tôm Colusa gói 75g;Colusa;5000;3742;186;;;gói;;1;;;0
SP002150;PVN2533;Mì tôm Colusa gói 75g;Colusa;118000;112260;6;;;thùng;SP002149;30;SP002149;;0
SP002151;PVN4872;Mì tôm Colusa gói 75g;Colusa;45000;37420;19;;;chục;SP002149;10;SP002149;;0
SP002152;8936221044184;Mì Kokomi 90 tôm chua cay gói 90g;Kokomi;4500;3867;100;;;gói;;1;;;0
SP002153;PVN1778;Mì Kokomi 90 tôm chua cay gói 90g;Kokomi;115000;116010;3;;;thùng;SP002152;30;SP002152;;0
SP002154;PVN6426;Mì Kokomi 90 tôm chua cay gói 90g;Kokomi;42000;38670;10;;;lóc;SP002152;10;SP002152;;0
SP002155;8936221044160;Mì Kokomi vị tôm chua cay gói 65g;Kokomi;3000;2587;78;;;gói;;1;;;0
SP002156;PVN3036;Mì Kokomi vị tôm chua cay gói 65g;Kokomi;27000;25870;8;;;lóc;SP002155;10;SP002155;;0
SP002157;PVN3037;Mì Kokomi vị tôm chua cay gói 65g;Kokomi;80000;77610;3;;;thùng;SP002155;30;SP002155;;0
SP002158;8936221044252;Mì Kokomi Pro vị tôm cay sa tế gói 75g;Kokomi;4500;3667;9;;;gói;;1;;;0
SP002159;PVN8129;Mì Kokomi Pro vị tôm cay sa tế gói 75g;Kokomi;42000;36670;1;;;10 gói;SP002158;10;SP002158;;0
SP002160;PVN8130;Mì Kokomi Pro vị tôm cay sa tế gói 75g;Kokomi;115000;110010;0;;;thùng;SP002158;30;SP002158;;0
SP002161;8936236470374;Mì Kokomi Pro hương vị tôm chua cay chanh ớt gói 75g;Kokomi;4500;3600;51;;;gói;;1;;;0
SP002162;PVN9348;Mì Kokomi Pro hương vị tôm chua cay chanh ớt gói 75g;Kokomi;105000;108000;2;;;thùng;SP002161;30;SP002161;;0
SP002163;PVN9539;Mì Kokomi Pro hương vị tôm chua cay chanh ớt gói 75g;Kokomi;42000;36000;5;;;10 gói;SP002161;10;SP002161;;0
SP002164;8936221041756;Mì khoai tây Omachi vị bò hầm gói 80g;Omachi;8000;7334;68;;;gói;;1;;;0
SP002165;PVN1787;Mì khoai tây Omachi vị bò hầm gói 80g;Omachi;212000;220020;2;;;thùng;SP002164;30;SP002164;;0
SP002166;PVN4661;Mì khoai tây Omachi vị bò hầm gói 80g;Omachi;76000;73340;7;;;chục;SP002164;10;SP002164;;0
SP002167;8936221048557;Mì Omachi xốt bò hầm ly 113g (Có xx);Omachi;16000;14458;22;;;hộp;;1;;;0
SP002168;PVN5044;Mì Omachi xốt bò hầm ly 113g (Có xx);Omachi;358000;346992;1;;;thùng;SP002167;24;SP002167;;0
SP002169;PVN9062;Mì Omachi xốt bò hầm ly 113g (Có xx);Omachi;152000;144580;2;;;10 ly;SP002167;10;SP002167;;0
SP002170;8936136164397;Mì trộn Omachi xốt Spaghetti gói 91g;Omachi;9000;7278;36;;;gói;;1;;;0
SP002171;PVN2556;Mì trộn Omachi xốt Spaghetti gói 91g;Omachi;230000;218340;1;;;thùng;SP002170;30;SP002170;;0
SP002172;PVN4660;Mì trộn Omachi xốt Spaghetti gói 91g;Omachi;85000;72780;4;;;chục;SP002170;10;SP002170;;0
SP002173;8936221048595;Mì Omachi tôm chua cay ly 113g (Có xx);Omachi;16000;14458;29;;;ly;;1;;;0
SP002174;PVN5046;Mì Omachi tôm chua cay ly 113g (Có xx);Omachi;358000;346992;1;;;thùng;SP002173;24;SP002173;;0
SP002175;8936221048571;Mì Omachi Sườn hẩm ngũ quả ly 113g (Có xx);Omachi;16000;14458;23;;;ly;;1;;;0
SP002176;PVN5257;Mì Omachi Sườn hẩm ngũ quả ly 113g (Có xx);Omachi;358000;346992;1;;;thùng;SP002175;24;SP002175;;0
SP002177;PVN9061;Mì Omachi Sườn hẩm ngũ quả ly 113g (Có xx);Omachi;152000;144580;2;;;10 ly;SP002175;10;SP002175;;0
SP002178;8936221042470;Mì trộn Omachi thịt xiên nướng hộp 95g;Omachi;16000;12064;0;;;hộp;;1;;;0
SP002179;PVN7593;Mì trộn Omachi thịt xiên nướng hộp 95g;Omachi;155000;144768;0;;;thùng;SP002178;12;SP002178;;0
SP002180;8936136164403;Mì trộn Omachi xốt Spaghetti hộp 105g;Omachi;16000;12500;16;;;hộp;;1;;;0
SP002181;PVN7457;Mì trộn Omachi xốt Spaghetti hộp 105g;Omachi;155000;150000;1;;;thùng;SP002180;12;SP002180;;0
SP002182;8936221041763;Mì Omachi hương vị lẩu tôm càng xanh gói 80g;Omachi;8000;7000;58;;;gói;;1;;;0
SP002183;PVN8284;Mì Omachi hương vị lẩu tôm càng xanh gói 80g;Omachi;218000;210000;2;;;thùng;SP002182;30;SP002182;;0
SP002184;PVN8285;Mì Omachi hương vị lẩu tôm càng xanh gói 80g;Omachi;76000;70000;6;;;10 gói;SP002182;10;SP002182;;0
SP002185;8936221041749;Mì khoai tây Omachi vị Sườn hầm ngủ quả gói 80g;Omachi;8000;7000;178;;;gói;;1;;;0
SP002186;PVN8287;Mì khoai tây Omachi vị Sườn hầm ngủ quả gói 80g;Omachi;76000;70000;18;;;10 gói;SP002185;10;SP002185;;0
SP002187;PVN8288;Mì khoai tây Omachi vị Sườn hầm ngủ quả gói 80g;Omachi;216000;210000;6;;;thùng;SP002185;30;SP002185;;0
SP002188;8936221043880;Mì omachi trộn tôm phô mai trứng muối gói 92g;Omachi;9000;7367;0;;;gói;;1;;;0
SP002189;PVN8914;Mì omachi trộn tôm phô mai trứng muối gói 92g;Omachi;85000;73670;0;;;lóc;SP002188;10;SP002188;;0
SP002190;PVN8915;Mì omachi trộn tôm phô mai trứng muối gói 92g;Omachi;225000;221010;0;;;thùng;SP002188;30;SP002188;;0
SP002191;8936236470497;Mì Omachi cua xốt ớt Singapore gói 126g;Omachi;13000;11250;19;;;gói;;1;;;0
SP002192;PVN9367;Mì Omachi cua xốt ớt Singapore gói 126g;Omachi;278000;270000;1;;;thùng;SP002191;24;SP002191;;0
SP002193;8936236470732;Mì Omachi trộn cua xốt ớt Singapore cực cay tô 96g;Omachi;15000;12500;10;;;tô;;1;;;0
SP002194;PVN9457;Mì Omachi trộn cua xốt ớt Singapore cực cay tô 96g;Omachi;165000;150000;1;;;thùng;SP002193;12;SP002193;;0
SP002195;8934679452407;Cháo gấu đỏ thịt bằm 50g;Gấu đỏ;3500;2827;219;;;gói;;1;;;0
SP002196;PVN3053;Cháo gấu đỏ thịt bằm 50g;Gấu đỏ;32000;28270;22;;;lóc;SP002195;10;SP002195;;0
SP002197;PVN3054;Cháo gấu đỏ thịt bằm 50g;Gấu đỏ;144000;84810;7;;;thùng;SP002195;30;SP002195;;0
SP002198;8934679840327;Mì gấu đỏ hương gà sợi phở gói 63g;Gấu đỏ;3000;2389;467;;;gói;;1;;;0
SP002199;PVN3137;Mì gấu đỏ hương gà sợi phở gói 63g;Gấu đỏ;27000;23890;47;;;lóc;SP002198;10;SP002198;;0
SP002200;PVN3138;Mì gấu đỏ hương gà sợi phở gói 63g;Gấu đỏ;75000;71670;16;;;thùng;SP002198;30;SP002198;;0
SP002201;8934679942427;Mì Gấu đỏ thịt bằm gói 63g;Gấu đỏ;3000;2875;491;;;gói;;1;;;0
SP002202;PVN3256;Mì Gấu đỏ thịt bằm gói 63g;Gấu đỏ;27000;28750;49;;;lóc;SP002201;10;SP002201;;0
SP002203;PVN3319;Mì Gấu đỏ thịt bằm gói 63g;Gấu đỏ;75000;86250;16;;;Thùng;SP002201;30;SP002201;;0
SP002204;8934679451400;Cháo tổ yến Gấu đỏ gói 50g;Gấu đỏ;7000;5914;27;;;gói;;1;;;0
SP002205;PVN6472;Cháo tổ yến Gấu đỏ gói 50g;Gấu đỏ;66000;59140;3;;;lóc;SP002204;10;SP002204;;0
SP002206;PVN6473;Cháo tổ yến Gấu đỏ gói 50g;Gấu đỏ;185000;177420;1;;;thùng;SP002204;30;SP002204;;0
SP002207;8934679941826;Mì gấu đỏ hương vị tôm chua cay gói 63g;Gấu đỏ;3000;2417;77;;;gói;;1;;;0
SP002208;PVN6859;Mì gấu đỏ hương vị tôm chua cay gói 63g;Gấu đỏ;27000;24170;8;;;lóc;SP002207;10;SP002207;;0
SP002209;PVN6860;Mì gấu đỏ hương vị tôm chua cay gói 63g;Gấu đỏ;75000;72510;3;;;thùng;SP002207;30;SP002207;;0
SP002210;8934679940522;Mì gấu đỏ chay rau nấm gói 62g;Gấu đỏ;3000;2371;94;;;gói;;1;;;0
SP002211;PVN7930;Mì gấu đỏ chay rau nấm gói 62g;Gấu đỏ;27000;23710;9;;;lóc;SP002210;10;SP002210;;0
SP002212;PVN7931;Mì gấu đỏ chay rau nấm gói 62g;Gấu đỏ;75000;71130;3;;;thùng;SP002210;30;SP002210;;0
SP002213;8934679641627;Phở bò Gấu đỏ gói 65g;Gấu đỏ;7000;6067;18;;;gói;;1;;;0
SP002214;PVN8231;Phở bò Gấu đỏ gói 65g;Gấu đỏ;188000;182010;1;;;thùng;SP002213;30;SP002213;;0
SP002215;PVN8232;Phở bò Gấu đỏ gói 65g;Gấu đỏ;66000;60670;2;;;10 gói;SP002213;10;SP002213;;0
SP002216;8934563215132;Phở đệ nhất vị bò gói 68g;Hảo hảo;8000;6900;95;;;gói;;1;;;0
SP002217;PVN1996;Phở đệ nhất vị bò gói 68g;Hảo hảo;214000;207000;3;;;thùng;SP002216;30;SP002216;;0
SP002218;PVN6239;Phở đệ nhất vị bò gói 68g;Hảo hảo;76000;69000;10;;;lóc;SP002216;10;SP002216;;0
SP002219;8934563680114;Mì ly mini Doraemon hương vị hải sản chua ngọt ly 53g;Hảo hảo;11000;9500;32;;;ly;;1;;;0
SP002220;PVN8350;Mì ly mini Doraemon hương vị hải sản chua ngọt ly 53g;Hảo hảo;120000;114000;3;;;thùng;SP002219;12;SP002219;;0
SP002221;8934563679101;Mì ly mini Doraemon hương vị hào sữa phô mai ly 53g;Hảo hảo;11000;9500;19;;;ly;;1;;;0
SP002222;PVN8352;Mì ly mini Doraemon hương vị hào sữa phô mai ly 53g;Hảo hảo;120000;114000;2;;;thùng;SP002221;12;SP002221;;0
SP002223;8934563455149;Hủ tiếu Nam Vang Nhịp Sống gói 70g;Hảo hảo;9000;8166;86;;;gói;;1;;;0
SP002224;PVN5665;Hủ tiếu Nam Vang Nhịp Sống gói 70g;Hảo hảo;85000;81660;9;;;lóc;SP002223;10;SP002223;;0
SP002225;PVN7498;Hủ tiếu Nam Vang Nhịp Sống gói 70g;Hảo hảo;245000;244980;3;;;thùng;SP002223;30;SP002223;;0
SP002226;8934563458140;Hủ tiếu Nhịp Sống vị Sườn heo 70g;Hảo hảo;9000;8000;38;;;gói;;1;;;0
SP002227;;Hủ tiếu Nhịp Sống vị Sườn heo 70g;Hảo hảo;85000;80000;4;;;Lóc;SP002226;10;SP002226;;0
SP002228;;Hủ tiếu Nhịp Sống vị Sườn heo 70g;Hảo hảo;248000;240000;1;;;Thùng;SP002226;30;SP002226;;0
SP002229;8934563472139;Hủ tiếu nam vang Nhịp Sống chay gói 66g;Hảo hảo;9000;8000;127;;;gói;;1;;;0
SP002230;PVN5752;Hủ tiếu nam vang Nhịp Sống chay gói 66g;Hảo hảo;85000;80000;13;;;lóc;SP002229;10;SP002229;;0
SP002231;PVN7497;Hủ tiếu nam vang Nhịp Sống chay gói 66g;Hảo hảo;245000;240000;4;;;thùng;SP002229;30;SP002229;;0
SP002232;8934563461140;Hủ tiếu bò kho Nhịp sống gói 70g;Hảo hảo;9000;8134;84;;;gói;;1;;;0
SP002233;PVN6241;Hủ tiếu bò kho Nhịp sống gói 70g;Hảo hảo;86000;81340;8;;;lóc;SP002232;10;SP002232;;0
SP002234;PVN6242;Hủ tiếu bò kho Nhịp sống gói 70g;Hảo hảo;246000;244020;3;;;thùng;SP002232;30;SP002232;;0
SP002235;8934988030020;Dầu Cái Lân chai 1L;Cái Lân;38000;35250;50;;;chai;;1;;;0
SP002236;PVN6065;Dầu Cái Lân chai 1L;Cái Lân;450000;423000;4;;;thùng;SP002235;12;SP002235;;0
SP002237;8934988030044;Dầu cái lân can 5L;Cái Lân;182000;175000;9;;;chai;;1;;;0
SP002238;PVN5364;Dầu cái lân can 5L;Cái Lân;728000;700000;2;;;thùng;SP002237;4;SP002237;;0
SP002239;8934988030037;Dầu Cái Lân chai 2L;Cái Lân;78000;71834;37;;;chai;;1;;;0
SP002240;PVN5909;Dầu Cái Lân chai 2L;Cái Lân;468000;862008;3;;;thùng;SP002239;12;SP002239;;0
SP002241;8934988030013;Dầu ăn Cái lân chai 400ml;Cái Lân;15000;13917;0;;;chai;;1;;;0
SP002242;PVN6610;Dầu ăn Cái lân chai 400ml;Cái Lân;339000;334008;0;;;thùng;SP002241;24;SP002241;;0
SP002243;8934563973155;Bún giò heo Hằng Nga;Hảo hảo;9000;8000;23;;;gói;;1;;;0
SP002244;PVN5433;Bún giò heo Hằng Nga;Hảo hảo;86000;80000;2;;;lóc;SP002243;10;SP002243;;0
SP002245;PVN5543;Bún giò heo Hằng Nga;Hảo hảo;250000;192000;1;;;thùng;SP002243;24;SP002243;;0
SP002246;8934563975159;Bún mắm Hằng Nga;Hảo hảo;9000;8000;17;;;gói;;1;;;0
SP002247;PVN5432;Bún mắm Hằng Nga;Hảo hảo;86000;80000;2;;;lóc;SP002246;10;SP002246;;0
SP002248;PVN5542;Bún mắm Hằng Nga;Hảo hảo;243000;192000;1;;;thùng;SP002246;24;SP002246;;0
SP002249;8934563304157;Miến Phú Hương vị Lẩu thái tôm 63g;Hảo hảo;11000;9834;30;;;gói;;1;;;0
SP002250;PVN4756;Miến Phú Hương vị Lẩu thái tôm 63g;Hảo hảo;242000;236016;1;;;thùng;SP002249;24;SP002249;;0
SP002251;PVN4870;Miến Phú Hương vị Lẩu thái tôm 63g;Hảo hảo;105000;98340;3;;;chục;SP002249;10;SP002249;;0
SP002252;8934563301156;Miến Phú hương vị Sườn heo gói 63g;Hảo hảo;11000;9834;37;;;gói;;1;;;0
SP002253;PVN7393;Miến Phú hương vị Sườn heo gói 63g;Hảo hảo;242000;236016;2;;;thùng;SP002252;24;SP002252;;0
SP002254;;Miến Phú hương vị Sườn heo gói 63g;Hảo hảo;105000;98340;4;;;lóc;SP002252;10;SP002252;;0
SP002255;8934563303150;Miến Phú Hương vị Thịt bầm 63g;Hảo hảo;11000;9834;51;;;gói;;1;;;0
SP002256;PVN4869;Miến Phú Hương vị Thịt bầm 63g;Hảo hảo;105000;98340;5;;;lóc;SP002255;10;SP002255;;0
SP002257;PVN5956;Miến Phú Hương vị Thịt bầm 63g;Hảo hảo;242000;236016;2;;;thùng;SP002255;24;SP002255;;0
SP002258;8934563102166;Mì lẩu thái hương vị Tôm 81g;Hảo hảo;8000;7034;122;;;gói;;1;;;0
SP002259;PVN1511;Mì lẩu thái hương vị Tôm 81g;Hảo hảo;212000;211020;4;;;thùng;SP002258;30;SP002258;;0
SP002260;PVN5491;Mì lẩu thái hương vị Tôm 81g;Hảo hảo;75000;70340;12;;;lóc;SP002258;10;SP002258;;0
SP002261;8934563104160;Mì hoành thánh vị Tôm gói 76g;Hảo hảo;8000;7034;98;;;gói;;1;;;0
SP002262;PVN1967;Mì hoành thánh vị Tôm gói 76g;Hảo hảo;212000;211020;3;;;thùng;SP002261;30;SP002261;;0
SP002263;PVN4740;Mì hoành thánh vị Tôm gói 76g;Hảo hảo;76000;70340;10;;;lóc;SP002261;10;SP002261;;0
SP002264;8934563165161;Mì Đệ Nhất thịt bằm gói 83g;Hảo hảo;8000;6900;203;;;gói;;1;;;0
SP002265;PVN1172;Mì Đệ Nhất thịt bằm gói 83g;Hảo hảo;212000;207000;7;;;thùng;SP002264;30;SP002264;;0
SP002266;PVN4739;Mì Đệ Nhất thịt bằm gói 83g;Hảo hảo;75000;69000;20;;;lóc;SP002264;10;SP002264;;0
SP002267;8934563619138;Mì Modern vị lẩu thái tôm ly 67g;Hảo hảo;9000;7250;121;;;ly;;1;;;0
SP002268;PVN5490;Mì Modern vị lẩu thái tôm ly 67g;Hảo hảo;179000;174000;5;;;thùng;SP002267;24;SP002267;;0
SP002269;PVN9059;Mì Modern vị lẩu thái tôm ly 67g;Hảo hảo;84000;72500;12;;;10 ly;SP002267;10;SP002267;;0
SP002270;8934563657130;Mì Modern Xtreme hương vị bò ly;Hảo hảo;9000;7250;55;;;ly;;1;;;0
SP002271;PVN9167;Mì Modern Xtreme hương vị bò ly;Hảo hảo;84000;72500;6;;;chục;SP002270;10;SP002270;;0
SP002272;8934563038236;Mì Modern Xtreme hương vị bò ly;Hảo hảo;179000;174000;2;;;thùng;SP002270;24;SP002270;;0
SP002273;8934563193263;Mì Siukay vị Hải sản gói 128g;Hảo hảo;13000;11249;257;;;gói;;1;;;0
SP002274;PVN1171;Mì Siukay vị Hải sản gói 128g;Hảo hảo;275000;269976;11;;;thùng;SP002273;24;SP002273;;0
SP002275;PVN5857;Mì Siukay vị Hải sản gói 128g;Hảo hảo;122000;112490;26;;;lóc;SP002273;10;SP002273;;0
SP002276;8934563131258;Mì Siukay vị bò gói 127g;Hảo hảo;13000;11250;212;;;gói;;1;;;0
SP002277;PVN5653;Mì Siukay vị bò gói 127g;Hảo hảo;275000;270000;9;;;thùng;SP002276;24;SP002276;;0
SP002278;PVN5861;Mì Siukay vị bò gói 127g;Hảo hảo;122000;112500;21;;;lóc;SP002276;10;SP002276;;0
SP002279;8934563544201;Mì Siukay tia chóp hương vị Hải sản tô 96g;Hảo hảo;16000;13584;7;;;tô;;1;;;0
SP002280;PVN8429;Mì Siukay tia chóp hương vị Hải sản tô 96g;Hảo hảo;174000;163008;1;;;thùng;SP002279;12;SP002279;;0
SP002281;8934563116262;Mì Siukay vị gà xốt phô mai gói 127g;Hảo hảo;13000;11250;238;;;gói;;1;;;0
SP002282;;Mì Siukay vị gà xốt phô mai gói 127g;Hảo hảo;275000;270000;10;;;thùng;SP002281;24;SP002281;;0
SP002283;;Mì Siukay vị gà xốt phô mai gói 127g;Hảo hảo;122000;112500;24;;;chục;SP002281;10;SP002281;;0
SP002284;8934563138165;Mì Hảo Hảo vị tôm chua cay gói 75g;Hảo hảo;4500;3867;257;;;gói;;1;;;0
SP002285;PVN1155;Mì Hảo Hảo vị tôm chua cay gói 75g;Hảo hảo;118000;116010;9;;;thùng;SP002284;30;SP002284;;0
SP002286;PVN6161;Mì Hảo Hảo vị tôm chua cay gói 75g;Hảo hảo;42000;38670;26;;;lóc;SP002284;10;SP002284;;0
SP002287;8934563183158;Mì Hảo Hảo vị sa tế hành tím gói 75g;Hảo hảo;4500;3934;232;;;gói;;1;;;0
SP002288;;Mì Hảo Hảo vị sa tế hành tím gói 75g;Hảo hảo;120000;118020;8;;;thùng;SP002287;30;SP002287;;0
SP002289;;Mì Hảo Hảo vị sa tế hành tím gói 75g;Hảo hảo;42000;39340;23;;;lóc;SP002287;10;SP002287;;0
SP002290;8934563151157;Mì xào Hảo Hảo Tôm xào chua ngọt gói 75g;Hảo hảo;4500;4143;169;;;gói;;1;;;0
SP002291;;Mì xào Hảo Hảo Tôm xào chua ngọt gói 75g;Hảo hảo;120000;124290;6;;;thùng;SP002290;30;SP002290;;0
SP002292;;Mì xào Hảo Hảo Tôm xào chua ngọt gói 75g;Hảo hảo;42000;41430;17;;;lóc;SP002290;10;SP002290;;0
SP002293;8934563198152;Mì chay Hảo Hảo vị Rau nấm gói 74g;Hảo hảo;4500;3867;101;;;gói;;1;;;0
SP002294;;Mì chay Hảo Hảo vị Rau nấm gói 74g;Hảo hảo;120000;116010;3;;;thùng;SP002293;30;SP002293;;0
SP002295;;Mì chay Hảo Hảo vị Rau nấm gói 74g;Hảo hảo;42000;38670;10;;;lóc;SP002293;10;SP002293;;0
SP002296;8934563185152;Mì Hảo Hảo lẩu kim chi hàn quốc gói 75g;Hảo hảo;4500;3934;59;;;gói;;1;;;0
SP002297;;Mì Hảo Hảo lẩu kim chi hàn quốc gói 75g;Hảo hảo;120000;118020;2;;;thùng;SP002296;30;SP002296;;0
SP002298;;Mì Hảo Hảo lẩu kim chi hàn quốc gói 75g;Hảo hảo;42000;39340;6;;;lóc;SP002296;10;SP002296;;0
SP002299;8934563651138;Mì hảo hảo chua cay ly 67g;Hảo hảo;10000;8329;7;;;ly;;1;;;0
SP002300;PVN5860;Mì hảo hảo chua cay ly 67g;Hảo hảo;208000;199896;0;;;thùng;SP002299;24;SP002299;;0
SP002301;8934563184148;Mì Hảo Hảo hương vị Gà vàng gói 74g;Hảo hảo;4500;3933;145;;;gói;;1;;;0
SP002302;;Mì Hảo Hảo hương vị Gà vàng gói 74g;Hảo hảo;42000;39330;15;;;chục;SP002301;10;SP002301;;0
SP002303;;Mì Hảo Hảo hương vị Gà vàng gói 74g;Hảo hảo;120000;117990;5;;;thùng;SP002301;30;SP002301;;0
SP002304;8934563065249;Muối chấm Hảo Hảo hộp 120g;Hảo hảo;18000;13334;24;;;hộp;;1;;;0
SP002305;8934563106140;Mì xào Hảo Hảo hương vị hải sản gói 71g;Hảo hảo;4500;3934;56;;;gói;;1;;;0
SP002306;;Mì xào Hảo Hảo hương vị hải sản gói 71g;Hảo hảo;42000;39340;6;;;Lốc;SP002305;10;SP002305;;0
SP002307;;Mì xào Hảo Hảo hương vị hải sản gói 71g;Hảo hảo;120000;118020;2;;;Thùng;SP002305;30;SP002305;;0
SP002308;8934563669133;Mì Hảo Hảo lẩu nấm thập cẩm ly 66g;Hảo hảo;10000;8333;0;;;ly;;1;;;0
SP002309;;Mì Hảo Hảo lẩu nấm thập cẩm ly 66g;Hảo hảo;208000;199992;0;;;thùng;SP002308;24;SP002308;;0
SP002310;8935015510454;Đường Biên Hòa tinh luyện Pure bịch 1kg;Biên Hòa;30000;28000;26;;;bịch;;1;;;0
SP002311;;Đường Biên Hòa tinh luyện Pure bịch 1kg;Biên Hòa;572000;560000;1;;;thùng;SP002310;20;SP002310;;0
SP002312;8935015513714;Đường Biên Hòa Cô Ba bịch 1kg;Biên Hòa;28000;24000;18;;;bịch;;1;;;0
SP002313;;Đường Biên Hòa Cô Ba bịch 1kg;Biên Hòa;515000;480000;1;;;thùng;SP002312;20;SP002312;;0
SP002314;8935015513646;Đường vàng Cô Ba bịch 1kg;Biên Hòa;31000;28000;15;;;bịch;;1;;;0
SP002315;;Đường vàng Cô Ba bịch 1kg;Biên Hòa;574000;560000;1;;;thùng;SP002314;20;SP002314;;0
SP002316;8935015516043;Đường phèn Cô Ba bịch 1kg;Biên Hòa;39000;35000;15;;;bịch;;1;;;0
SP002317;;Đường phèn Cô Ba bịch 1kg;Biên Hòa;375000;700000;1;;;thùng;SP002316;20;SP002316;;0
SP002318;8936048473235;Nước chấm cá cơm 3 Miền chai 800ml;3 Miền;18000;16300;40;;;chai;;1;;;0
SP002319;;Nước chấm cá cơm 3 Miền chai 800ml;3 Miền;305000;293400;2;;;thùng;SP002318;18;SP002318;;0
SP002320;8936048470760;Mì Reeva lẩu nấm chua cay gói 85g;3 Miền;8000;6486;128;;;gói;;1;;;0
SP002321;;Mì Reeva lẩu nấm chua cay gói 85g;3 Miền;74000;64860;13;;;chục;SP002320;10;SP002320;;0
SP002322;;Mì Reeva lẩu nấm chua cay gói 85g;3 Miền;198000;194580;4;;;thùng;SP002320;30;SP002320;;0
SP002323;8936048471668;Mì 3 miền vị tôm chua cay đặc biệt ly 65g;3 Miền;9000;7741;31;;;ly;;1;;;0
SP002324;;Mì 3 miền vị tôm chua cay đặc biệt ly 65g;3 Miền;86000;77410;3;;;chục;SP002323;10;SP002323;;0
SP002325;;Mì 3 miền vị tôm chua cay đặc biệt ly 65g;3 Miền;194000;185784;1;;;thùng;SP002323;24;SP002323;;0
SP002326;8936048471682;Mì 3 Miền Gold vị bò hầm rau thơm ly 65g;3 Miền;9000;7605;39;;;ly;;1;;;0
SP002327;;Mì 3 Miền Gold vị bò hầm rau thơm ly 65g;3 Miền;86000;76050;4;;;chục;SP002326;10;SP002326;;0
SP002328;;Mì 3 Miền Gold vị bò hầm rau thơm ly 65g;3 Miền;194000;182520;2;;;thùng;SP002326;24;SP002326;;0
SP002329;8936048470524;Mì 3 miền GOLD vì bò hầm rau thơm gói 75g;3 Miền;4000;3556;176;;;gói;;1;;;0
SP002330;PVN3073;Mì 3 miền GOLD vì bò hầm rau thơm gói 75g;3 Miền;38000;35560;18;;;lóc;SP002329;10;SP002329;;0
SP002331;PVN7216;Mì 3 miền GOLD vì bò hầm rau thơm gói 75g;3 Miền;118000;106680;6;;;thùng;SP002329;30;SP002329;;0
SP002332;8936048470012;Mì 3 miền vị tôm chua cay gói 65g;3 Miền;3000;2364;1088;;;gói;;1;;;0
SP002333;;Mì 3 miền vị tôm chua cay gói 65g;3 Miền;27000;23640;109;;;chục;SP002332;10;SP002332;;0
SP002334;;Mì 3 miền vị tôm chua cay gói 65g;3 Miền;75000;70920;36;;;thùng;SP002332;30;SP002332;;0
SP002335;;Mì 3 miền vị tôm chua cay gói 65g;3 Miền;238000;236400;11;;;thùng 100 gói;SP002332;100;SP002332;;0
SP002336;8936048470029;Mì 3 miền vị tôm hùm gói 65g;3 Miền;3000;2345;202;;;gói;;1;;;0
SP002337;;Mì 3 miền vị tôm hùm gói 65g;3 Miền;27000;23450;20;;;chục;SP002336;10;SP002336;;0
SP002338;;Mì 3 miền vị tôm hùm gói 65g;3 Miền;75000;70350;7;;;thùng;SP002336;30;SP002336;;0
SP002339;8936048470036;Mì 3 Miền chay lá đa gói 65g;3 Miền;3000;2367;193;;;gói;;1;;;0
SP002340;;Mì 3 Miền chay lá đa gói 65g;3 Miền;27000;23670;19;;;chục;SP002339;10;SP002339;;0
SP002341;;Mì 3 Miền chay lá đa gói 65g;3 Miền;75000;71010;6;;;thùng;SP002339;30;SP002339;;0
SP002342;8936048477226;Mì 3 miền Gold trung bộ hương vị tôm sú chua cay gói 75g;3 Miền;4500;3701;179;;;gói;;1;;;0
SP002343;;Mì 3 miền Gold trung bộ hương vị tôm sú chua cay gói 75g;3 Miền;42000;37010;18;;;Chục;SP002342;10;SP002342;;0
SP002344;;Mì 3 miền Gold trung bộ hương vị tôm sú chua cay gói 75g;3 Miền;118000;111030;6;;;thùng;SP002342;30;SP002342;;0
SP002345;8936048477202;Mì 3 miền Gold Nam Bộ hương vị tôm sú chua cay gói 75g;3 Miền;4500;3703;157;;;gói;;1;;;0
SP002346;;Mì 3 miền Gold Nam Bộ hương vị tôm sú chua cay gói 75g;3 Miền;42000;37030;16;;;chục;SP002345;10;SP002345;;0
SP002347;;Mì 3 miền Gold Nam Bộ hương vị tôm sú chua cay gói 75g;3 Miền;118000;111090;5;;;thùng;SP002345;30;SP002345;;0
SP002348;8936048477240;Mì 3 miền Gold Bắc bộ hương vị tôm sú chua cay gói 75g;3 Miền;4500;3703;172;;;Gói;;1;;;0
SP002349;;Mì 3 miền Gold Bắc bộ hương vị tôm sú chua cay gói 75g;3 Miền;42000;37030;17;;;Chục;SP002348;10;SP002348;;0
SP002350;;Mì 3 miền Gold Bắc bộ hương vị tôm sú chua cay gói 75g;3 Miền;118000;111090;6;;;Thùng;SP002348;30;SP002348;;0
SP002351;8936048476427;Boncha ít đường hương hoa lài chai 450ml;Boncha;9000;7271;0;;;Chai;;1;;;0
SP002352;;Boncha ít đường hương hoa lài chai 450ml;Boncha;46000;43626;0;;;Lốc;SP002351;6;SP002351;;0
SP002353;;Boncha ít đường hương hoa lài chai 450ml;Boncha;177000;174504;0;;;Thùng;SP002351;24;SP002351;;0
SP002354;8934707011002;Knorr gia vị thịt kho bịch 28g;Knorr;8000;5130;3;;;bịch;;1;;;0
SP002355;8934707010944;Knorr gia vị cá kho bịch 28g;Knorr;8000;5033;4;;;bịch;;1;;;0
SP002356;8934707027478;Hạt nêm Knorr nấm hương bịch 380g;Knorr;38000;31660;9;;;bịch;;1;;;0
SP002357;8934707012122;Hạt nêm Knorr nấm hương organic bịch 170g;Knorr;17000;14497;36;;;bịch;;1;;;0
SP002358;8934707031284;Hạt nêm Knorr thịt thăn xương ống bịch 900g;Knorr;68000;61345;8;;;bịch;;1;;;0
SP002359;8934707031956;Hạt nếm Knorr thịt thăn,xương ống bịch 400g;Knorr;32000;27426;12;;;bịch;;1;;;0
SP002360;8934868198284;NXV Comfort hương gió xuân dây (10+2);Comfort;17000;14234;24;;;dây;;1;;;0
SP002361;8934868173540;Comfort hương nước hoa Thanh xuân dây (10+2);Comfort;17000;15529;20;;;dây;;1;;;0
SP002362;8934868198338;NXV Comfort trắng dịu nhẹ thơm hương phấn dây (10+2);Comfort;17000;14356;21;;;dây;;1;;;0
SP002363;8934868198291;NXV Comfort nước hoa thiên nhiên diệu kỳ dây (10+2);Comfort;17000;14356;17;;;dây;;1;;;0
SP002364;8934868198314;NXV Comfort hương nước hoa quyến rũ dây (10+2);Comfort;17000;14051;10;;;dây;;1;;;0
SP002365;8934868198321;NXV Comfort hương ban mai dây (10+2);Comfort;17000;14328;33;;;dây;;1;;;0
SP002366;8934868190417;Comfort hương mẫu đơn kiêu sa dây (10+2);Comfort;17000;14356;13;;;dây;;1;;;0
SP002367;8934868198284;NXV Comfort hương gió xuân dây (10+2);Comfort;17000;14234;24;;;dây;;1;;;0
SP002368;8934868188162;NX Comfort mềm vải dịu nhẹ hương phấn túi 3L;Comfort;178000;171765;3;;;túi;;1;;;0
SP002369;8934868150398;NXV Comfort hương ban mai túi 3.8L;Comfort;238000;233326;2;;;túi;;1;;;0
SP002370;8934868150442;NXV Comfort hương gió xuân túi 1.8L;Comfort;118000;109943;2;;;túi;;1;;;0
KTH;PVN5357;Kẹo tổng hợp;Kẹo;5000;3900;20000;;;cây;;1;;;0
B10K;PVN2847;Bánh bịch 10k;Bánh;10000;8000;11;;;bịch;;1;;;0
DC5;DC5;Đường cát 500g;Đường;10000;9041;57;;;bịch;DC500;1;DC500;;0
DC1;DC1;Đường cát 1kg;Đường;20000;18082;29;;;bịch;DC500;2;DC500;;0
DC10;PVN3262;Đường cát - cây;Đường;222000;216984;2;;;cây;DC500;24;DC500;;0
DV5;DV5;Đường vàng 500g;Đường;10000;8976;108;;;bịch;;1;;;0
DV1;DV1;Đường vàng 1kg;Đường;20000;17952;54;;;bịch;DV5;1;DV5;;0
DV10;PVN4612;Đường vàng - cây;Đường;222000;215424;5;;;cây;DV5;1;DV5;;0
DP5;DP5;Đường phèn 500g;Đường;13000;11350;17;;;500g;;1;;;0
DP1;DP1;Đường phèn - kg;Đường;25000;22700;9;;;kg;DP5;2;DP5;;0
DP10;PVN2876;Đường phèn cây;Đường;230000;227000;1;;;Cây;DP5;20;DP5;;0
TX5;TX5;Tiêu xây tiêu hạt bịch 50g;Tuyết tỷ;12000;9750;68;;;bịch;;1;;;0
TX1;TX5;Tiêu xây tiêu hạt bịch 50g - 1kg;Tuyết tỷ;200000;97500;3;;;1kg;TX5;10;TX5;;0
DX1;DX1;Đậu xanh 100g ( nguyên hạt, nữa, không vỏ);Tuyết tỷ;5000;4191;54;;;100g;;1;;;0
DX10;DP100;Đậu Phộng 100g;Tuyết tỷ;5000;4300;9;;;bịch;DX1;1;DX1;;0
DP1;DP1;Đậu Phộng - 1kg;Tuyết tỷ;46000;43000;1;;;100g;;10;;;0
DP10;DP1k;Nấm mèo 50g;Tuyết tỷ;7000;5750;1;;;1kg;DP1;1;DP1;;0
SN1;SN1;Sườn non 2 chay 100g;Tuyết tỷ;18000;13639;20;;;bịch;;1;;;0
SN10;PVN3404;Sườn non 2 chay 100g - bịch;Tuyết tỷ;162000;136390;2;;;bịch;SN1;10;SN1;;0
MB1;MB1;Muối bọt bịch 1kg;Tuyết tỷ;6000;4451;7;;;bịch;;1;;;0
MB10;PVN9324;Muối bọt bịch 1kg - 10 gói;Tuyết tỷ;52000;44510;1;;;10 gói;MB1;10;MB1;;0
MH1;MH1;Muối hột bịch 1kg;Tuyết tỷ;6000;3786;19;;;bịch;;1;;;0
MH10;PVN3182;Muối hột bịch 1kg - sỉ 10;Tuyết tỷ;48000;37860;2;;;sỉ 10;MH1;10;MH1;;0
SP002394;PVN9250;Muối sấy iot 500g;Tuyết tỷ;5000;2800;4;;;bịch;;1;;;0
SP002395;PVN9250;Muối sấy iot 500g - Bao;Tuyết tỷ;160000;140000;0;;;Bao;SP002394;50;SP002394;;0
SP002396;PVN2746;Phổ tai( nấu chè) 20g;Tuyết tỷ;5000;3556;693;;;20g;;1;;;0
SP002397;PVN2712;Bột khoai, bột báng 100g;Tuyết tỷ;5000;2056;34;;;100g;;1;;;0
SP002398;PVN6147;Bột khoai (Nấu chè) 100g - kg;Tuyết tỷ;30000;20560;3;;;kg;SP002397;10;SP002397;;0
SP002399;8936047443444;Bánh karo phô mai chà bông;Karo;30000;29250;2;;;bịch;;1;;;0
SP002400;PVN2810;Bánh karo Phô mai hoàng kim - thùng;Karo;355000;351000;0;;;thùng;SP002399;12;SP002399;;0
SP002401;8938506170892;Bánh karo trứng chà bông;Karo;30000;29250;0;;;gói;;1;;;0
SP002402;PVN2811;Bánh karo trứng chà bông - thùng;Karo;355000;351000;0;;;thùng;SP002401;12;SP002401;;0
SP002403;3073781214673;Phô mai bò cười Kiri vị đào hoa nhài bịch 78g;Phô mai bò cười;55000;47000;0;;;bịch;;1;;;0
SP002404;3073781214659;Phô mai bò cười Kiri vị việt quốc bịch 78g;Phô mai bò cười;55000;47000;0;;;bịch;;1;;;0
SP002405;3073781153873;Phô mai bò cười Belcure hương chocolat bịch 78g;Phô mai bò cười;48000;43000;0;;;bịch;;1;;;0
SP002406;3073781210392;Phô mai bò cười Belcure hương xoài 78g;Phô mai bò cười;48000;43000;0;;;hộp;;1;;;0
SP002407;3073781153859;Phô mai bò cười Belcure hương dâu bịch 78g;Phô mai bò cười;48000;43000;0;;;bịch;;1;;;0
SP002408;3073781203875;Phô mai bò cười Belcure hương việt quốc bịch 78g;Phô mai bò cười;48000;43000;0;;;bịch;;1;;;0
SP002409;3073781110685;Phô mai bò cười Belcube vị truyền thống bịch 78g;Phô mai bò cười;48000;43000;0;;;bịch;;1;;;0
PMBC;PVN7164;Phô mai bò cười lẻ;Phô mai bò cười;5000;3813;0;;;cái;pmbc;1;pmbc;;0
SP002411;3073781154375;Phô mai bò cười lẻ - hộp 224g;Phô mai bò cười;70000;61008;0;;;hộp;;1;;;0
SP002412;3073781154351;Phô mai bò cười hộp 112g;Phô mai bò cười;38000;33500;0;;;hộp;;1;;;0
TTX;8936031095543;Trà sâm dứa Ngọc Trang xanh;Tuyết tỷ;8000;6917;42;;;gói;;1;;;0
TTXL;;Trà sâm dứa Ngọc Trang xanh - lóc;Tuyết tỷ;44000;41502;7;;;lóc;TTX;6;TTX;;0
TTV;8936031095567;Trà ngọc trang vàng chim én;Tuyết tỷ;10000;8532;0;;;bịch;;1;;;0
TTVL;PVN8541;Trà ngọc trang vàng chim én - lóc;Tuyết tỷ;54000;51192;0;;;lóc;TTV;6;TTV;;0
TBB;8938500220036;Trà bách bảo;Tuyết tỷ;12000;10746;38;;;gói;;1;;;0
TBBL;PVN2760;Trà bách bảo - lóc;Tuyết tỷ;64000;64476;6;;;lóc;TBB;6;TBB;;0
TNX;TTX;Trà Thái nguyên xanh;Tuyết tỷ;20000;19000;5;;;gói;;1;;;0
TNV;TTV;Trà móc câu Thái Nguyên vàng;Tuyết tỷ;17000;16800;23;;;gói;;1;;;0
SP002421;8938545324096;Chân gà 2 chân TAP FOOD;Chân gà;9000;6500;0;;;bịch;;1;;;0
SP002422;PVN8385;Chân gà 2 chân TAP FOOD - 10 cái;Chân gà;75000;65000;0;;;10 cái;SP002421;10;SP002421;;0
SP002423;8938545324102;Chân gà TAP FOOD;Chân gà;9000;6500;0;;;cái;;1;;;0
SP002424;PVN6584;Chân gà TAP FOOD - 10 cái;Chân gà;75000;65000;0;;;10 cái;SP002423;10;SP002423;;0
SP002425;8938548990052;Chân gà rút xương MEOW;Chân gà;9000;6000;0;;;bịch;;1;;;0
SP002426;PVN7464;Chân gà rút xương MEOW - CHỤC;Chân gà;85000;60000;0;;;10 cái;SP002425;10;SP002425;;0
SP002427;8938545324003;Chân gà TAP FOOD;Chân gà;8000;6500;0;;;cái;;1;;;0
SP002428;PVN6913;Bánh Toyour bịch 30k;Toyour;30000;25000;3;;;bịch;;1;;;0
SP002429;8938549140722;Chân gà rút xương Anna Lala;Chân gà;9000;6500;0;;;bịch;;1;;;0
SP002430;8938545374039;Chân gà vị cay tê cay ZL FOOD;Chân gà;8000;6500;0;;;cái;;1;;;0
SP002431;8938565014007;Đất nặn khô 12 màu ALINH SUPER LIGHT CLAY;SUPER;15000;12500;14;;;bộ;;1;;;0
SP002432;6970645478738;Đất nặn khô 24 màu ALINH;khô;28000;20000;13;;;bộ;;1;;;0
SP002433;8935001719243;Kẹo Alpenliebe vị khoai môn hạt sen bịch 84g;Alpenliebe;16000;10000;0;;;bịch;;1;;;0
SP002434;8935001719892;Alpenliebe vị cà phê sữa 32g;Alpenliebe;5000;4000;0;;;cây;;1;;;0
SP002435;8935001720003;Alpenliebe eclairs caramel choco bịch 63.7g;Alpenliebe;18000;16000;0;;;bịch;;1;;;0
SP002436;8935001719809;Kẹo Alpenliebe hương dâu xí muội bịch 84.1g;Alpenliebe;16000;10000;0;;;bịch;;1;;;0
SP002437;8935001719793;Kẹo Alpenliebe hương kem quả mộng bịch 115g;Alpenliebe;16000;10000;0;;;bịch;;1;;;0
SP002438;8935001718345;Kẹo Alpenliebe hương đậu xanh & đậu đỏ trứng muối bịch 84g;Alpenliebe;16000;13000;0;;;bịch;;1;;;0
SP002439;8935001719243;Kẹo Alpenliebe vị khoai môn hạt sen bịch 84g;Alpenliebe;16000;10000;0;;;bịch;;1;;;0
SP002440;8935001719106;Alpenliebe hương cà phê sữa bịch 101.5g;Alpenliebe;15000;12000;0;;;bịch;;1;;;0
SP002441;8935001718628;Kẹo Alpenliebe hương Caramen nhân kem sữa bịch 105,6g;Alpenliebe;15000;11000;0;;;bịch;;1;;;0
SP002442;8935001718369;Kẹo mút Alpenliebe hương kem quả mọng que 10g;Alpenliebe;2000;1412;0;;;cây;;1;;;0
SP002443;8935001719052;Kẹo dẻo Alpenliebe hương đào bịch 24g;Alpenliebe;5000;3938;0;;;bịch;;1;;;0
SP002444;8935001718970;Kẹo Alpenliebe hương xí muội nhân muối ớt cây 26g;Alpenliebe;5000;4063;0;;;cây;;1;;;0
SP002445;8935001718857;Alpenliebe jelly hương trái cây tổng hợp bịch 24g;Alpenliebe;5000;4000;0;;;bịch;;1;;;0
SP002446;8935759718970;Kẹo Alpenliebe xí muội muối ớt 26,1g;Alpenliebe;5000;4000;0;;;cây;;1;;;0
SP002447;8935001718178;Kẹo Alpenliebe hương vị Kiwi chanh dây hạt chia bịch 68g;Alpenliebe;16000;11000;0;;;bịch;;1;;;0
SP002448;8935001718574;Kẹo Alpenliebe hương vị đường đen hạt đều bịch 68g;Alpenliebe;16000;11000;0;;;bịch;;1;;;0
SP002449;8935001715672;Kẹo Alpenliebe hương trà bưởi mật ong cây 26g;Alpenliebe;5000;4000;0;;;cây;;1;;;0
SP002450;8935001718321;Kẹo Alpenliebe hương chanh muối lắc cây 26g;Alpenliebe;5000;4000;0;;;cây;;1;;;0
SP002451;8935001718185;Kẹo Alpenliebe vị trà sữa đường đen;Alpenliebe;5000;4000;0;;;cây;;1;;;0
SP002452;8935001718130;Kẹo Alpenliebe hương chanh dây hạt chia;Alpenliebe;5000;4000;0;;;cây;;1;;;0
SP002453;8935001718314;Kẹo Alpenliebe chanh muối 84,1g;Alpenliebe;15000;11000;0;;;bịch;;1;;;0
SP002454;8935001717119;Alpenliebe nhà dâu sữa;Alpenliebe;16000;11000;0;;;Bịch;;1;;;0
SP002455;8935001712527;Kẹo Alpenliebe hương dâu & nho bịch 84g;Alpenliebe;16000;12000;0;;;bịch;;1;;;0
SP002456;8935001717096;Kẹo Alpenliebe hương cafe dừa 119g;Alpenliebe;16000;11000;0;;;bịch;;1;;;0
SP002457;8935001714316;Xoài muối ớt Alpenliebe 26g;Alpenliebe;5000;4063;0;;;cây;;1;;;0
SP002458;8935001704300;Kẹo Golia nhân siro hương thảo dược mát lạnh 29,5g;Alpenliebe;5000;4063;0;;;cây;;1;;;0
SP002459;8935001714057;Kẹo hương bạc hà nhân socola Alpenliebe 26g;Alpenliebe;5000;4063;0;;;cây;;1;;;0
SP002460;8,935E+12;Kẹo cứng Alpenliebe hương dâu kem 32g;Alpenliebe;5000;4063;0;;;cây;;1;;;0
SP002461;8,935E+12;Kẹo mềm Alpenliebe vị dâu 24,5g;Alpenliebe;5000;4063;0;;;cây;;1;;;0
SP002462;8935001712336;Kẹo mềm Alpenliebe vị nho 24,5g;Alpenliebe;5000;4063;0;;;cây;;1;;;0
SP002463;8935001714682;Kẹo xoải muối ớt Alpenliebe 87g;Alpenliebe;16000;12000;0;;;bịch;;1;;;0
SP002464;8935001702504;Kẹo Golia Active Plus Bạc Hà bịch 112.5g;Alpenliebe;16000;12000;0;;;gói;;1;;;0
SP002465;8935001707165;Kẹo Mentos hương bạc hà thanh 30g;Alpenliebe;5000;4063;0;;;cây;;1;;;0
SP002466;8935001701699;Kẹo Alpenliebe Vị Sữa Caramen 120g;Alpenliebe;16000;12000;0;;;bịch;;1;;;0
SP002467;8936219980081;Muối ngọc yến;Tuyết tỷ;7000;5600;5;;;bịch;;1;;;0
SP002468;8935235300842;Bánh Donut phủ socola nhân hương cam;;5000;3667;0;;;cái;;1;;;0
SP002469;8,94E+12;Bánh Donut phủ socola - bịch;;55000;44004;0;;;bịch;;1;;;0
SP002470;8935053900040;Đường vàng Nasu bịch 1kg;TH TRUE MILK;26000;22208;41;;;bịch;;1;;;0
SP002471;PVN7213;Đường vàng Nasu bịch 1kg - thùng;TH TRUE MILK;585000;444160;2;;;thùng;SP002470;20;SP002470;;0
SP002472;8935053900118;Đường trắng Nasu bịch 1kg;TH TRUE MILK;24000;21588;14;;;bịch;;1;;;0
SP002473;9556001027252;Kitkat 4F;Jumbo;15000;10600;3;;;thẻ;;1;;;0
SP002474;95506500;Socola Kitkat 2F thanh 17g;Jumbo;10000;8000;51;;;thanh;;1;;;0
SP002475;9556001917119;Socola Kitkat 2F hộp 408g (24 thanh x 17g);Jumbo;210000;192000;2;;;hộp;SP002474;24;SP002474;;0
SP002476;9556001032898;Socola Kitkat 2F thanh 17g - bịch 6 thanh;Jumbo;55000;48000;5;;;bịch 6 thanh;SP002474;6;SP002474;;0
SP002477;9556001198839;Socola Kitkat Chunky thanh 38g;Jumbo;22000;18000;20;;;thanh;;1;;;0
SP002478;9556001198853;Socola Kitkat Chunky bịch 114g (3 thanh x 38g);Jumbo;60000;54000;7;;;bịch;SP002477;3;SP002477;;0
SP002479;PVN2967;Bánh mì sandwich 12k;mì;12000;10000;10;;;bịch;;1;;;0
SP002480;8851019600420;Pocky sữa 18g;Pocky;10000;8000;0;;;hộp;;1;;;0
SP002481;8851019510224;POCKY QUE DÂU 20G;Pocky;10000;7037;0;;;hộp;;1;;;0
SP002482;8851019510217;POCKY QUE SOCOLA 20G;Pocky;10000;7037;0;;;hộp;;1;;;0
SP002483;8851019500195;Bánh Pocky kem cookies & cream hộp 40g;Pocky;16000;13370;0;;;hộp;;1;;;0
SP002484;8851019310244;Bánh Pocky nhân đôi kem sôcôla hộp 40g;Pocky;16000;13370;0;;;hộp;;1;;;0
SP002485;8851019500164;Bánh Pocky hương Matcha hộp 40g;Pocky;16000;13370;0;;;hộp;;1;;;0
SP002486;8851019310190;Bánh Pocky hương kem sôcôla hộp 40g;Pocky;16000;13370;0;;;hộp;;1;;;0
SP002487;8851019310206;Bánh Pocky vị kem dâu hộp 38g;Pocky;16000;13370;0;;;hộp;;1;;;0
SP002488;8936201841079;Bánh gấu Peony kem dâu 180g;Pocky;25000;19500;0;;;bịch;;1;;;0
SP002489;8936201841086;Bánh gấu Peony socola 180g;Koala;25000;19500;0;;;bịch;;1;;;0
SP002490;8936201841093;Bánh gấu Peony kem sữa 180g;Koala;25000;19500;0;;;bịch;;1;;;0
SP002491;8852008304848;Bánh gấu black koala's march;Koala;15000;12000;0;;;hộp;;1;;;0
SP002492;8852008511239;Bánh que toppo vị dâu 40g;Koala;17000;13000;0;;;hộp;;1;;;0
SP002493;8852008304879;Bánh gấu koala's march vị sữa tươi 37g;Koala;16000;12000;0;;;hộp;;1;;;0
SP002494;8852008300130;Bánh gấu Koala's March vị dâu;Koala;16000;13000;0;;;hộp;;1;;;0
SP002495;8852008300116;Bánh gấu Koala's March vị chocolate;Koala;16000;12000;0;;;hộp;;1;;;0
SP002496;8852008510010;Bánh que Loppo chocolate 40g;Koala;17000;13000;0;;;hộp;;1;;;0
SP002497;8858694610096;Bánh que Ticky vị dâu;Koala;10000;4000;1;;;hộp;;1;;;0
SP002498;8934760212286;Tipo bánh trứng vị sầu riêng 220g;Tipo;38000;33000;0;;;bịch;;1;;;0
SP002499;PVN8210;Tipo bánh trứng vị sầu riêng 220g - thùng;Tipo;580000;528000;0;;;thùng;SP002498;16;SP002498;;0
SP002500;8934760211920;Bánh trứng kem tươi Tipo 220g;Tipo;38000;32000;0;;;bịch;;1;;;0
SP002501;6950545500319;Thanh cua 14g;;5000;3000;0;;;cái;;1;;;0
SP002502;8994834002595;Snack mì ăn liền Enaak extra;;6000;4850;0;;;bịch;;1;;;0
SP002503;8994834004728;Snack Mì ăn liền Enaak cay (đỏ);;6000;4750;0;;;bịch;;1;;;0
SP002504;6974729974406;Bánh tart trứng cái 60g;;10000;8000;0;;;cái;;1;;;0
SP002505;8935058913342;Xúc xích cp phô mai 60g;CP;10000;9367;358;;;cây;;1;;;0
SP002506;8935058921477;Xúc xích cay hàn quốc cây 33g;;6000;5000;0;;;cây;;1;;;0
SP002507;8936213620075;xúc xích 2 viên;;3000;1200;0;;;cái;;1;;;0
SP002508;6979041781022;Xúc xích cay Trâu cụng đỏ;;7000;5100;0;;;bịch;;1;;;0
SP002509;8936123410568;Dung Dịch Vệ Sinh Phụ Nữ Lactacyd Extra Nourish chai 150ml;Jumbo;88000;7536561;3;;;chai;;1;;;0
SP002510;8936123410254;Dung dịch vệ sinh phụ nữ Lactacyd Odor Fresh hỗ trợ ngăn mùi 24h chai 250ml;Jumbo;78000;71500;1;;;chai;;1;;;0
SP002511;8936123410070;Dung Dịch Vệ Sinh Phụ Nữ Lactacyd Dưỡng Ẩm chai 250ml;Jumbo;78000;72350;0;;;chai;;1;;;0
SP002512;8936123410223;Dung dịch vệ sinh phụ nữ Lactacyd pro sensitive chăm sóc bảo vệ chai 250ml;Jumbo;90000;80401;3;;;chai;;1;;;0
SP002513;8934662302184;Sữa tắm nước hoa Cindy Bloom hương nhụy hoa nghệ tây 640g+tặng;;115000;98000;3;;;chai;;1;;;0
SP002514;8935020038059;Tắm dê familiar 1,2L;Vinh;82000;68000;4;;;chai;;1;;;0
SP002515;8936123410322;Sữa tắm gội trẻ em Lactacyd Baby Gentle Care chai 250ml;Jumbo;90000;85000;4;;;chai;;1;;;0
SP002516;8936123410162;Sữa tắm gội Lactacyd Baby Extra Milky chai 500ml;Jumbo;158000;153500;1;;;chai;;1;;;0
SP002517;8936123410032;Sữa tắm gội Lactacyd Baby Extra Milky chai 250ml;Jumbo;90000;85000;2;;;chai;;1;;;0
SP002518;4902430878692;Nước xả vải Downy hương Cuốn hút 2.3L;Downy;150000;144585;0;;;bịch;;1;;;0
SP002519;4902430871020;Nước giặt Ariel Matic cửa trước hương Đam mê 2L;Downy;120000;102819;0;;;bịch;;1;;;0
SP002520;4902430871044;Nước giặt Ariel Matic cửa trước tươi mát rực rỡ 2.3L;Downy;130000;102820;0;;;bịch;;1;;;0
SP002521;4902430418287;Nước xả vải Downy hương Đóa hoa ngọt ngào 2.3L;Downy;150000;144585;0;;;bịch;;1;;;0
SP002522;4902430415637;Nước xả vải Downy hương Đóa hoa thơm mát 2.2L;Downy;150000;144585;0;;;bịch;;1;;;0
SP002523;4271443807938;Đậu phộng mè tân tân 240g;;45000;40000;2;;;hũ;;1;;;0
SP002524;4987176234544;NXV Downy hương nắng mai (KM);Downy;17000;14763;0;;;dây;;1;;;0
SP002525;4987176208538;DG Pantene phục hồi hư tổn dây;Downy;14000;11492;0;;;dây;;1;;;0
SP002526;8935057103140;Thạch phô mai hương xoài, cam, đào,... hũ lẻ;;8000;6240;0;;;hũ;;1;;;0
SP002527;8935057103256;Thạch phô mai hương xoài, cam, đào,... hũ lẻ - hộp;;40000;37440;0;;;hộp;SP002526;6;SP002526;;0
SP002528;7902406432795;DX Pantene ngăn rụng tóc 650ml;Downy;132000;122041;2;;;chai;;1;;;0
SP002529;8934822201210;Bia Heineken bạc cao lon 330ml;Bia;20000;18750;120;;;lon;;1;;;0
SP002530;PVN8078;Bia Heineken bạc cao lon 330ml - 10 lon;Bia;195000;187500;12;;;10 lon;SP002529;10;SP002529;;0
SP002531;PVN8079;Bia Heineken bạc cao lon 330ml - thùng;Bia;460000;450000;5;;;thùng;SP002529;24;SP002529;;0
SP002532;8934822201272;Bia Heineken bạc lon 250ml;Bia;17000;15398;71;;;lon;;1;;;0
SP002533;PVN7934;Bia Heineken bạc lon 250ml - 10 lon;Bia;162000;153980;7;;;10 lon;SP002532;10;SP002532;;0
SP002534;PVN7935;Bia Heineken bạc lon 250ml - thùng;Bia;375000;369552;3;;;thùng;SP002532;24;SP002532;;0
SP002535;8934822112332;Bia Tiger xanh lon 330ml;Bia;16000;15000;103;;;lon;;1;;;0
SP002536;PVN6674;Bia Tiger xanh lon 330ml - lóc;Bia;156000;150000;10;;;lóc;SP002535;10;SP002535;;0
SP002537;PVN6675;Bia Tiger xanh lon 330ml - thùng;Bia;368000;360000;4;;;thùng;SP002535;24;SP002535;;0
SP002538;8934964101331;Giấy không lõi Blessyou Silk xanh dương 6 cuộn;Sài gòn;38000;36100;6;;;cây;;1;;;0
SP002539;8935012413321;Bia Sài Gòn Lager lon 330ml;Bia;12000;11042;167;;;lon;;1;;;0
SP002540;PVN6432;Bia Sài Gòn Lager lon 330ml - 10 lon;Bia;117000;110420;17;;;10 lon;SP002539;10;SP002539;;0
SP002541;PVN6433;Bia Sài Gòn Lager lon 330ml - thùng;Bia;270000;265008;7;;;thùng;SP002539;24;SP002539;;0
SP002542;8934964100792;Khăn giấy không lõi Sài Gòn Care (10 cuộn x 2 lớp);Sài gòn;26000;23931;5;;;cây;;1;;;0
SP002543;8934964124514;Khăn giấy rút Bless you gói 250 tờ;Sài gòn;20000;18124;17;;;gói;;1;;;0
SP002544;8934964122374;Khăn hộp bless you 180 tờ hộp;Sài gòn;20000;18000;1;;;hộp;;1;;;0
SP002545;8934964124057;Khăn vuông bless you 23x23;Sài gòn;10000;6786;40;;;bịch;;1;;;0
SP002546;8934964100624;Giấy Sài gòn care hồng 10 cuộn;Sài gòn;34000;32000;12;;;cây;;1;;;0
SP002547;8935102419417;Bột ngọt VeDan gói 454g;Sơn hải;30000;29250;1;;;gói;;1;;;0
SP002548;PVN5647;Bột ngọt VeDan gói 454g - thùng;Sơn hải;1220000;1170000;0;;;thùng;SP002547;40;SP002547;;0
SP002549;PVN5932;Nui Eric dinh dưỡng bịch 200g;Tuyết tỷ;13000;11787;54;;;bịch;;1;;;0
SP002550;PVN9484;Bánh tráng linh tâm (xanh) bịch nhỏ;Tuyết tỷ;12000;8379;9;;;bịch;;1;;;0
SP002551;linhtamdo;Bánh tráng nhúng linh tâm (đỏ) bịch;Tuyết tỷ;25000;20000;14;;;bịch;;1;;;0
SP002552;6903046000154;BÚN TÀU 50GRAM;Tuyết tỷ;5000;3091;4;;;bịch;;1;;;0
SP002553;8934734022033;BÔT GẠO 400g;Tuyết tỷ;20000;18024;15;;;bịch;;1;;;0
SP002554;LG;Gia vị nấu La Gu;Tuyết tỷ;5000;4064;13;;;bịch;;1;;;0
SP002555;8934741127677;Bột carry Nẹy Túm;Tuyết tỷ;5000;3700;19;;;gói;;1;;;0
SP002556;8936013740331;Bột bánh xèo Hương Xưa bịch 500g;Tuyết tỷ;22000;20500;18;;;gói;;1;;;0
SP002557;8934734012034;Bột năng 400g;Tuyết tỷ;18000;16000;12;;;gói;;1;;;0
SP002558;8934734092104;Bột bắp 150g;Tuyết tỷ;9000;7500;9;;;gói;;1;;;0
SP002559;8934734432146;Bột chiên chuối Vĩnh Thuận bịch 250g;Tuyết tỷ;10000;9000;20;;;bịch;;1;;;0
SP002560;8936033092212;Bột chiên xù Panko bịch 100g;Tuyết tỷ;7000;5126;21;;;bịch;;1;;;0
SP002561;8850092281045;Nxv Hygiene dịu nhẹ Expert Care hồng baby dây;Hygie;18000;14000;14;;;dây;;1;;;0
SP002562;8850092276027;NXV Hygiene Sun Sky hồng trái cây dây;Hygie;18000;14000;13;;;dây;;1;;;0
SP002563;8850092285029;NXV Hygiene Happy Sunshine cam dây;Hygie;18000;14000;10;;;dây;;1;;;0
SP002564;8850092316020;NXV Hygiene Wisteria tím dây;Hygie;18000;14000;30;;;dây;;1;;;0
SP002565;8850092294021;Hygiene Sunkiss Blooming xanh dương dây;Hygie;18000;14000;7;;;dây;;1;;;0
SP002566;8850092292027;NXV Hygiene Best Origins tím sen dây;Hygie;18000;14000;16;;;dây;;1;;;0
SP002567;8850092291020;NXV Hygiene Wonder Blossom đỏ dây;Hygie;18000;14000;9;;;dây;;1;;;0
SP002568;8850092283049;NXV Hygiene hương sớm mai Sunkiss Blooming xanh dương dây;Hygie;18000;14000;10;;;dây;;1;;;0
SP002569;8850092275020;Hygiene Life Nature hồng dây;Hygie;18000;14000;37;;;dây;;1;;;0
SP002570;8850092280048;Hygiene Milky Touch trắng dây;Hygie;18000;14000;20;;;dây;;1;;;0
SP002571;8850092298029;NXV Hygiene Peony Bloom đen dây;Hygie;18000;14000;27;;;dây;;1;;;0
SP002572;4987176189424;DG H&S da đầu ngứa dây;Downy;14000;11779;12;;;dây;;1;;;0
SP002573;4987176202819;DX rejchoi siêu mềm mượt dây;Downy;10000;7661;0;;;dây;;1;;;0
SP002574;4987176193964;DG Rejoice 3in1 phiên bản hoa hồng Jeju Hàn Quốc dây;Downy;10000;7664;0;;;dây;;1;;;0
SP002575;7702018017386;Bộ 5 cây cạo gillette cán vàng (km+1);Downy;36000;30871;-6;;;bịch;;1;;;0
SP002576;8936079121716;Bánh Poca que giòn vị Phô mai 30g;Poca;5000;3700;-177;;;bịch;;1;;;0
SP002577;8936079120382;Bánh Poca vị Bắp ngọt xốc bơ 37g;Poca;5000;3700;634;;;bịch;;1;;;0
SP002578;8936079120337;Bánh phồng tôm Poca 31g;Poca;5000;3700;-323;;;bịch;;1;;;0
SP002579;8936079121723;Bánh Poca bí đỏ vị bò nướng 36g;Poca;5000;3700;-11;;;bịch;;1;;;0
SP002580;8936079121181;Bánh phông tôm Poca vị cua;Poca;5000;3500;-15;;;bịch;;1;;;0
SP002581;8936079120276;Bánh Poca vị Bò lúc lắc 37g;Poca;5000;3700;-272;;;bịch;;1;;;0
SP002582;8936079120252;Bánh Poca vị Mực lăn muối ớt 37g;Poca;5000;3700;-334;;;bịch;;1;;;0
SP002583;8936079121709;Bánh Poca que giòn vị Sườn nướng BBQ;Poca;5000;3792;-39;;;bịch;;1;;;0
SP002584;8936079120030;Bánh Poca vị Gà quay da giòn 37g;Poca;5000;3792;-142;;;bịch;;1;;;0
SP002585;8936079120269;Bánh Poca vị Tôm hùm nướng 37g;Poca;5000;3800;-174;;;bịch;;1;;;0
SP002586;8936079122249;Bánh Poca bò lúc lắc bịch 75g;Poca;10000;7300;-49;;;bịch;;1;;;0
SP002587;8936079122294;Bánh Poca tôm hùm nướng bịch 75g;Poca;10000;7300;-32;;;bịch;;1;;;0
SP002588;8936079122256;Bánh Poca Mực lăn muối ớt 75g;Poca;10000;7300;-53;;;bịch;;1;;;0
SP002589;8936079123307;Poca que giòn vị sườn nướng BBQ bịch 65g;Poca;10000;8900;42;;;bịch;;1;;;0
SP002590;8936079123208;Bánh Poca vị gà quay da giòn bịch 75g;Poca;10000;7300;-38;;;bịch;;1;;;0
SP002591;8936079122263;Bánh phồng mực Poca bịch 75g;Poca;10000;7300;-121;;;bịch;;1;;;0
SP002592;8936079123352;Poca bắp ngọt xóc bơ bịch 65g;Poca;10000;7300;-6;;;bịch;;1;;;0
SP002593;8936079123888;Poca vị sữa chua dâu bịch 30g;Poca;5000;4200;97;;;bịch;;1;;;0
SP002594;8936079124915;Poca snack hình cua bịch 30g;Poca;5000;4000;59;;;bịch;;1;;;0
SP002595;8936079124939;Poca bánh phồng vị tảo biển bịch 30g;Poca;5000;4000;70;;;bịch;;1;;;0
SP002596;8936079124892;Poca Snack hình cua bịch 30g;Poca;5000;4000;-47;;;bịch;;1;;;0
SP002597;4902430511933;Dầu gọi Rejoice siêu mềm mượt dây;Downy;10000;7661;-30;;;dây;;1;;;0
SP002598;4902430501453;Head & Shoulders hương táo thơm mát (12 gói);Downy;14000;12672;0;;;dây;;1;;;0
SP002599;4902430752428;Head&Shoulder hương chanh tươi mát;Downy;14000;12500;8;;;dây;;1;;;0
SP002600;4902430418218;NXV Downy đóa hoa ngọt ngào dây;Downy;17000;15079;0;;;dây;;1;;;0
SP002601;4902430867856;Downy Expert dành cho phơi trong nhà 20ml;Downy;17000;15573;-2;;;dây;;1;;;0
SP002602;4902430504577;NXV Downy huyền bí dây;Downy;17000;15042;17;;;dây;;1;;;0
SP002603;4902430276320;Nước xả vải Downy đam mê dây;Downy;17000;15042;17;;;dây;;1;;;0
SP002604;4902430706735;NXV Downy hương nắng mai dây;Downy;17000;15042;8;;;dây;;1;;;0
SP002605;4902430415446;NXV Downy đóa hoa thơm mát dây;Downy;17000;15042;0;;;dây;;1;;;0
SP002606;8936082650319;Tăm bông hũ trẻ em WIKODO 19c;Tăm bông;20000;13715;24;;;hũ;;1;;;0
SP002607;8938517772535;Tăm bông aqua Star gỗ 100c;Tăm bông;8000;5778;24;;;BỊCH;;1;;;0
SP002608;4987176265982;Sáp thơm hương hoa hạnh phúc 180g;Downy;55000;48798;2;;;hộp;;1;;;0
SP002609;4987176266033;Sáp thơm Ambipur hương hoa mộng mơ 180g;Downy;55000;48798;7;;;hộp;;1;;;0
SP002610;8936082651330;Tăm bông hũ Wikodo 100% tự nhiên 200c;Tăm bông;25000;14600;24;;;hũ;;1;;;0
SP002611;8936082650371;Tăm bông bịch nhựa WIKIDO 200c;Tăm bông;16000;11112;0;;;bịch;;1;;;0
SP002612;8938504294262;Tăm bông thân trúc HANA 200c;Tăm bông;25000;13195;11;;;bịch;;1;;;0
SP002613;4987176298515;NXV Downy đam mệ 1.6l;Downy;95000;90472;0;;;túi;;1;;;0
SP002614;4987176298577;MXV DOWNY hương làn gió mát 1.6l;Downy;95000;88873;-1;;;túi;;1;;;0
SP002615;4987176298546;NXV Downy đam mê 2.5l;Downy;145000;140204;0;;;túi;;1;;;0
SP002616;8996001305652;Bánh tây lạt Malkist 156g;;25000;19000;12;;;hộp;;1;;;0
SP002617;8996001305645;Bánh tây lạt đường Malkist 168g;;25000;19000;1;;;hộp;;1;;;0
SP002618;8938504294521;Tăm bông Hana thân nhựa 200c;Tăm bông;15000;12285;5;;;bịch;;1;;;0
SP002619;8935297103634;Snack rong biển Bibigo vị phô mai bịch 25g;;18000;13200;92;;;bịch;;1;;;0
SP002620;8938504294538;Tăm bông cao cấp HaNa hũ 200c;Tăm bông;25000;18167;0;;;bịch;;1;;;0
SP002621;8938504294125;Tăm bông HaNa cho bé 100% bông tự nhiên;Tăm bông;7000;6125;3;;;bịch;;1;;;0
SP002622;8938504294583;Tăm bông tre em Hana hũ 200 que;Tăm bông;22000;18200;0;;;hũ;;1;;;0
SP002623;8809298833732;Tăm chỉ nha khoa Bis-up (túi zipper 30 chiếc);Tăm bông;20000;14667;5;;;túi;;1;;;0
SP002624;9556123256707;Phấn Rôm sảy Pureen 50g;;38000;23132;6;;;chai;;1;;;0
SP002625;8936082650388;Tăm bông bé Wikodo 100c;Tăm bông;8000;4900;25;;;bịch;;1;;;0
SP002626;8936082651286;Tăm bông gỗ Wikodo 100c;Tăm bông;10000;5778;-3;;;bịch;;1;;;0
SP002627;8809055952133;Tăm chỏ nha khoa hũ tròn 70pcs;Tăm bông;30000;23625;-4;;;hũ;;1;;;0
SP002628;4987176208552;Pantene CSHT dây (tím);Downy;14000;11959;1;;;dây;;1;;;0
SP002629;4902430721127;Chỉ nha khoa Oral-B ( cặp);Downy;95000;85075;3;;;vĩ;;1;;;0
SP002630;8809055952157;Tăm chỉ nha khoa Bis Up hộp 50 cây;Tăm bông;30000;23625;10;;;hộp;;1;;;0
SP002631;8938504294255;Tăm bông Hana thân trúc bịch 100 que;Tăm bông;8000;6825;27;;;bịch;;1;;;0
SP002632;8938504294514;Tăm bông Hana thân nhựa bịch 100 que;Tăm bông;8000;6125;48;;;bịch;;1;;;0
SP002633;8936082651590;Tăm chỉ nha khoa Oraltana 50pcs;Tăm bông;22000;17143;-56;;;hộp;;1;;;0
SP002634;9300647000342;Chỉ nha khoa Oral-B;Downy;55000;47847;8;;;hộp;;1;;;0
SP002635;3014260301705;Lưỡi dao cạo Gillette vector 4;Downy;50000;48186;0;;;cái;;1;;;0
SP002636;8888826016175;Dao cạo Gillette Vector;Downy;29000;26210;-13;;;cái;;1;;;0
SP002637;8888826016182;Lưỡi dao cạo Gillette Vector;Downy;30000;25492;14;;;cái;;1;;;0
SP002638;4902430305815;Lưỡi dao cạo Gillette Guard 3;Downy;35000;34000;74;;;cái;;1;;;0
SP002639;4987176095749;Bộ dao cạo cán xanh blue 2 (km 5+2);Downy;48000;38855;-5;;;bộ;;1;;;0
SP002640;7702018017386;Bộ 5 cây cạo gillette cán vàng (km+1);Downy;36000;30871;-6;;;bộ;;1;;;0
SP002641;;Dao cạo Gilette Blue Plus II Xanh;Downy;9000;8036;17;;;cây;;1;;;0
SP002642;;Dao cạo Gilette Super Thin II vàng;Downy;7000;6741;-214;;;cây;;1;;;0
SP002643;4987176095763;Bộ dao cạo Blue3 Flexi (4+2);Downy;60000;56983;-11;;;bộ;;1;;;0
SP002644;8934669241370;NG Lix tím sạch thơm hương ngàn hoa túi 3.2kg;Lix;104000;96000;1;;;túi;;1;;;0
SP002645;8934669244012;NG Lix đỏ đậm đặc siêu sạch túi 3.2kg;Lix;89000;82500;2;;;túi;;1;;;0
SP002646;8934669260302;NG Lix siêu sạch hương hoa anh đào túi 2.4kg;Lix;68000;59000;3;;;túi;;1;;;0
SP002647;8934669241332;NG Lix tím hương ngàn hoa can 3.3kg;Lix;116000;107000;2;;;can;;1;;;0
SP002648;8934669226421;BG Lix Extra hương hoa bịch 2.4kg;Lix;70000;63000;3;;;bịch;;1;;;0
SP002649;8934669240434;NG Lix đỏ đậm đặc túi 3.5kg;Lix;90000;85000;-1;;;túi;;1;;;0
SP002650;8934669240489;BG Lix Extra hương hoa bịch 2kg;Lix;52000;47000;1;;;bịch;;1;;;0
SP002651;8934669241363;NG Lix tím hương ngàn hoa túi 2.6kg;Lix;80000;73500;0;;;túi;;1;;;0
SP002652;8934669240502;BG Lix Extra hương hoa bịch 550g;Lix;16000;13850;14;;;bịch;;1;;;0
SP002653;8934669240496;BG Lix Extra hương hoa bịch 250g;Lix;8000;6232;38;;;bịch;;1;;;0
SP002654;8934669241554;BG Lix Extra hương hoa bịch 5.5kg;Lix;142000;137000;2;;;bịch;;1;;;0
SP002655;8934669241240;NG Lix đỏ đậm đặc khử mùi ẩm mốc can 3.3kg;Lix;104000;98667;2;;;can;;1;;;0
SP002656;8934669241295;NG Lix Matic xanh dương hương nước hoa can 3.6kg;Lix;110000;104000;4;;;can;;1;;;0
SP002657;8934669493243;NRC Lix hương chanh can 1.4kg;Lix;30000;27000;0;;;can;;1;;;0
SP002658;8934669491263;NRC Lix hương chanh can 3.6kg;Lix;64000;62308;0;;;can;;1;;;0
SP002659;8936097336291;Nước giặt xả Swat xanh phơi trong nhà túi 2.2kg;Lix;98000;85834;-1;;;túi;;1;;;0
SP002660;8936097336161;Nước giặt xả Swat tím túi 2.2kg;Lix;98000;85834;7;;;túi;;1;;;0
SP002661;8936097336154;Nước giặt xả Swat đen túi 2.2kg;Lix;98000;85834;3;;;túi;;1;;;0
SP002662;8936097336284;Nước giặt xả Swat đỏ hương nước hoa túi 2.2kg;Lix;90000;88959;0;;;túi;;1;;;0
SP002663;8936097336444;Nước giặt xả Swat trắng chuyên gia cửa trước túi 2.2kg;Lix;90000;85000;-2;;;túi;;1;;;0
SP002664;8936097136204;Nước giặt xả Swat vàng 5in1 túi 2.2kg;Lix;98000;90000;12;;;túi;;1;;;0
SP002665;8936097336000;Nước giặt xả Swat đen can 3.8kg;Lix;142000;129330;7;;;can;;1;;;0
SP002666;8936097336017;Nước giặt xả Swat tím can 3.8kg;Lix;142000;129330;12;;;can;;1;;;0
SP002667;4987176266477;DX Downy tinh khôi dây;Downy;17000;14763;7;;;dây;;1;;;0
SP002668;8935299404319;Gel lột mụn LUCKY STAR nha đam;Vinh;20000;12334;3;;;chai;;1;;;0
SP002669;8938506932292;Gel lột mụn LUCKY STAR than hoạt tính;Vinh;18000;13000;12;;;chai;;1;;;0
SP002670;8936027441095;Nước tẩy quần áo màu AXO 400ML Tím;Vinh;26000;22175;4;;;chai;;1;;;0
SP002671;8936027440043;Nước tẩy quần áo màu AXO hồng 400ml;Vinh;26000;21667;4;;;chai;;1;;;0
SP002672;8936027440012;Nước tẩy quần áo màu AXO 400ML xanh dương;Vinh;26000;22500;4;;;chai;;1;;;0
SP002673;8936027440920;Nước tẩy quần áo màu AXO 400PML;Vinh;26000;22500;2;;;chai;;1;;;0
SP002674;;Nước tẩy trắng Javel  500ml (trung);Vinh;12000;9000;8;;;chai;;1;;;0
SP002675;;Nước tẩy Javel Mỹ Hảo chai 1kg;Vinh;20000;16500;20;;;chai;;1;;;0
SP002676;;Javel chai 300ml;Vinh;9000;7000;20;;;chai;;1;;;0
SP002677;;Xịt muỗi feng meng;Vinh;28000;24358;22;;;chai;;1;;;0
SP002678;8850006930489;DG Palmolive tím suôn mượt và óng ả dây;Colgate;11000;8800001;6;;;dây;;1;;;0
SP002679;8850006495728;Dầu gội Palmolive dưỡng ẩm bổ sung dây;Colgate;11000;8619876;6;;;dây;;1;;;0
SP002680;4808888413709;DG Palmolive dưỡng ẩm bổ sung chai 180ml;Colgate;40000;34000;1;;;chai;;1;;;0
SP002681;8850006930571;DG Palmolive suôn mượt và óng ả chai 180ml;Colgate;40000;34000;4;;;chai;;1;;;0
SP002682;4808888428017;DX Palmolive hồng Intensive Moisture chai 180g;Colgate;52000;45000;3;;;chai;;1;;;0
SP002683;4808888439013;DX Palmolive tím Silky Straight chai 180ml;Colgate;52000;45000;2;;;chai;;1;;;0
SP002684;8850006958230;DG Palmolive naturals cool & fresh dây;Colgate;10000;8807;7;;;dây;;1;;;0
SP002685;8850006955826;DG Palmolive cool & fresh 600ml;Colgate;100000;96000;1;;;chai;;1;;;0
SP002686;8850006480915;Sữa tắm Palmolive hương anh đào chai 500ml;Colgate;96000;91000;2;;;chai;;1;;;0
SP002687;8850006480892;Sữa tắm Palmolive tím hoa phong lan chai 500ml;Colgate;95000;87000;-1;;;chai;;1;;;0
