Mã hàng;Mã vạch;Tên hàng;Thương hiệu;Giá bán;Giá vốn;Tồn kho;KH đặt;Dự kiến hết hàng;Tồn nhỏ nhất;Tồn lớn nhất;ĐVT;Mã ĐVT Cơ bản;Quy đổi;Thuộc tính;Mã HH Liên quan;Trọng lượng;Đang kinh doanh;Được bán trực tiếp;Giá sỉ
SP000058;8934868181989;NRC Surf hương tắc can 3.5kg;Surf;60.000,0;59.262,14;2,0;;;0,0;999.999.999,0;;;1,0;;;;1;1;0,0
SP000057;8934868196174;NRC Surf hương trà xanh lá dứa can 3.4kg;Surf;58.000,0;54.661,23;1,0;;;0,0;999.999.999,0;;;1,0;;;;1;1;0,0
SP000056;8934868187585;NG Surf tím hương hoa cỏ huyền bí túi 2.9kg;Surf;95.000,0;70.178,61;2,0;;;0,0;999.999.999,0;;;1,0;;;;1;1;0,0
SP000055;8934868186540;ST Lifebuoy Cica & muối hồng chai 800g;Lifebuoy;158.000,0;142.190,22;1,0;;;0,0;999.999.999,0;;;1,0;;;;1;1;0,0
SP000052;8934673102049;Sữa Vinamilk ít đường A2 bịch 220ml;Vinamilk;7.500,0;0,00;0,0;;;0,0;999.999.999,0;Bịch;;1,0;;;;1;1;0,0
SP000053;;Sữa Vinamilk ít đường A2 bịch 220ml;Vinamilk;72.000,0;0,00;0,0;;;0,0;99.999.999,90;Lóc;SP000052;10,0;;SP000052;;1;1;0,0
SP000054;;Sữa Vinamilk ít đường A2 bịch 220ml;Vinamilk;332.000,0;0,00;0,0;;;0,0;20.833.333,313;thùng;SP000052;48,0;;SP000052;;1;1;0,0
8934804051512;8934804051512;NESCAFÉ xanh 3in1 vị rang đậm hộp 340g;Nestle;63.000,0;61.000,00;10,0;;;0,0;999.999.999,0;;;1,0;;;;1;1;0,0
SP000051;8934707029144;Hạt nếm Knorr thịt thăn,xương ống bịch 170g;Knorr;17.000,0;0,00;0,0;;;0,0;999.999.999,0;;;1,0;;;;1;1;0,0
SP000050;8934707031284;Hạt nêm Knorr thịt thăn xương ống bịch 900g;Knorr;68.000,0;0,00;0,0;;;0,0;999.999.999,0;;;1,0;;;;1;1;0,0
SP000049;8934804027364;NESCAFÉ việt cafe đen đá bịch 592g;Nestle;132.000,0;127.000,00;5,0;;;0,0;999.999.999,0;;;1,0;;;;1;1;0,0
SP000048;;QUÀ KM;Babyskin;0,0;0,00;1,0;;;0,0;999.999.999,0;;;1,0;;;;1;1;0,0
SP000045;8935049017103;Sữa chua uống Nuvi vị cam chai 100ml;Nutifood;6.000,0;4.130,00;7,0;;;0,0;999.999.999,0;chai;;1,0;;;;1;1;0,0
SP000046;;Sữa chua uống Nuvi vị cam chai 100ml;Nutifood;28.000,0;24.780,00;1,167;;;0,0;166.666.666,50;Lóc;SP000045;6,0;;SP000045;;1;1;0,0
SP000047;;Sữa chua uống Nuvi vị cam chai 100ml;Nutifood;205.000,0;198.240,00;0,146;;;0,0;20.833.333,313;Thùng;SP000045;48,0;;SP000045;;1;1;0,0
8935049017097;8935049017097;Sữa chua uống Nuvi vị dâu chai 100ml;Nutifood;6.000,0;4.130,00;4,0;;;0,0;999.999.999,0;chai;;1,0;;;;1;1;0,0
8935049017097-1;;Sữa chua uống Nuvi vị dâu chai 100ml;Nutifood;28.000,0;24.780,00;0,667;;;0,0;166.666.666,50;Lóc;8935049017097;6,0;;8935049017097;;1;1;0,0
8935049017097-2;;Sữa chua uống Nuvi vị dâu chai 100ml;Nutifood;205.000,0;198.240,00;0,083;;;0,0;20.833.333,313;thùng;8935049017097;48,0;;8935049017097;;1;1;0,0
SP000044;8934680042888;Solite vị lá dứa hộp dài 360g;Kinh Đô;42.000,0;37.505,00;0,0;;;0,0;999.999.999,0;;;1,0;;;;1;1;0,0
SP000043;8934680042895;Solite vị dâu hộp dài 360g;Kinh Đô;42.000,0;37.505,00;0,0;;;0,0;999.999.999,0;;;1,0;;;;1;1;0,0
SP000042;8934680042871;Solite vị bơ sữa hộp dài hộp 360g;Kinh Đô;42.000,0;37.505,00;0,0;;;0,0;999.999.999,0;;;1,0;;;;1;1;0,0
SP000041;8934680012652;Bánh cua Kinh Đô bịch 29g;Kinh Đô;7.000,0;5.585,00;11,0;;;0,0;999.999.999,0;;;1,0;;;;1;1;0,0
8934680113878;8934680113878;Bánh Cosy quy sữa Marie gói 408g;Kinh Đô;40.000,0;35.280,00;6,0;;;0,0;999.999.999,0;;;1,0;;;;1;1;0,0
SP000040;8934680113861;Bánh qui sữa Cosy Marie hộp 336g;Kinh Đô;42.000,0;35.280,00;5,0;;;0,0;999.999.999,0;;;1,0;;;;1;1;0,0
SP000039;8934680040594;KĐ BMT Sandwich kẹp bơ đậu phộng gói 40g;Kinh Đô;7.000,0;4.629,63;0,0;;;0,0;999.999.999,0;;;1,0;;;;1;1;0,0
SP000038;;KĐ Bánh bông lan tươi hạt Socola gói 50g;Kinh Đô;7.000,0;5.555,56;6,0;;;0,0;999.999.999,0;;;1,0;;;;1;1;0,0
SP000037;8934680043212;KD Bánh bông lan tươi bơ nho bịch 38g;Kinh Đô;6.000,0;3.888,89;8,0;;;0,0;999.999.999,0;;;1,0;;;;1;1;0,0
SP000036;8934637513416;Tương ớt xí muội Cholimex chai 830g;Cholimex;30.000,0;27.800,00;8,0;;;0,0;999.999.999,0;;;1,0;;;;1;1;0,0
SP000033;8935001282440;Nước uống Kirin Imuse vị sữa chua và chanh chai 280ml;Wonderfarm;8.500,0;7.166,67;22,0;;;0,0;999.999.999,0;Chai;;1,0;;;;1;1;0,0
SP000034;;Nước uống Kirin Imuse vị sữa chua và chanh chai 280ml;Wonderfarm;48.000,0;43.000,02;3,667;;;0,0;166.666.666,50;Lóc;SP000033;6,0;;SP000033;;1;1;0,0
SP000035;;Nước uống Kirin Imuse vị sữa chua và chanh chai 280ml;Wonderfarm;178.000,0;172.000,08;0,917;;;0,0;41.666.666,625;Thùng;SP000033;24,0;;SP000033;;1;1;0,0
SP000032;8936025775505;Xúc xích mì dinh dưỡng Lúk Lắk vị thịt nướng phô mai;Kun;16.000,0;12.244,16;15,0;;;0,0;999.999.999,0;;;1,0;;;;1;1;0,0
SP000029;8936036025903;Bánh Custas vị phô mai măm xôi việt quốc hộp 282.2g;Chocopie;52.000,0;0,00;0,0;;;0,0;999.999.999,0;;;1,0;;;;1;1;0,0
SP000028;;A- BALO MILO A2;Nestle;0,0;0,00;17,0;;;0,0;999.999.999,0;;;1,0;;;;1;1;0,0
SP000027;6914973600362;Kẹo socola snicker gói 51g;Doublemint;24.000,0;20.018,00;7,0;;;0,0;999.999.999,0;;;1,0;;;0,0;1;1;0,0
SP000026;9555192506256;Kẹo Skittles vị truyền thống bịch 15g;Doublemint;5.000,0;3.750,00;0,0;;;0,0;999.999.999,0;;;1,0;;;0,0;1;1;0,0
SP000025;8936114080961;Kẹo Sing gum Cool air hương quả mọng hũ 55.4g;Doublemint;25.000,0;22.000,00;0,0;;;0,0;999.999.999,0;;;1,0;;;0,0;1;1;0,0
SP000024;8902433008924;Socola Snickers gói 12g;Doublemint;5.000,0;0,00;0,0;;;0,0;999.999.999,0;;;1,0;;;0,0;1;1;0,0
SP000023;8936029423471;Kẹo dẻo King hải tặc hương hỗn hợp bịch 25g;Orion;5.000,0;2.955,00;0,0;;;0,0;999.999.999,0;;;1,0;;;0,0;1;1;0,0
SP000022;8936029421941;Kẹo dẻo King Chun hương tổng hợp bịch 25g;Orion;5.000,0;2.955,00;0,0;;;0,0;999.999.999,0;;;1,0;;;0,0;1;1;0,0
8936036028652;8936036028652;Bánh khoai tây Tayo X vị phô mai cay bịch 28g;Orion;5.000,0;4.819,00;0,0;;;0,0;999.999.999,0;;;1,0;;;0,0;1;1;0,0
sm-60-23965;8934680025980;Bánh AFC lúa mì hộp 172g;Kinh Đô;28.000,0;23.000,00;0,0;;;0,0;0,0;hộp;;1,0;;;0,0;1;1;0,0
sm-60-23961;8934680025973;Bánh AFC rau cải hộp 172g;Kinh Đô;28.000,0;23.000,00;0,0;;;0,0;0,0;hộp;;1,0;;;0,0;1;1;0,0
sm-60-23969;8934680028035;Bánh AFC bò bít tết hộp 172g;Kinh Đô;28.000,0;23.000,00;0,0;;;0,0;0,0;hộp;;1,0;;;0,0;1;1;0,0
sm-60-57617;8934680028028;Bánh AFC vị tảo biển hộp 172g;Kinh Đô;28.000,0;23.000,00;0,0;;;0,0;0,0;hộp;;1,0;;;0,0;1;1;0,0
8934680115438;8934680115438;Bánh AFC vị gà sả tắc hộp 172g;Kinh Đô;28.000,0;23.000,00;0,0;;;0,0;0,0;hộp;;1,0;;;0,0;1;1;0,0
PVN424;8992760221028;Bánh Oreo vị vani 119.6g;Kinh Đô;17.000,0;13.034,00;2,0;;;0,0;0,0;gói;;1,0;;;0,0;1;1;0,0
PVN426;7622300136055;Bánh oreo vị dâu 119.6g;Kinh Đô;17.000,0;13.034,00;5,0;;;0,0;0,0;gói;;1,0;;;0,0;1;1;0,0
PVN428;8992760223015;Bánh oreo vị socola 119.6g;Kinh Đô;17.000,0;13.034,00;5,0;;;0,0;0,0;gói;;1,0;;;0,0;1;1;0,0
PVN429;7622300442507;Bánh oreo vị kem lạnh việt quất 119.6g;Kinh Đô;17.000,0;13.034,00;4,0;;;0,0;0,0;gói;;1,0;;;0,0;1;1;0,0
PVN3473;6901668053121;Oreo vị vani cây 64.4g;Kinh Đô;6.000,0;5.000,00;0,0;;;0,0;0,0;gói;;1,0;;;0,0;1;1;0,0
PVN4771;7622210580276;Oreo vị kem Socola cây 64.4g;Kinh Đô;6.000,0;5.000,00;0,0;;;0,0;0,0;gói;;1,0;;;0,0;1;1;0,0
PVN9310;7622210515278;Oreo mini vị socola bịch 20g;Kinh Đô;8.000,0;4.312,00;4,0;;;0,0;0,0;gói;;1,0;;;0,0;1;1;0,0
PVN9311;7622210515285;Oreo mini vị vani bịch 20g;Kinh Đô;8.000,0;4.400,00;8,0;;;0,0;0,0;gói;;1,0;;;0,0;1;1;0,0
sm-60-23991;8934680033107;Bánh quế Cosy vị kem lá dứa 117.6g;Kinh Đô;14.000,0;11.040,00;3,0;;;0,0;0,0;gói;;1,0;;;0,0;1;1;0,0
sm-60-23992;8934680033114;Bánh quế Cosy vị kem Socola 117.6g;Kinh Đô;14.000,0;11.040,00;4,0;;;0,0;0,0;gói;;1,0;;;0,0;1;1;0,0
8934680033091;8934680033633;Bánh quế Cosy vị xoài xí muội bịch 117,6g;Kinh Đô;14.000,0;11.040,00;0,0;;;0,0;0,0;gói;;1,0;;;0,0;1;1;0,0
8934680033084;8934680033084;Bánh quế Cosy vị kem dâu 117.6g;Kinh Đô;14.000,0;11.040,00;4,0;;;0,0;0,0;gói;;1,0;;;0,0;1;1;0,0
sm-63-25544;8934680011204;Khoai tây chiên Slide vị thịt nướng 150g;Kinh Đô;42.000,0;37.000,00;2,0;;;0,0;0,0;hộp;;1,0;;;0,0;1;1;0,0
sm-63-25541;8934680011709;Khoai tây chiên Slide vị phô mai 150g;Kinh Đô;42.000,0;37.000,00;3,0;;;0,0;0,0;hộp;;1,0;;;0,0;1;1;0,0
sm-63-38226;8934680012416;Khoai tây chiên Slide vị tảo biển 160g;Kinh Đô;42.000,0;37.000,00;0,0;;;0,0;0,0;hộp;;1,0;;;0,0;1;1;0,0
sm-63-25540;8934680011211;Khoai tây chiên Slide vị kem chua và hành 150g;Kinh Đô;42.000,0;37.000,00;3,0;;;0,0;0,0;hộp;;1,0;;;0,0;1;1;0,0
sm-63-25538;8934680011228;Khoai tây chiên Slide vị thơm cay 150g;Kinh Đô;42.000,0;37.000,00;0,0;;;0,0;0,0;hộp;;1,0;;;0,0;1;1;0,0
sm-49-57509;8934680011198;Khoai tây chiên Slide vị tự nhiên 150g;Kinh Đô;42.000,0;37.000,00;1,0;;;0,0;0,0;hộp;;1,0;;;0,0;1;1;0,0
PVN1472;8934680011686;Slide vị phô mai hộp 60g;Kinh Đô;27.000,0;21.070,00;0,0;;;0,0;0,0;hộp;;1,0;;;0,0;1;1;0,0
PVN1473;8934680011501;Slide vị tự nhiên hộp 60g;Kinh Đô;27.000,0;21.070,00;2,0;;;0,0;0,0;hộp;;1,0;;;0,0;1;1;0,0
PVN1474;8934680011488;Slide vị thịt nướng hộp 60g;Kinh Đô;27.000,0;21.070,00;2,0;;;0,0;0,0;hộp;;1,0;;;0,0;1;1;0,0
PVN2313;8934680011518;Slide vị hành hộp 60g;Kinh Đô;27.000,0;21.070,00;2,0;;;0,0;0,0;hộp;;1,0;;;0,0;1;1;0,0
PVN2314;8934680011495;Bánh khoai tây Slide vị Thơm cay 65g;Kinh Đô;27.000,0;20.855,00;0,0;;;0,0;0,0;hộp;;1,0;;;0,0;1;1;0,0
PVN4780;8934680015189;Slide vị Gà nướng Hàn Quốc 65g;Kinh Đô;27.000,0;21.500,00;0,0;;;0,0;0,0;hộp;;1,0;;;0,0;1;1;0,0
PVN4847;8934680015172;Khoai tây chiên Slide vị gà nướng hàn quốc 150g;Kinh Đô;42.000,0;35.500,00;0,0;;;0,0;0,0;hộp;;1,0;;;0,0;1;1;0,0
PVN8369;8934680016254;Slide vị Pizza Sò điệp và bào ngư hộp 60g;Kinh Đô;27.000,0;21.070,00;0,0;;;0,0;0,0;hộp;;1,0;;;0,0;1;1;0,0
PVN8785;8934680016278;Slide vị Pizza sò điệp và bào ngư hộp 150g;Kinh Đô;42.000,0;37.000,00;1,0;;;0,0;0,0;hộp;;1,0;;;0,0;1;1;0,0
PVN204;8936074609943;Bánh gạo nhật Ichi vị mật ong bịch 100g;One one;19.000,0;13.301,00;8,0;;;0,0;0,0;bịch;;1,0;;;0,0;1;1;0,0
PVN204-1;PVN6061;Bánh gạo nhật Ichi vị mật ong bịch 100g;One one;326.000,0;266.020,00;0,40;;;0,0;0,0;thùng;PVN204;20,0;;PVN204;0,0;1;1;0,0
PVN2979;8936074609950;Bánh gạo nhật Ichi vị mật ong bịch 180g;One one;28.000,0;23.000,00;5,0;;;0,0;0,0;bịch;;1,0;;;0,0;1;1;0,0
PVN2979-1;PVN5830;Bánh gạo nhật Ichi vị mật ong bịch 180g;One one;486.000,0;460.000,00;0,250;;;0,0;0,0;thùng;PVN2979;20,0;;PVN2979;0,0;1;1;0,0
PVN199;8936096670037;Bánh gạo One One vị tôm nướng bịch 150g;One one;22.000,0;17.667,00;1,0;;;0,0;0,0;bịch;;1,0;;;0,0;1;1;0,0
PVN202;8936096670129;Bánh gạo One One vị phô mai ngô bịch 118g;One one;23.000,0;20.000,00;1,0;;;0,0;0,0;bịch;;1,0;;;0,0;1;1;0,0
PVN202-1;PVN5829;Bánh gạo One One vị phô mai ngô bịch 118g;One one;422.000,0;400.000,00;0,050;;;0,0;0,0;thùng;PVN202;20,0;;PVN202;0,0;1;1;0,0
PVN203;8936096670013;Bánh gạo One One vị Ngọt dịu bịch 150g;One one;18.000,0;13.300,00;2,0;;;0,0;0,0;bịch;;1,0;;;0,0;1;1;0,0
PVN203-1;PVN6424;Bánh gạo One One vị Ngọt dịu bịch 150g;One one;282.000,0;266.000,00;0,10;;;0,0;0,0;thùng;PVN203;20,0;;PVN203;0,0;1;1;0,0
PVN1800;8936096670402;Bánh gạo One One vị sữa ngô bịch 150g;One one;19.000,0;13.300,00;0,0;;;0,0;0,0;Bịch;;1,0;;;0,0;1;1;0,0
PVN1800-1;PVN6690;Bánh gạo One One vị sữa ngô bịch 150g;One one;290.000,0;266.000,00;0,0;;;0,0;0,0;thùng;PVN1800;20,0;;PVN1800;0,0;1;1;0,0
PVN1801;8936096670365;Bánh gạo One One tảo biển bạch tuộc nướng bịch 104g;One one;23.000,0;18.000,00;3,0;;;0,0;0,0;bịch;;1,0;;;0,0;1;1;0,0
PVN1801-1;PVN6425;Bánh gạo One One tảo biển bạch tuộc nướng bịch 104g;One one;196.000,0;180.000,00;0,30;;;0,0;0,0;thùng;PVN1801;10,0;;PVN1801;0,0;1;1;0,0
PVN3166;8936096670501;Bánh gạo One One vị Ngọt dịu bịch bịch 230g;One one;22.000,0;18.000,00;0,0;;;0,0;0,0;bịch;;1,0;;;0,0;1;1;0,0
PVN3166-1;PVN5827;Bánh gạo One One vị Ngọt dịu bịch bịch 230g;One one;390.000,0;360.000,00;0,0;;;0,0;0,0;thùng;PVN3166;20,0;;PVN3166;0,0;1;1;0,0
PVN9482;8936096670709;Bánh gạo One One kẹp kem vị phô mai bịch 117g;One one;26.000,0;22.500,00;0,0;;;0,0;0,0;Bịch;;1,0;;;0,0;1;1;0,0
PVN9482-1;PVN9483;Bánh gạo One One kẹp kem vị phô mai bịch 117g;One one;480.000,0;450.000,00;0,0;;;0,0;0,0;thùng;PVN9482;20,0;;PVN9482;0,0;1;1;0,0
PVN2173;8934579014163;Mì chay rong biển Miliket gói 75g;Miliket;6.000,0;4.534,00;27,0;;;0,0;0,0;gói;;1,0;;;0,0;1;1;0,0
PVN2173-2;PVN2351;Mì chay rong biển Miliket gói 75g;Miliket;145.000,0;136.020,00;0,90;;;0,0;0,0;thùng;PVN2173;30,0;;PVN2173;0,0;1;1;0,0
PVN2173-1;PVN6452;Mì chay rong biển Miliket gói 75g;Miliket;54.000,0;45.340,00;2,70;;;0,0;0,0;10 gói;PVN2173;10,0;;PVN2173;0,0;1;1;0,0
PVN2174;8934579011353;Mì Miliket hương vị Hải sản gói 75g;Miliket;6.000,0;4.800,00;30,0;;;0,0;0,0;gói;;1,0;;;0,0;1;1;0,0
PVN2174-2;PVN2352;Mì Miliket hương vị Hải sản gói 75g;Miliket;145.000,0;144.000,00;1,0;;;0,0;0,0;thùng;PVN2174;30,0;;PVN2174;0,0;1;1;0,0
PVN2174-1;PVN6390;Mì Miliket hương vị Hải sản gói 75g;Miliket;54.000,0;48.000,00;3,0;;;0,0;0,0;lóc;PVN2174;10,0;;PVN2174;0,0;1;1;0,0
PVN2177;8934579011322;Mì Miliket hương vị Sa tế gói 75g;Miliket;6.000,0;4.800,00;26,0;;;0,0;0,0;gói;;1,0;;;0,0;1;1;0,0
PVN2177-2;PVN2348;Mì Miliket hương vị Sa tế gói 75g;Miliket;145.000,0;144.000,00;0,867;;;0,0;0,0;thùng;PVN2177;30,0;;PVN2177;0,0;1;1;0,0
PVN2177-1;PVN6391;Mì Miliket hương vị Sa tế gói 75g;Miliket;54.000,0;48.000,00;2,60;;;0,0;0,0;lóc;PVN2177;10,0;;PVN2177;0,0;1;1;0,0
PVN3399;8934579002146;Mì Miliket vị thập cẩm gói 75g;Miliket;5.000,0;4.500,00;20,0;;;0,0;0,0;gói;;1,0;;;0,0;1;1;0,0
PVN3399-1;PVN3400;Mì Miliket vị thập cẩm gói 75g;Miliket;45.000,0;45.000,00;2,0;;;0,0;0,0;chục;PVN3399;10,0;;PVN3399;0,0;1;1;0,0
PVN3399-2;PVN3401;Mì Miliket vị thập cẩm gói 75g;Miliket;120.000,0;135.000,00;0,667;;;0,0;0,0;thùng;PVN3399;30,0;;PVN3399;0,0;1;1;0,0
sm-139-27663;8934755010033;BVS Diana siêu thắm Super Night 29cm;Diana;17.000,0;15.379,00;5,0;;;0,0;0,0;gói;;1,0;;;0,0;1;1;0,0
sm-139-27688;8934755010231;BVS Diana siêu thắm Super Night 35cm;Diana;19.000,0;16.835,00;5,0;;;0,0;0,0;gói;;1,0;;;0,0;1;1;0,0
sm-139-27674;8934755010156;BVS Diana siêu thấm siêu mỏng có cánh 8 miếng;Diana;21.000,0;18.270,00;5,0;;;0,0;0,0;gói;;1,0;;;0,0;1;1;0,0
sm-139-27677;8934755010026;BVS Diana siêu thấm kiểm soát mùi Maxi có cánh 8 miếng;Diana;20.000,0;18.090,00;5,0;;;0,0;0,0;gói;;1,0;;;0,0;1;1;0,0
PVN2342;8934755014154;Diana hằng ngày kháng khuẩn 20m;Diana;16.000,0;14.206,00;5,0;;;0,0;0,0;gói;;1,0;;;0,0;1;1;0,0
PVN2781;8934755010408;Diana Sensi Cool Fresh ban đêm 35cm;Diana;20.000,0;17.640,00;5,0;;;0,0;0,0;gói;;1,0;;;0,0;1;1;0,0
PVN2834;8934755020063;Diana Cool Fresh siêu thấm;Diana;20.000,0;17.500,00;5,0;;;0,0;0,0;gói;;1,0;;;0,0;1;1;0,0
PVN3265;8934755010415;BVS Diana Cool Fresh ban đêm 29cm;Diana;21.000,0;16.188,00;5,0;;;0,0;0,0;gói;;1,0;;;0,0;1;1;0,0
PVN3269;8934755020100;Diana cool fresh dịu nhẹ hương hoa cúc 24cm;Diana;22.000,0;18.084,00;0,0;;;0,0;0,0;gói;;1,0;;;0,0;1;1;0,0
PVN5330;8934755010439;Diana sensi cool fresh siêu mỏng 20m (24cm);Diana;45.000,0;37.800,00;0,0;;;0,0;0,0;gói;;1,0;;;0,0;1;1;0,0
PVN6803;8934755020049;BVS Diana Sensi Cool Fresh có cánh 8 miếng;Diana;22.000,0;19.350,00;4,0;;;0,0;0,0;gói;;1,0;;;0,0;1;1;0,0
PVN6805;8934755014314;BVS Diana Sensi Cool Fresh không cánh 22 miếng;Diana;20.000,0;17.491,00;4,0;;;0,0;0,0;gói;;1,0;;;0,0;1;1;0,0
sm-139-27719;8935107200324;BVS Kotex siêu ban đêm mặt lưới có cánh 6 miếng 28cm;Kotex;18.000,0;14.500,00;4,0;;;0,0;0,0;gói;;1,0;;;0,0;1;1;0,0
sm-139-27721;8935107201970;BVS Kotex ban đêm mặt bông có canh 4 miếng 35cm;Kotex;18.000,0;15.500,00;4,0;;;0,0;0,0;gói;;1,0;;;0,0;1;1;0,0
sm-139-55790;8935107201192;BVS Kotex Max Cool siêu mỏng có cánh 8 miếng;Kotex;22.000,0;18.125,00;4,0;;;0,0;0,0;gói;;1,0;;;0,0;1;1;0,0
sm-139-52392;8888336008073;BVS Kotex kháng khuẩn 8 miếng mỏng;Kotex;7.000,0;6.000,00;4,0;;;0,0;0,0;gói;;1,0;;;0,0;1;1;0,0
sm-139-27703;8888336008936;BVS Kotex Khô thoáng siêu mỏng có cánh 8 miếng;Kotex;21.000,0;18.125,00;4,0;;;0,0;0,0;gói;;1,0;;;0,0;1;1;0,0
8888336008080;8888336008080;BVS Kotex hằng ngày kháng khuẩn 20 miếng mỏng;Kotex;17.000,0;13.750,00;6,0;;;0,0;0,0;gói;;1,0;;;0,0;1;1;0,0
PVN2117;8888336008929;BVS Kotex khô thoáng maxi 8 miếng có cánh;Kotex;20.000,0;17.500,00;6,0;;;0,0;0,0;gói;;1,0;;;0,0;1;1;0,0
PVN8095;8935107202793;BVS Kotex hằng ngày Maxcool bịch 20 miếng;Kotex;20.000,0;16.875,00;6,0;;;0,0;0,0;gói;;1,0;;;0,0;1;1;0,0
PVN9197;8888336033174;Kotex băng quần đêm size L;Kotex;34.000,0;29.000,00;6,0;;;0,0;0,0;gói;;1,0;;;0,0;1;1;0,0
PVN9390;8935107204087;Kotex siêu ban đêm mặt lưới 35cm ( 3M );Kotex;18.000,0;15.250,00;6,0;;;0,0;0,0;gói;;1,0;;;0,0;1;1;0,0
PVN9500;8888336037455;Kotex băng quần size L - XL bịch 2 cái;Kotex;32.000,0;32.000,00;6,0;;;0,0;0,0;gói;;1,0;;;0,0;1;1;0,0
SD8;;Sữa Susu IQ hương dâu chai 80ml;Vinamilk;5.000,0;3.449,00;107,0;;;0,0;0,0;chai;;1,0;;;0,0;1;1;0,0
SD8-1;8934673300513;Sữa Susu IQ hương dâu chai 80ml;Vinamilk;23.000,0;20.694,00;17,833;;;0,0;0,0;lóc;SD8;6,0;;SD8;0,0;1;1;0,0
SD8-2;SD8T;Sữa Susu IQ hương dâu chai 80ml;Vinamilk;182.000,0;165.552,00;2,229;;;0,0;0,0;thùng;SD8;48,0;;SD8;0,0;1;1;0,0
ST8;8934673319515;Sữa Susu IQ hương táo nho chai 80ml;Vinamilk;5.000,0;3.445,00;74,0;;;0,0;0,0;chai;;1,0;;;0,0;1;1;0,0
ST8-1;8934673300544;Sữa Susu IQ hương táo nho chai 80ml;Vinamilk;23.000,0;20.670,00;12,333;;;0,0;0,0;lóc;ST8;6,0;;ST8;0,0;1;1;0,0
ST8-2;ST8T;Sữa Susu IQ hương táo nho chai 80ml;Vinamilk;182.000,0;165.360,00;1,542;;;0,0;0,0;thùng;ST8;48,0;;ST8;0,0;1;1;0,0
SC1;;Sữa Susu IQ hương cam hộp 110ml;Vinamilk;6.000,0;3.956,00;8,80;;;0,0;0,0;hộp;;1,0;;;0,0;1;1;0,0
SC1-1;8934673300506;Sữa Susu IQ hương cam hộp 110ml;Vinamilk;18.000,0;15.824,00;2,20;;;0,0;0,0;lóc;SC1;4,0;;SC1;0,0;1;1;0,0
SC1-2;SC1T;Sữa Susu IQ hương cam hộp 110ml;Vinamilk;192.000,0;189.888,00;0,183;;;0,0;0,0;Thùng;SC1;48,0;;SC1;0,0;1;1;0,0
SC8;;Sữa Susu IQ hương cam chai 80ml;Vinamilk;5.000,0;3.347,00;17,80;;;0,0;0,0;chai;;1,0;;;0,0;1;1;0,0
SC8-1;8934673300483;Sữa Susu IQ hương cam chai 80ml;Vinamilk;23.000,0;20.082,00;2,967;;;0,0;0,0;lóc;SC8;6,0;;SC8;0,0;1;1;0,0
SC8-2;SC8T;Sữa Susu IQ hương cam chai 80ml;Vinamilk;182.000,0;160.656,00;0,371;;;0,0;0,0;thùng;SC8;48,0;;SC8;0,0;1;1;0,0
SD1;8934673401326;Sữa Susu IQ hương dâu hộp 110ml;Vinamilk;5.000,0;3.960,00;4,60;;;0,0;0,0;hộp;;1,0;;;0,0;1;1;0,0
SD1-1;8934673300537;Sữa Susu IQ hương dâu hộp 110ml;Vinamilk;18.000,0;15.840,00;1,150;;;0,0;0,0;lóc;SD1;4,0;;SD1;0,0;1;1;0,0
SD1-2;SD1T;Sữa Susu IQ hương dâu hộp 110ml;Vinamilk;192.000,0;190.080,00;0,096;;;0,0;0,0;thùng;SD1;48,0;;SD1;0,0;1;1;0,0
PVN927;8936078300020;Khăn giấy vuông Susu;Vinamilk;22.000,0;19.500,00;5,0;;;0,0;0,0;gói;;1,0;;;0,0;1;1;0,0
STN1;iqt110;Sữa Susu IQ hương táo nho hộp 110ml;Vinamilk;6.000,0;3.806,00;17,60;;;0,0;0,0;hộp;;1,0;;;0,0;1;1;0,0
STN1-1;8934673300568;Sữa Susu IQ hương táo nho hộp 110ml;Vinamilk;18.000,0;15.224,00;4,40;;;0,0;0,0;lóc;STN1;4,0;;STN1;0,0;1;1;0,0
STN1-2;8934673319324;Sữa Susu IQ hương táo nho hộp 110ml;Vinamilk;192.000,0;182.688,00;0,367;;;0,0;0,0;thùng;STN1;48,0;;STN1;0,0;1;1;0,0
PVN3074;8936048471248;Mì 3 miền GOLD Tôm chua cay đặc biệt cay gói 75g;3 Miền;4.000,0;3.590,00;29,0;;;0,0;0,0;gói;;1,0;;;0,0;1;1;0,0
PVN3074-1;PVN3074;Mì 3 miền GOLD Tôm chua cay đặc biệt cay gói 75g;3 Miền;38.000,0;35.900,00;2,90;;;0,0;0,0;lóc;PVN3074;10,0;;PVN3074;0,0;1;1;0,0
PVN3074-2;PVN7217;Mì 3 miền GOLD Tôm chua cay đặc biệt cay gói 75g;3 Miền;118.000,0;107.700,00;0,967;;;0,0;0,0;thùng;PVN3074;30,0;;PVN3074;0,0;1;1;0,0
SP000019;8936025775758;Manuka Trà Mật Ong Chanh 430mlx24;Kun;6.000,0;0,00;8,0;;;0,0;999.999.999,0;chai;;1,0;;;0,0;1;1;0,0
SP000020;;Manuka Trà Mật Ong Chanh 430mlx24;Kun;36.000,0;0,00;1,333;;;0,0;166.666.666,50;Lóc;SP000019;6,0;;SP000019;0,0;1;1;0,0
SP000021;;Manuka Trà Mật Ong Chanh 430mlx24;Kun;144.000,0;0,00;0,333;;;0,0;41.666.666,625;thùng;SP000019;24,0;;SP000019;0,0;1;1;0,0
SP000018;8935136867185;LKM PURITE hương anh đào chai 50ml;Xmen;68.000,0;0,00;1,0;;;0,0;999.999.999,0;;;1,0;;;0,0;1;1;0,0
PVN8242;8936029421781;Bánh con cá Bống Bang vị mochi sôcôla đậu đỏ bịch 145g;Chocopie;25.000,0;20.800,00;0,0;;;0,0;0,0;bịch;;1,0;;;0,0;1;1;0,0
PVN8242-1;PVN8243;Bánh con cá Bống Bang vị mochi sôcôla đậu đỏ bịch 145g;Chocopie;265.000,0;249.600,00;0,0;;;0,0;0,0;thùng;PVN8242;12,0;;PVN8242;0,0;1;1;0,0
PVN9263;8936029424997;Bánh Bống Bang vị Mochi cốm xanh đậu đỏ bịch 145g;Chocopie;25.000,0;20.000,00;0,0;;;0,0;0,0;bịch;;1,0;;;0,0;1;1;0,0
PVN9263-1;PVN9264;Bánh Bống Bang vị Mochi cốm xanh đậu đỏ bịch 145g;Chocopie;265.000,0;240.000,00;0,0;;;0,0;0,0;thùng;PVN9263;12,0;;PVN9263;0,0;1;1;0,0
PVN1094;8934988500400;NRC Power 100 hương chanh chai 1.4kg;Cái Lân;32.000,0;28.454,00;7,0;;;0,0;0,0;chai;;1,0;;;0,0;1;1;0,0
PVN1094-1;PVN6128;NRC Power 100 hương chanh chai 1.4kg;Cái Lân;244.000,0;227.632,00;0,875;;;0,0;0,0;thùng;PVN1094;8,0;;PVN1094;0,0;1;1;0,0
PVN1436;8934988500363;NRC Power 100 hương tinh dầu chanh can 3.5kg;Cái Lân;63.000,0;60.157,00;4,0;;;0,0;0,0;chai;;1,0;;;0,0;1;1;0,0
PVN1436-1;PVN6125;NRC Power 100 hương tinh dầu chanh can 3.5kg;Cái Lân;248.000,0;240.628,00;1,0;;;0,0;0,0;thùng;PVN1436;4,0;;PVN1436;0,0;1;1;0,0
PVN2567;8934988503364;NRC Power 100 siêu tiết kiệm hương chanh can 3.5kg;Cái Lân;62.000,0;59.800,00;3,0;;;0,0;0,0;can;;1,0;;;0,0;1;1;0,0
PVN2567-1;PVN6124;NRC Power 100 siêu tiết kiệm hương chanh can 3.5kg;Cái Lân;245.000,0;239.200,00;0,750;;;0,0;0,0;thùng;PVN2567;4,0;;PVN2567;0,0;1;1;0,0
PVN5373;8934669030059;NRC Power 100 siêu tiết kiệm hương chanh túi 3.5kg;Cái Lân;54.000,0;50.300,00;0,0;;;0,0;0,0;túi;;1,0;;;0,0;1;1;0,0
PVN5373-1;PVN6123;NRC Power 100 siêu tiết kiệm hương chanh túi 3.5kg;Cái Lân;212.000,0;201.200,00;0,0;;;0,0;0,0;thùng;PVN5373;4,0;;PVN5373;0,0;1;1;0,0
PVN7395;8934988503319;NRC Power siêu tiết kiệm hương chanh chai dài 750g;Cái Lân;16.000,0;14.125,00;24,0;;;0,0;0,0;chai;;1,0;;;0,0;1;1;0,0
PVN7395-1;PVN9010;NRC Power siêu tiết kiệm hương chanh chai dài 750g;Cái Lân;236.000,0;339.000,00;1,0;;;0,0;0,0;thùng;PVN7395;24,0;;PVN7395;0,0;1;1;0,0
PVN9334;PVN9334;NRC Power siêu tiết kiệm hương chanh chai 400ml;Cái Lân;9.000,0;6.275,00;0,0;;;0,0;0,0;chai;;1,0;;;0,0;1;1;0,0
PVN9334-1;PVN9334-1;NRC Power siêu tiết kiệm hương chanh chai 400ml;Cái Lân;172.000,0;150.600,00;0,0;;;0,0;0,0;thùng;PVN9334;24,0;;PVN9334;0,0;1;1;0,0
PVN1708;8936036025521;Miz bánh quy socola 2 gói;Orion;10.000,0;8.182,00;0,0;;;0,0;0,0;hộp;;1,0;;;0,0;1;1;0,0
PVN1708-1;PVN5344;Miz bánh quy socola 2 gói;Orion;168.000,0;163.640,00;0,0;;;0,0;0,0;Thùng;PVN1708;20,0;;PVN1708;0,0;1;1;0,0
PVN6676;8936036028591;Jungle boy vị phô mai lắc bùng nổ hộp 31.6g;Orion;10.000,0;7.988,00;0,0;;;0,0;0,0;hộp;;1,0;;;0,0;1;1;0,0
PVN6676-1;PVN9351;Jungle boy vị phô mai lắc bùng nổ hộp 31.6g;Orion;168.000,0;159.760,00;0,0;;;0,0;0,0;thùng;PVN6676;20,0;;PVN6676;0,0;1;1;0,0
PVN9345;8936029423761;Jungle Boy vị bò bít tết hộp 35g;Orion;10.000,0;7.988,00;0,0;;;0,0;0,0;hộp;;1,0;;;0,0;1;1;0,0
PVN9345-1;PVN9346;Jungle Boy vị bò bít tết hộp 35g;Orion;200.000,0;159.760,00;0,0;;;0,0;0,0;thùng;PVN9345;20,0;;PVN9345;0,0;1;1;0,0
PVN9044;8936036021165;Marine boy vị tôm nướng 35g;Orion;10.000,0;8.850,00;0,0;;;0,0;0,0;hộp;;1,0;;;0,0;1;1;0,0
PVN9044-1;PVN9044;Marine boy vị tôm nướng 35g;Orion;172.000,0;177.000,00;0,0;;;0,0;0,0;thùng;PVN9044;20,0;;PVN9044;0,0;1;1;0,0
PVN8908;8936036021172;Marine boy vị rong biển 35g;Orion;10.000,0;8.046,00;0,0;;;0,0;0,0;hộp;;1,0;;;0,0;1;1;0,0
PVN8908-1;PVN8908;Marine boy vị rong biển 35g;Orion;172.000,0;160.920,00;0,0;;;0,0;0,0;thùng;PVN8908;20,0;;PVN8908;0,0;1;1;0,0
PVN1709;8936036025040;Marine boy vị gà BBQ hộp;Orion;10.000,0;7.989,00;0,0;;;0,0;0,0;hộp;;1,0;;;0,0;1;1;0,0
PVN1709-1;PVN9101;Marine boy vị gà BBQ hộp;Orion;172.000,0;159.780,00;0,0;;;0,0;0,0;thùng;PVN1709;20,0;;PVN1709;0,0;1;1;0,0
PVN6074;8936036029031;Bánh Marine boy king vị tảo biển Nori bịch 56g;Orion;10.000,0;7.997,00;0,0;;;0,0;0,0;bịch;;1,0;;;0,0;1;1;0,0
PVN6074-1;PVN9549;Bánh Marine boy king vị tảo biển Nori bịch 56g;Orion;88.000,0;79.970,00;0,0;;;0,0;0,0;thùng;PVN6074;10,0;;PVN6074;0,0;1;1;0,0
PVN9282;8936029424003;Bánh Marine boy king vị Pizza bịch 50g;Orion;10.000,0;7.997,00;0,0;;;0,0;0,0;bịch;;1,0;;;0,0;1;1;0,0
PVN9282-1;PVN9550;Bánh Marine boy king vị Pizza bịch 50g;Orion;88.000,0;79.970,00;0,0;;;0,0;0,0;thùng;PVN9282;10,0;;PVN9282;0,0;1;1;0,0
PVN9326;8936029425550;Marine boy vị gà sốt bơ tỏi hộp 35g;Orion;10.000,0;7.988,00;0,0;;;0,0;0,0;hộp;;1,0;;;0,0;1;1;0,0
PVN9326-1;PVN9327;Marine boy vị gà sốt bơ tỏi hộp 35g;Orion;168.000,0;159.760,00;0,0;;;0,0;0,0;thùng;PVN9326;20,0;;PVN9326;0,0;1;1;0,0
SP000017;8935001813972;Viết lông dầu xanh PM-09;Thiên long;9.000,0;7.499,99;18,0;;;0,0;999.999.999,0;;;1,0;;;0,0;1;1;0,0
PVN38;8993175531894;Bánh hộp kem Nabati 160g;Nabati;30.000,0;23.500,00;0,0;;;0,0;0,0;hộp;;1,0;;;0,0;1;1;0,0
PVN160;8993175535885;Nabati vị socola gói 50g;Nabati;6.000,0;4.916,00;16,0;;;0,0;999.999,0;bịch;;1,0;;;0,0;1;1;0,0
PVN161;8993175535878;Nabati vàng vị phô mai gói 50g;Nabati;6.000,0;4.917,00;15,0;;;0,0;0,0;bịch;;1,0;;;0,0;1;1;0,0
sm-60-24004;8993175532648;Bánh Nabati vàng vị phô mai hộp 320g;Nabati;38.000,0;31.500,00;2,0;;;0,0;0,0;hộp;;1,0;;;0,0;1;1;0,0
sm-60-44513;8993175533157;Bánh Nabati vị socola hộp 320g;Nabati;36.000,0;31.667,00;0,0;;;0,0;0,0;hộp;;1,0;;;0,0;1;1;0,0
PVN2184;8993175547123;Nabati phô mai than hoạt tính 50g;Nabati;6.000,0;5.300,00;15,0;;;0,0;0,0;bịch;;1,0;;;0,0;1;1;0,0
PVN3105;8993175542098;Bánh Nabati vị Phô mai 20g;Nabati;3.000,0;2.400,00;19,0;;;0,0;0,0;gói;;1,0;;;0,0;1;1;0,0
PVN3106;8993175542128;Bánh Nabati vị Socola 20g;Nabati;3.000,0;2.500,00;24,0;;;0,0;0,0;gói;;1,0;;;0,0;1;1;0,0
PVN5029;8993175552837;Nabati vị Cookies cream gói 50g;Nabati;6.000,0;5.300,00;0,0;;;0,0;0,0;gói;;1,0;;;0,0;1;1;0,0
PVN5030;9995475564892;Nabati vị kem sữa chua dâu tây 50g;Nabati;6.000,0;5.300,00;11,0;;;0,0;0,0;gói;;1,0;;;0,0;1;1;0,0
PVN8248;8993175564878;Nabati vị phô mai dâu gói 20g;Nabati;3.000,0;2.183,00;9,0;;;0,0;0,0;bịch;;1,0;;;0,0;1;1;0,0
PVN9011;8993175564892;Nabati vị phô mai dâu bịch 50g;Nabati;6.000,0;4.834,00;19,0;;;0,0;0,0;bịch;;1,0;;;0,0;1;1;0,0
PVN7642;8996001303627;Bánh quy bơ Danisa hộp 454g;Danisa;128.000,0;118.000,00;0,0;;;0,0;0,0;hộp;;1,0;;;0,0;1;1;0,0
PVN7642-1;PVN7642;Bánh quy bơ Danisa hộp 454g;Danisa;1.500.000,0;1.416.000,00;0,0;;;0,0;0,0;thùng;PVN7642;12,0;;PVN7642;0,0;1;1;0,0
PVN865;8996001303658;Bánh quy bơ Danisa hộp 908g;Danisa;236.000,0;226.000,00;0,0;;;0,0;0,0;hộp;;1,0;;;0,0;1;1;0,0
PVN865-1;PVN7867;Bánh quy bơ Danisa hộp 908g;Danisa;1.408.000,0;1.356.000,00;0,0;;;0,0;0,0;thùng;PVN865;6,0;;PVN865;0,0;1;1;0,0
PVN7643;8996001303078;Bánh quy bơ Danisa hộp hộp 681g;Danisa;180.000,0;170.000,00;0,0;;;0,0;0,0;hộp;;1,0;;;0,0;1;1;0,0
PVN7643-1;PVN7866;Bánh quy bơ Danisa hộp hộp 681g;Danisa;1.069.000,0;1.020.000,00;0,0;;;0,0;0,0;thùng;PVN7643;6,0;;PVN7643;0,0;1;1;0,0
PVN9439;PVN9439;Bánh qui bơ Danisa hộp 200g;Danisa;60.000,0;52.000,00;0,0;;;0,0;0,0;hộp;;1,0;;;0,0;1;1;0,0
PVN6213;8935049501596;Nước soda Schweppes lon 320ml;Coca;7.500,0;5.584,00;0,0;;;0,0;0,0;lon;;1,0;;;0,0;1;1;0,0
PVN6213-1;PVN6214;Nước soda Schweppes lon 320ml;Coca;42.000,0;33.504,00;0,0;;;0,0;0,0;lóc;PVN6213;6,0;;PVN6213;0,0;1;1;0,0
PVN6213-2;PVN6215;Nước soda Schweppes lon 320ml;Coca;158.000,0;134.016,00;0,0;;;0,0;0,0;thùng;PVN6213;24,0;;PVN6213;0,0;1;1;0,0
GP01;8935001822295;Viết chì Thiên Long 2B GP-01;Thiên long;5.000,0;3.000,00;95,0;;;0,0;0,0;cây;;1,0;;;0,0;1;1;0,0
GP04;8935001820574;Viết chì Thiên Long GP-04;Thiên long;6.000,0;3.500,00;58,0;;;0,0;0,0;cây;;1,0;;;0,0;1;1;0,0
TPGP012;8935001819097;Viết chì Thiên Long TP-GP012;Thiên long;5.000,0;2.600,00;40,0;;;0,0;0,0;cây;;1,0;;;0,0;1;1;0,0
GEL01X;8935001855149;Viết gel xanh xóa được Thiên Long TP-GELE01;Thiên long;10.000,0;8.300,00;55,0;;;0,0;0,0;cây;;1,0;;;0,0;1;1;0,0
TLX079;8935001803768;Viết xanh Thiên Long TL-079;Thiên long;4.000,0;3.400,00;138,0;;;0,0;0,0;cây;;1,0;;;0,0;1;1;0,0
GEL01T;8935001829386;Viết gel tím xóa được Thiên Long TL-Gele01;Thiên long;10.000,0;8.100,00;104,0;;;0,0;0,0;cây;;1,0;;;0,0;1;1;0,0
TLDEN079;8935001804925;Viết đen Thiên Long TL-079;Thiên long;4.000,0;3.400,00;71,0;;;0,0;0,0;cây;;1,0;;;0,0;1;1;0,0
TP079D;8935001804918;Viết đỏ Thiên Long TP-079;Thiên long;4.000,0;3.400,00;44,0;;;0,0;0,0;cây;;1,0;;;0,0;1;1;0,0
TLD;8935001804871;Bút bi đỏ Thiên Long;Thiên long;3.000,0;2.500,00;17,0;;;0,0;0,0;cây;;1,0;;;0,0;1;1;0,0
TLX031;8935001801337;Viết xanh Thiên Long TL-031;Thiên long;10.000,0;8.200,00;41,0;;;0,0;0,0;cây;;1,0;;;0,0;1;1;0,0
HL-012;8935001813460;Bút Highlighter Thiên Long HL-012;Thiên long;9.000,0;7.800,00;0,0;;;0,0;0,0;cây;;1,0;;;0,0;1;1;0,0
HL03;8935001810308;Bút dạ quang Thiên Long HL-03;Thiên long;8.000,0;6.300,00;45,0;;;0,0;0,0;cây;;1,0;;;0,0;1;1;0,0
WBX03;8935001810087;Viết lông xanh Thiên Long WB-03;Thiên long;8.000,0;6.400,00;22,0;;;0,0;0,0;cây;;1,0;;;0,0;1;1;0,0
CH-03;CH-03;Chuốt viết chì Thiên Long;Thiên long;3.000,0;2.500,00;4,0;;;0,0;0,0;cái;;1,0;;;0,0;1;1;0,0
E11;8935001846932;Gôm đen E011 Thiên Long;Thiên long;5.000,0;3.400,00;143,0;;;0,0;0,0;cục;;1,0;;;0,0;1;1;0,0
TPSR022;8936040452849;Thước dẻo Thiên Long 20cm TP-SR022;Thiên long;3.000,0;2.000,00;20,0;;;0,0;0,0;cây;;1,0;;;0,0;1;1;0,0
SR03;8935001840138;Thước thẳng Thiên Long 30cm SR-03;Thiên long;6.000,0;3.700,00;10,0;;;0,0;0,0;cây;;1,0;;;0,0;1;1;0,0
TPSR021;8936040452825;Thước dẻo Thiên Long 30cm TP-SR021;Thiên long;5.000,0;2.500,00;61,0;;;0,0;0,0;cây;;1,0;;;0,0;1;1;0,0
PM-09;8935001813989;Viết long dầu đỏ Thiên Long PM-09;Thiên long;9.000,0;8.200,00;41,0;;;0,0;0,0;cây;;1,0;;;0,0;1;1;0,0
CRC05;8935001821533;Bút sáp màu Thiên Long 16 màu CRC05/DO;Thiên long;28.000,0;20.000,00;8,0;;;0,0;0,0;hộp;;1,0;;;0,0;1;1;0,0
CRC06;8935001821540;Bút sáp màu Thiên Long 24 màu CR-C06/DO;Thiên long;32.000,0;27.000,00;18,0;;;0,0;0,0;hộp;;1,0;;;0,0;1;1;0,0
PVN340;8935001846017;Tập Thiên Long 4 ô ly 96 trang TP-NB061;Thiên long;14.000,0;10.100,00;0,0;;;0,0;0,0;cuốn;;1,0;;;0,0;1;1;0,0
PVN343;8935001848189;Compa Thiên Long;Thiên long;15.000,0;10.000,00;5,0;;;0,0;0,0;cây;;1,0;;;0,0;1;1;0,0
PVN347;8935219480058;Kim bấm staples 1000 kim Thiên Long;Thiên long;5.000,0;2.200,00;10,0;;;0,0;0,0;hộp;;1,0;;;0,0;1;1;0,0
DC007;8935001838838;Phấn màu không bụi Thiên Long DC-007;Thiên long;5.000,0;3.500,00;32,0;;;0,0;0,0;hộp;;1,0;;;0,0;1;1;0,0
PVN362;8935001838784;Giấy màu Thiên Long loại lớn;Thiên long;6.000,0;4.900,00;0,0;;;0,0;0,0;xấp;;1,0;;;0,0;1;1;0,0
TPB09;8935001844860;Bảng bộ A4 Thiên Long TP-B09/DO;Thiên long;38.000,0;36.000,00;11,0;;;0,0;0,0;chiếc;;1,0;;;0,0;1;1;0,0
BD-01;8936040454584;Bảng dẻo Thiên Long BD-01;Thiên long;10.000,0;8.000,00;1,0;;;0,0;0,0;cái;;1,0;;;0,0;1;1;0,0
TPG08;8935001841258;Keo dán giấy Thiên Long TP-G08;Thiên long;5.000,0;3.140,00;4,0;;;0,0;0,0;chai;;1,0;;;0,0;1;1;0,0
8935001840565;8935001840565;Gôm E06 thiên long;Thiên long;5.000,0;3.000,00;100,0;;;0,0;0,0;cục;;1,0;;;0,0;1;1;0,0
TLX027;8935001800347;Viết xanh thiên long TL-027;Thiên long;4.000,0;3.400,00;35,0;;;0,0;0,0;cây;;1,0;;;0,0;1;1;0,0
TLT027;8935001805304;Viết tím Thiên long TL-027;Thiên long;4.000,0;3.400,00;210,0;;;0,0;0,0;cây;;1,0;;;0,0;1;1;0,0
8935001813262;8935001813262;Viết bảng trắng Thiên long TP-WB016/DO;Thiên long;9.000,0;6.400,00;27,0;;;0,0;0,0;cây;;1,0;;;0,0;1;1;0,0
CT02;8935219420030;Bút xóa kéo Thiên Long FO-CT02;Thiên long;13.000,0;9.500,00;8,0;;;0,0;0,0;cây;;1,0;;;0,0;1;1;0,0
PC09;8935001820697;Viết chì khúc Thiên Long PC-09;Thiên long;5.000,0;3.200,00;12,0;;;0,0;0,0;cây;;1,0;;;0,0;1;1;0,0
CP02;8935001820062;Viết xóa Thiên Long CP-02;Thiên long;22.000,0;18.500,00;48,0;;;0,0;0,0;cây;;1,0;;;0,0;1;1;0,0
GEL012T;8935001853640;Viết Gel tím Thiên Long GEL012;Thiên long;8.000,0;6.200,00;73,0;;;0,0;0,0;cây;;1,0;;;0,0;1;1;0,0
GEL08;8935001853466;Viết gel tím Thiên Long Gel-08;Thiên long;8.000,0;5.500,00;13,0;;;0,0;0,0;cây;;1,0;;;0,0;1;1;0,0
PCL05;8935001847724;Ruột bút chì bấm 2B 1mm Thiên Long PCL05;Thiên long;5.000,0;2.500,00;130,0;;;0,0;0,0;ống;;1,0;;;0,0;1;1;0,0
PVN2909;8935001846413;Tập Thiên Long 96 trang TP-NB072;Thiên long;7.000,0;5.600,00;8,0;;;0,0;0,0;cuốn;;1,0;;;0,0;1;1;0,0
TL027D;8935001804628;Viết đỏ Thiên Long TL-027;Thiên long;4.000,0;3.400,00;34,0;;;0,0;0,0;cây;;1,0;;;0,0;1;1;0,0
PVN2918;8935001845775;Tập Thiên Long TP-NB049 200 trang 4 ô ly;Thiên long;18.000,0;13.300,00;10,0;;;0,0;0,0;cuốn;;1,0;;;0,0;1;1;0,0
PVN2982;8935001804635;Viết đen Thiên long TL-027;Thiên long;4.000,0;3.400,00;41,0;;;0,0;0,0;cây;;1,0;;;0,0;1;1;0,0
8935001847090;8935001847090;bìa bao tập thiên long NBC-04;Thiên long;9.000,0;7.200,00;1,555;;;0,0;0,0;CUỘN;;1,0;;;0,0;1;1;0,0
SR02;8935001840145;Thước thẳng Thiên Long 20cm SR-02;Thiên long;5.000,0;2.000,00;40,0;;;0,0;0,0;cây;;1,0;;;0,0;1;1;0,0
Gel012X;8935001851516;Viết gel xanh thiên long GEL-012/DO;Thiên long;8.000,0;5.400,00;68,0;;;0,0;0,0;cây;;1,0;;;0,0;1;1;0,0
8935001804673;8935001804673;Viết đen Thiên Long TL-031;Thiên long;10.000,0;8.200,00;30,0;;;0,0;0,0;cây;;1,0;;;0,0;1;1;0,0
8935001804666;8935001804666;Viết đỏ Thiên Long TL-031;Thiên long;10.000,0;8.600,00;67,0;;;0,0;0,0;cây;;1,0;;;0,0;1;1;0,0
PVN3230;PVN3230;Chì thiên long 6B GP 025;Thiên long;6.000,0;4.510,00;3,0;;;0,0;0,0;cây;;1,0;;;0,0;1;1;0,0
TPSR011/DO;8935001844129;Thước thẳng Doremon Thiên Long 20cm TP-SR011/DO;Thiên long;6.000,0;3.500,00;37,0;;;0,0;0,0;cây;;1,0;;;0,0;1;1;0,0
C015;8935283902982;Compa Thiên Long C015;Thiên long;13.000,0;10.500,00;20,0;;;0,0;0,0;cái;;1,0;;;0,0;1;1;0,0
WBX02;8935001815303;Viết lông xanh Thiên Long WB-02;Thiên long;6.000,0;4.900,00;22,0;;;0,0;0,0;cây;;1,0;;;0,0;1;1;0,0
TL08;8935001801306;Viết mực xanh Thiên Long TL - 08;Thiên long;5.000,0;3.600,00;117,0;;;0,0;0,0;cây;;1,0;;;0,0;1;1;0,0
GELE003X;8935001861799;Viết gel xanh xóa được Thiên Long tl-gele003;Thiên long;10.000,0;8.900,00;16,0;;;0,0;0,0;cây;;1,0;;;0,0;1;1;0,0
DC008;8935001838852;Phấn trắng Không bụi Thiên Long DC-008;Thiên long;5.000,0;2.700,00;43,0;;;0,0;0,0;hộp;;1,0;;;0,0;1;1;0,0
F0-G006;8935001802457;Hồ dân khô Thiên long F0-G006;Thiên long;5.000,0;4.000,00;10,0;;;0,0;0,0;chai;;1,0;;;0,0;1;1;0,0
WBD03;8935001817840;Viết lông đỏ Thiên long WB-03;Thiên long;8.000,0;6.500,00;40,0;;;0,0;0,0;cây;;1,0;;;0,0;1;1;0,0
PVN6248;8935001817857;Viết lông đen Thiên Long WB-03;Thiên long;8.000,0;6.500,00;31,0;;;0,0;0,0;cây;;1,0;;;0,0;1;1;0,0
PVN6258;8935001846024;Tập Thiên Long 4 ô ly 96 trang TP-NB061;Thiên long;13.000,0;10.100,00;20,0;;;0,0;0,0;cuốn;;1,0;;;0,0;1;1;0,0
GELE003T;8935324028367;Viết tím Thiên Long xóa được TP-GELE003;Thiên long;10.000,0;6.200,00;90,0;;;0,0;0,0;cây;;1,0;;;0,0;1;1;0,0
TPTTC05;8935001826958;Tập tô chữ điểm 10 Thiên Long TP-TTC05;Thiên long;18.000,0;11.100,00;15,0;;;0,0;0,0;cuốn;;1,0;;;0,0;1;1;0,0
GC011;8935001802440;Hồ khô Thiên Long G-C011;Thiên long;6.000,0;3.300,00;48,0;;;0,0;0,0;chai;;1,0;;;0,0;1;1;0,0
TL08D;8935001804505;Viết đỏ Thiên Long TL-08;Thiên long;5.000,0;3.400,00;99,0;;;0,0;0,0;cây;;1,0;;;0,0;1;1;0,0
Gele008;8935324013066;Viết tím xóa được Thiên Long Gele008;Thiên long;10.000,0;8.300,00;153,0;;;0,0;0,0;cây;;1,0;;;0,0;1;1;0,0
B18;8935283904368;Bảng học sinh Thiên Long B018;Thiên long;18.000,0;16.500,00;18,0;;;0,0;0,0;cái;;1,0;;;0,0;1;1;0,0
PVN8960;8935324013097;Viết xanh xóa được Thiên Long Gele008;Thiên long;10.000,0;8.300,00;66,0;;;0,0;0,0;cây;;1,0;;;0,0;1;1;0,0
PC018;PC018;Viết chì bấm Thiên Long PC018;Thiên long;8.000,0;5.900,00;40,0;;;0,0;0,0;cây;;1,0;;;0,0;1;1;0,0
8935001845782;8935001845782;Tập Thiên Long 4 ô ly 200 trang TP-NB049;Thiên long;18.000,0;13.300,00;40,0;;;0,0;0,0;cuốn;;1,0;;;0,0;1;1;0,0
sm-110-25770;8935136860957;DG XMen Fire Active chai 650g;Xmen;152.000,0;145.000,00;2,0;;;0,0;0,0;chai;;1,0;;;0,0;1;1;0,0
sm-110-25776;8935136801370;TG XMEN Wood Sport thơm lâu chai 650g;Xmen;152.000,0;145.000,00;1,0;;;0,0;0,0;chai;;1,0;;;0,0;1;1;0,0
sm-110-25777;8935136800373;TG XMEN Wood Sport thơm lâu chai 650g - 180ml;Xmen;58.000,0;52.000,00;0,0;;;0,0;0,0;chai;;1,0;;;0,0;1;1;0,0
PVN305;8935136814202;LKM Xmen Fire chai 50ml;Xmen;55.000,0;48.000,00;3,0;;;0,0;0,0;chai;;1,0;;;0,0;1;1;0,0
PVN462;8935136860919;DG XMEN Wood dây;Xmen;12.000,0;10.000,00;0,0;;;0,0;0,0;dây;;1,0;;;0,0;1;1;0,0
PVN2721;8935136861022;XBC XMen For Boss cục 75g;Xmen;20.000,0;16.000,00;6,0;;;0,0;0,0;cục;;1,0;;;0,0;1;1;0,0
PVN2723;8935136803190;XBC XMen Wood 90g;Xmen;18.000,0;16.000,00;5,0;;;0,0;0,0;cục;;1,0;;;0,0;1;1;0,0
8935136861480;8935136861480;LKM Xmen for boss Motion 48h chai 50ml;Xmen;65.000,0;58.000,00;0,0;;;0,0;0,0;chai;;1,0;;;0,0;1;1;0,0
8935136863880;8935136863880;TG XMen Fire Active chai 650g;Xmen;158.000,0;150.000,00;1,0;;;0,0;0,0;chai;;1,0;;;0,0;1;1;0,0
PVN3274;8935136863545;LKM Xmen for boss Legend chai 50ml;Xmen;65.000,0;58.000,00;4,0;;;0,0;0,0;chai;;1,0;;;0,0;1;1;0,0
PVN4616;8935136864535;Dầu gội Xmen for boss dây;Xmen;12.000,0;10.000,00;12,0;;;0,0;0,0;dây;;1,0;;;0,0;1;1;0,0
PVN5381;8935136860452;DG Xmen boss vàng 650;Xmen;170.000,0;160.000,00;0,0;;;0,0;0,0;chai;;1,0;;;0,0;1;1;0,0
PVN5622;8935136863538;Xịt Xmen for boss legend 48h 150ml;Xmen;95.000,0;85.000,00;0,0;;;0,0;0,0;chai;;1,0;;;0,0;1;1;0,0
PVN5623;8935136860322;Xịt Xmen for boss luxury 150ml;Xmen;95.000,0;85.000,00;0,0;;;0,0;0,0;chai;;1,0;;;0,0;1;1;0,0
PVN5624;PVN5624;Xịt Xmen for boss motion 150ml;Xmen;92.000,0;84.000,00;0,0;;;0,0;0,0;chai;;1,0;;;0,0;1;1;0,0
8935136860162;8935136860162;DG XMEN FOR BOSS dây;Xmen;12.000,0;10.000,00;0,0;;;0,0;0,0;dây;;1,0;;;0,0;1;1;0,0
8935136866027;8935136866027;TG Xmen wood dây;Xmen;12.000,0;10.000,00;2,0;;;0,0;0,0;dây;;1,0;;;0,0;1;1;0,0
8935136865143;8935136865143;DG Xmen Fire dây;Xmen;12.000,0;10.000,00;7,0;;;0,0;0,0;dây;;1,0;;;0,0;1;1;0,0
8935136861534;8935136861534;Xịt Xmen for boss motion 150ml;Xmen;95.000,0;90.000,00;2,0;;;0,0;0,0;chai;;1,0;;;0,0;1;1;0,0
8935136866003;8935136866003;DG Xmen for boss intense dây;Xmen;12.000,0;10.000,00;0,0;;;0,0;0,0;dây;;1,0;;;0,0;1;1;0,0
PVN7992;8935136866669;Lăn Xmen vegas delight 50ml (KM);Xmen;58.000,0;50.000,00;0,0;;;0,0;0,0;chai;;1,0;;;0,0;1;1;0,0
PVN7993;8935136866652;Lăn Xmen Amazon hunt 50ml (KM);Xmen;58.000,0;50.000,00;0,0;;;0,0;0,0;chai;;1,0;;;0,0;1;1;0,0
8935136842205;8935136842205;Lăn Xmen for boss 25ml;Xmen;38.000,0;33.000,00;5,0;;;0,0;0,0;chai;;1,0;;;0,0;1;1;0,0
8935136873179;8935136873179;DG Xmen for boss intense keratin 180g;Xmen;68.000,0;63.000,00;0,0;;;0,0;0,0;chai;;1,0;;;0,0;1;1;0,0
8935136866331;8935136866331;DG Xmen Amazon hunt dây;Xmen;12.000,0;10.000,00;0,0;;;0,0;0,0;dây;;1,0;;;0,0;1;1;0,0
8935136804203;8935136804203;LKM XMEN WOOD xanh chai 50ml;Xmen;55.000,0;48.000,00;4,0;;;0,0;0,0;chai;;1,0;;;0,0;1;1;0,0
8935136874206;8935136874206;LKM XMEN for boss INTENSE chai 50ML;Xmen;65.000,0;58.000,00;5,0;;;0,0;0,0;chai;;1,0;;;0,0;1;1;0,0
8935136861015;8935136861015;DG Xmen Water dây;Xmen;12.000,0;10.000,00;0,0;;;0,0;0,0;dây;;1,0;;;0,0;1;1;0,0
8935136863798;8935136863798;TG XMEN trắng sạch sâu chai 610g;Xmen;142.000,0;135.000,00;0,0;;;0,0;0,0;chai;;1,0;;;0,0;1;1;0,0
sm-110-25772;8935136860971;Dầu gội X-Men Fire chai 180g;Xmen;58.000,0;55.000,00;2,0;;;0,0;0,0;chai;;1,0;;;0,0;1;1;0,0
sm-110-25775;8935136860902;Dầu gội nước hoa X-Men Wood chai 180g;Xmen;58.000,0;55.000,00;0,0;;;0,0;0,0;chai;;1,0;;;0,0;1;1;0,0
PVN304;8935136868809;Lăn khử mùi X-men wood chai 50ml;Xmen;55.000,0;50.000,00;0,0;;;0,0;0,0;chai;;1,0;;;0,0;1;1;0,0
8935136860988;8935136860988;DG X-men Fire dây;Xmen;12.000,0;10.000,00;0,0;;;0,0;0,0;dây;;1,0;;;0,0;1;1;0,0
PVN841;8935136873209;Xịt Khử Mùi toàn thân X-Men for Boss Intense 150ml;Xmen;95.000,0;85.000,00;0,0;;;0,0;0,0;chai;;1,0;;;0,0;1;1;0,0
PVN842;8935136813205;Xịt khử mùi hương nước hoa X-Men Fire Active 150ml;Xmen;70.000,0;68.000,00;0,0;;;0,0;0,0;chai;;1,0;;;0,0;1;1;0,0
PVN843;8935136803206;Xịt khử mùi thơm lâu X-Men Wood Sport 150ml;Xmen;70.000,0;68.000,00;0,0;;;0,0;0,0;chai;;1,0;;;0,0;1;1;0,0
PVN2587;8935136825208;Lăn khử mùi X-men wood 25ml;Xmen;30.000,0;30.000,00;0,0;;;0,0;0,0;chai;;1,0;;;0,0;1;1;0,0
PVN2720;8935136860889;Dầu gội nước hoa X-Men Wood 650ml;Xmen;155.000,0;145.000,00;1,0;;;0,0;0,0;chai;;1,0;;;0,0;1;1;0,0
PVN2722;8935136813199;Xà bông cục X-Men Fire 90g;Xmen;18.000,0;16.000,00;0,0;;;0,0;0,0;cục;;1,0;;;0,0;1;1;0,0
PVN2724;8935136813151;Sữa tắm nước hoa X-Men Fire 180g;Xmen;52.000,0;46.000,00;0,0;;;0,0;0,0;chai;;1,0;;;0,0;1;1;0,0
PVN2843;8935136862746;Tắm gội X-men wood 2in1 dây;Xmen;12.000,0;10.000,00;0,0;;;0,0;0,0;dây;;1,0;;;0,0;1;1;0,0
PVN3038;8935136868861;Lăn X-men for boss intense chai 50ml;Xmen;68.000,0;58.000,00;0,0;;;0,0;0,0;chai;;1,0;;;0,0;1;1;0,0
Xmenluxury50ml;8935136860292;Lăn X-men for Boss luxury chai 50ml;Xmen;68.000,0;60.000,00;1,0;;;0,0;0,0;chai;;1,0;;;0,0;1;1;0,0
PVN5380;8935136860339;DG X-Men For Boss Intense chai 650g;Xmen;169.000,0;135.000,00;2,0;;;0,0;0,0;chai;;1,0;;;0,0;1;1;0,0
PVN5382;8935136863903;Tắm gội 2 in 1 X-men Boss Intense hương nước hoa chai 650g;Xmen;175.000,0;165.000,00;1,0;;;0,0;0,0;chai;;1,0;;;0,0;1;1;0,0
8935136866584;8935136866584;DG X-men keratin dây (24 gói);Xmen;9.000,0;7.000,00;7,0;;;0,0;0,0;dây;;1,0;;;0,0;1;1;0,0
PVN731;6914973603516;Kẹo milk chocolate M&M;Doublemint;5.000,0;4.000,00;0,0;;;0,0;0,0;gói;;1,0;;;0,0;1;1;0,0
PVN1261;93682961;Kẹo M&M Milk Chocolate 40g;Doublemint;22.000,0;16.000,00;0,0;;;0,0;0,0;gói;;1,0;;;0,0;1;1;0,0
PVN1262;93682978;Kẹo M&M Peanut 40g;Doublemint;22.000,0;20.108,00;3,0;;;0,0;0,0;gói;;1,0;;;0,0;1;1;0,0
PVN8074;9300682016278;Kẹo M&M siêu giòn bịch 30g;Doublemint;20.000,0;16.000,00;0,0;;;0,0;0,0;gói;;1,0;;;0,0;1;1;0,0
PVN8840;9300682061926;Kẹo socola sữa M&M bịch 30g;Doublemint;22.000,0;17.600,00;0,0;;;0,0;0,0;gói;;1,0;;;0,0;1;1;0,0
sm-127-35412;8935030218861;ST Double Rich hương hoa Iris huyền bí chai 800g;Double rich;130.000,0;102.750,00;0,0;;;0,0;0,0;chai;;1,0;;;0,0;1;1;0,0
sm-127-49379;8935030218847;ST Double Rich hương hoa anh đào tinh tế chai 800g;Double rich;130.000,0;102.750,00;0,0;;;0,0;0,0;chai;;1,0;;;0,0;1;1;0,0
sm-127-35424;8935030218830;ST Double Rich hương hoa hồng quyến rũ chai 800g;Double rich;130.000,0;102.750,00;0,0;;;0,0;0,0;chai;;1,0;;;0,0;1;1;0,0
PVN754;9555192501107;Chewing gum Doublemint;Doublemint;5.000,0;4.000,00;12,0;;;0,0;0,0;cây;;1,0;;;0,0;1;1;0,0
PVN758;PVN758;Kẹo Doublemint mints;Doublemint;1.000,0;560,00;8,0;;;0,0;0,0;cục;;1,0;;;0,0;1;1;0,0
PVN761;8936114080084;Doublemint hũ 58,4g;Doublemint;25.000,0;22.000,00;0,0;;;0,0;0,0;chai;;1,0;;;0,0;1;1;0,0
PVN2954;vienngam;Doublemint viên ngậm;Doublemint;1.000,0;800,00;0,0;;;0,0;0,0;viên;;1,0;;;0,0;1;1;0,0
PVN3056;8935030217819;ST Double rich hương hoa hồng quyến rũ chai 550g;Double rich;89.000,0;83.556,00;0,0;;;0,0;0,0;chai;;1,0;;;0,0;1;1;0,0
8935030218793;8935030218793;ST Double Rich hương hoa Iris huyền bí chai 550g;Double rich;89.000,0;83.556,00;0,0;;;0,0;0,0;chai;;1,0;;;0,0;1;1;0,0
PVN3243;8935030217826;ST Double Rich trắng da hoa Lily chai 550g;Double rich;89.000,0;83.556,00;0,0;;;0,0;0,0;chai;;1,0;;;0,0;1;1;0,0
PVN3244;8935030221656;ST Double Rich dưỡng trắng da với hoa sen & tinh chất gạo chai 550g;Double rich;89.000,0;83.556,00;0,0;;;0,0;0,0;chai;;1,0;;;0,0;1;1;0,0
PVN3664;8936114080145;Viên ngậm Doublemint hương bạc hà bịch 39g (30 cục);Doublemint;29.000,0;24.000,00;0,0;;;0,0;0,0;bịch;;1,0;;;0,0;1;1;0,0
PVN5597;4935436879554;Double rich hộp quà 550ml;Double rich;89.000,0;80.572,00;6,0;;;0,0;0,0;hộp;;1,0;;;0,0;1;1;0,0
PVN6341;8997018480769;Doublemint viên ngậm;Doublemint;26.000,0;22.667,00;6,0;;;0,0;0,0;hũ;;1,0;;;0,0;1;1;0,0
PVN6415;8935030218380;Sữa tắm Double rich Anh đào dây;Double rich;10.000,0;8.000,00;0,0;;;0,0;0,0;dây;;1,0;;;0,0;1;1;0,0
PVN6416;8935030221649;ST Double Rich dưỡng trắng da với hoa sen & tinh chất gạo chai 800g;Double rich;130.000,0;111.429,00;0,0;;;0,0;0,0;chai;;1,0;;;0,0;1;1;0,0
PVN6787;8935030218854;ST Double Rich trắng da hoa Lily chai 800g;Double rich;130.000,0;111.429,00;0,0;;;0,0;0,0;chai;;1,0;;;0,0;1;1;0,0
PVN7868;8935030228495;ST Double rich hương hoa anh đào dây;Double rich;12.000,0;10.000,00;8,0;;;0,0;0,0;dây;;1,0;;;0,0;1;1;0,0
PVN7869;8935030228501;ST Double rich hương hoa hồng dây;Double rich;12.000,0;10.000,00;4,0;;;0,0;0,0;dây;;1,0;;;0,0;1;1;0,0
PVN7870;8935030228488;ST Double rich hương hoa iris dây;Double rich;12.000,0;10.000,00;4,0;;;0,0;0,0;dây;;1,0;;;0,0;1;1;0,0
PVN8156;9555192510109;Gum Doublemint vị dâu 13.5g;Doublemint;5.000,0;4.000,00;4,0;;;0,0;0,0;cây;;1,0;;;0,0;1;1;0,0
8935030219554;8935030219554;ST Double rich chai 800g;Doublemint;110.000,0;102.750,00;0,0;;;0,0;0,0;chai;;1,0;;;0,0;1;1;0,0
PVN9373;6923450615850;Doublemint không đường hộp 40g;Doublemint;28.000,0;24.900,00;3,0;;;0,0;0,0;hộp;;1,0;;;0,0;1;1;0,0
PVN9425;6923450615829;Doublemint hương bạc hà hộp 40g;Doublemint;28.000,0;24.000,00;2,0;;;0,0;0,0;hộp;;1,0;;;0,0;1;1;0,0
PVN3179;8935060603743;Rau câu Kimiko 216g;Long hải;12.000,0;10.000,00;0,0;;;0,0;0,0;bịch;;1,0;;;0,0;1;1;0,0
PVN2537;8935060603545;Thạch rau câu Long hải Lapatie vị trứng sữa bịch 400g;Long hải;20.000,0;14.500,00;0,0;;;0,0;0,0;gói;;1,0;;;0,0;1;1;0,0
PVN511;8934732104311;Nhang ít khói Jumbo Vape S2;Jumbo;12.000,0;10.286,00;14,0;;;0,0;0,0;hộp;;1,0;;;0,0;1;1;0,0
PVN828;8934732104212;Nhang muỗi ít khói Jumbo Vape K5;Jumbo;9.000,0;6.500,00;10,0;;;0,0;0,0;hộp;;1,0;;;0,0;1;1;0,0
PVN1548;8934732700827;Bộ xông đuổi muỗi Jumbo vape bảo vệ 45 ngày;Jumbo;50.000,0;42.500,00;2,0;;;0,0;0,0;bộ;;1,0;;;0,0;1;1;0,0
PVN1549;8934732700711;Bình xông đuổi muỗi Jumbo hương hoa Lily bình 34ml;Jumbo;30.000,0;22.700,00;2,0;;;0,0;0,0;bình;;1,0;;;0,0;1;1;0,0
PVN1555;8934732202611;Bình xịt Jumbo Vape không mùi chai 600ml;Jumbo;58.000,0;50.000,00;5,0;;;0,0;0,0;chai;;1,0;;;0,0;1;1;0,0
PVN1556;8934732202819;Bình xịt Jumbo hương hoa lài chai 600ml;Jumbo;55.000,0;50.200,00;4,0;;;0,0;0,0;chai;;1,0;;;0,0;1;1;0,0
PVN1557;8934732202710;Bình xịt muỗi Jumbo vape hương lavender pháp chai 600ml;Jumbo;55.000,0;50.200,00;3,0;;;0,0;0,0;chai;;1,0;;;0,0;1;1;0,0
PVN1558;8934732202512;Bình xịt Jumbo hương cam chanh chai 600ml;Jumbo;55.000,0;50.000,00;5,0;;;0,0;0,0;chai;;1,0;;;0,0;1;1;0,0
8934732104410;8934732104410;Nhang muỗi Jumbo vape M2;Jumbo;8.000,0;6.500,00;20,0;;;0,0;0,0;hộp;;1,0;;;0,0;1;1;0,0
8934732202918;8934732202314;Bình xịt Jumbo hương cam chanh chai 600ml;Jumbo;50.000,0;44.700,00;6,0;;;0,0;0,0;chai;;1,0;;;0,0;1;1;0,0
8934732203014;8934732202413;Bình xịt Jumbo Vape không mùi chai 350g;Jumbo;50.000,0;45.500,00;0,0;;;0,0;0,0;chai;;1,0;;;0,0;1;1;0,0
PVN4657;8934732700735;Bộ 2 bình chất xông Jumbo đuổi muỗi;Jumbo;48.000,0;42.000,00;5,0;;;0,0;0,0;bộ;;1,0;;;0,0;1;1;0,0
PVN9399;8934732700834;Bộ 2 bình chất xông muỗi Jumbo hương hoa anh đào;Jumbo;48.000,0;40.800,00;0,0;;;0,0;0,0;bộ;;1,0;;;0,0;1;1;0,0
PVN378;8934803043884;Oishi snack bí đỏ vị Bò nướng 39g;Oishi;5.000,0;4.200,00;20,0;;;0,0;0,0;bịch;;1,0;;;0,0;1;1;0,0
PVN556;8934803043020;Oishi snack tôm biển 39g;Oishi;5.000,0;4.200,00;13,0;;;0,0;0,0;bịch;;1,0;;;0,0;1;1;0,0
8934803044638;8934803044638;Oishi Tomati snack Cà chua 39g;Oishi;5.000,0;4.200,00;19,0;;;0,0;0,0;bịch;;1,0;;;0,0;1;1;0,0
8934803054521;8934803054521;Bánh Oishi khoai tây siêu mỏng Tater;Oishi;5.000,0;3.500,00;19,0;;;0,0;0,0;bịch;;1,0;;;0,0;1;1;0,0
8934803043075;8934803043075;Oishi Snack bắp ngọt 39g;Oishi;5.000,0;4.200,00;10,0;;;0,0;0,0;bịch;;1,0;;;0,0;1;1;0,0
8934803044584;8934803044584;Oishi Marty's snack chay vị da heo quay 39g;Oishi;5.000,0;4.200,00;16,0;;;0,0;0,0;bịch;;1,0;;;0,0;1;1;0,0
PVN2419;8934803027624;Khoai tây que oishi Strip fries 27g;Oishi;6.000,0;3.800,00;20,0;;;0,0;0,0;bịch;;1,0;;;0,0;1;1;0,0
PVN3487;8934803043785;Oishi snack Hành 39g;Oishi;5.000,0;4.200,00;12,0;;;0,0;0,0;bịch;;1,0;;;0,0;1;1;0,0
PVN3488;8934803054866;Oishi Indo Chips! vị tôm hùm 39g;Oishi;5.000,0;4.200,00;18,0;;;0,0;0,0;bịch;;1,0;;;0,0;1;1;0,0
PVN3489;8934803044287;Oishi Crab Me! vị cua sốt chua ngọt 39g;Oishi;5.000,0;4.200,00;19,0;;;0,0;0,0;bịch;;1,0;;;0,0;1;1;0,0
PVN3490;8934803043129;Oishi snack Phô mát miếng 39g;Oishi;5.000,0;4.200,00;19,0;;;0,0;0,0;bịch;;1,0;;;0,0;1;1;0,0
PVN3491;8934803042320;Oishi Flutes snack khoai tây vị muối 39g;Oishi;5.000,0;4.200,00;18,0;;;0,0;0,0;bịch;;1,0;;;0,0;1;1;0,0
PVN3559;8934803042818;Snack Oishi bắp vị Phô mai 75g;Oishi;10.000,0;8.400,00;20,0;;;0,0;0,0;bịch;;1,0;;;0,0;1;1;0,0
PVN3560;8934803042283;Snack Oishi Crab Me! vị Xốt chua ngọt 75g;Oishi;10.000,0;8.400,00;20,0;;;0,0;0,0;bịch;;1,0;;;0,0;1;1;0,0
PVN3561;PVN3561;Snack Oishi khoai tây siêu mỏng vị tảo biển 75g;Oishi;10.000,0;8.400,00;20,0;;;0,0;0,0;bịch;;1,0;;;0,0;1;1;0,0
PVN3562;8934803026122;Snack Oishi Pho mát miếng 75g;Oishi;10.000,0;8.400,00;20,0;;;0,0;0,0;bịch;;1,0;;;0,0;1;1;0,0
PVN3563;8934803053524;Snack Oishi siêu mỏng vị Dưa leo 75g;Oishi;10.000,0;8.400,00;20,0;;;0,0;0,0;bịch;;1,0;;;0,0;1;1;0,0
PVN3604;8934803044485;Snack Oishi Lu La mực ống 39g;Oishi;5.000,0;4.200,00;14,0;;;0,0;0,0;bịch;;1,0;;;0,0;1;1;0,0
PVN3605;8934803044270;Snack Oishi tôm vị cay đặc biệt 39g;Oishi;5.000,0;4.200,00;20,0;;;0,0;0,0;bịch;;1,0;;;0,0;1;1;0,0
PVN3606;8934803026412;Snack Oishi Indo Chip! bành phồng vị cay 39g;Oishi;5.000,0;4.200,00;20,0;;;0,0;0,0;bịch;;1,0;;;0,0;1;1;0,0
PVN3607;8934803043259;Snack Oishi vị Tôm cay 39g;Oishi;5.000,0;4.200,00;18,0;;;0,0;0,0;bịch;;1,0;;;0,0;1;1;0,0
PVN3608;8934803043815;Snack Oishi Indo Chip! vị Bánh phồng mực Indo 39g;Oishi;5.000,0;4.200,00;20,0;;;0,0;0,0;bịch;;1,0;;;0,0;1;1;0,0
PVN3665;8934803026894;Oishi Pillows nhân Socola 45g;Oishi;5.000,0;4.200,00;20,0;;;0,0;0,0;bịch;;1,0;;;0,0;1;1;0,0
PVN4632;8934803044812;Oishi snack bắp vị Phô mai 39g;Oishi;5.000,0;4.200,00;18,0;;;0,0;0,0;bịch;;1,0;;;0,0;1;1;0,0
PVN4637;8934803054453;Oishi Crab Me! vị Tảo biển 39g;Oishi;5.000,0;0,00;20,0;;;0,0;0,0;bịch;;1,0;;;0,0;1;1;0,0
PVN4686;8934803026078;Oishi snack vị Bắp ngọt 75g;Oishi;10.000,0;8.900,00;20,0;;;0,0;0,0;bịch;;1,0;;;0,0;1;1;0,0
PVN4687;8934803042634;Oishi Tomati snack vị Cà chua 75g;Oishi;10.000,0;8.900,00;20,0;;;0,0;0,0;bịch;;1,0;;;0,0;1;1;0,0
PVN4688;8934803026788;Oishi snack vị Hành 75g;Oishi;10.000,0;8.900,00;19,0;;;0,0;0,0;bịch;;1,0;;;0,0;1;1;0,0
PVN4689;8934803042580;Oishi Marty's snack chay 75g;Oishi;10.000,0;8.900,00;18,0;;;0,0;0,0;bịch;;1,0;;;0,0;1;1;0,0
PVN4710;8934803054538;Oishi snack khoai tây siêu mỏng 39g;Oishi;5.000,0;4.200,00;20,0;;;0,0;0,0;bịch;;1,0;;;0,0;1;1;0,0
PVN4735;8934803054279;Oishi Crab Me! snack cua lắc phô mai 39g;Oishi;5.000,0;4.200,00;19,0;;;0,0;0,0;bịch;;1,0;;;0,0;1;1;0,0
8934803054262;8934803054262;Snack Oishi bắp vị sữa 39g;Oishi;5.000,0;4.200,00;18,0;;;0,0;0,0;bịch;;1,0;;;0,0;1;1;0,0
PVN4834;8934803054439;Oishi Mobster's vị bắp rang phô mai caramen 39g;Oishi;5.000,0;4.200,00;20,0;;;0,0;0,0;bịch;;1,0;;;0,0;1;1;0,0
PVN4835;8934803012255;Oishi snack tôm cay 75g;Oishi;10.000,0;8.900,00;18,0;;;0,0;0,0;bịch;;1,0;;;0,0;1;1;0,0
PVN4836;8934803053456;Oishi Crab Me! vị tảo biển 75g;Oishi;10.000,0;8.900,00;20,0;;;0,0;0,0;bịch;;1,0;;;0,0;1;1;0,0
PVN4837;8934803041323;Oishi Flutes snack khoai tây vị muối 75g;Oishi;10.000,0;8.900,00;20,0;;;0,0;0,0;bịch;;1,0;;;0,0;1;1;0,0
PVN4838;8934803012880;Oishi snack bí đỏ vị bò nướng 75g;Oishi;10.000,0;8.900,00;20,0;;;0,0;0,0;bịch;;1,0;;;0,0;1;1;0,0
PVN4886;8934803044829;Oishi snack tôm vị muối ớt xanh 37g;Oishi;5.000,0;4.200,00;19,0;;;0,0;0,0;bịch;;1,0;;;0,0;1;1;0,0
PVN4887;8934803054026;Oishi snack mực cay MUCA 37g;Oishi;5.000,0;4.200,00;18,0;;;0,0;0,0;bịch;;1,0;;;0,0;1;1;0,0
PVN4922;8934803042177;Oishi Pillow snack nhân vị sữa dừa 45g;Oishi;5.000,0;4.600,00;18,0;;;0,0;0,0;bịch;;1,0;;;0,0;1;1;0,0
PVN5026;8934803042276;Oishi snack tôm vị cay đặc biệt 75g;Oishi;10.000,0;8.900,00;20,0;;;0,0;0,0;bịch;;1,0;;;0,0;1;1;0,0
PVN5034;8934803053272;Oishi Crab Me! vị lắc phô mai 75g;Oishi;10.000,0;8.900,00;20,0;;;0,0;0,0;bịch;;1,0;;;0,0;1;1;0,0
PVN5051;8934803054200;Oishi snack 4 lớp sốt Sriracha vị cay 35g;Oishi;5.000,0;4.200,00;18,0;;;0,0;0,0;bịch;;1,0;;;0,0;1;1;0,0
PVN5123;8934803046205;Oishi snack bắp 4 lớp sốt Sriracha vị cay bịch 73g;Oishi;10.000,0;8.500,00;20,0;;;0,0;0,0;bịch;;1,0;;;0,0;1;1;0,0
PVN5145;8934803044607;Oishi Korny Cones vị bắp non phô mai 39g;Oishi;5.000,0;4.200,00;20,0;;;0,0;0,0;bịch;;1,0;;;0,0;1;1;0,0
PVN5161;8934803044911;Oishi Indo chip bánh phồng cá 75g;Oishi;10.000,0;8.900,00;20,0;;;0,0;0,0;bịch;;1,0;;;0,0;1;1;0,0
PVN5254;8934803047974;Oishi Bisnax bánh quy nướng giòn vị phô mai 35g;Oishi;5.000,0;4.200,00;20,0;;;0,0;0,0;bịch;;1,0;;;0,0;1;1;0,0
PVN5434;8934803053531;Oishi Tater Thin snack khoai tây siêu mỏng 75g;Oishi;10.000,0;8.900,00;20,0;;;0,0;0,0;bịch;;1,0;;;0,0;1;1;0,0
PVN5588;8934803054996;Oishi vị đậu hà lan nướng bịch 35g;Oishi;5.000,0;4.200,00;20,0;;;0,0;0,0;bịch;;1,0;;;0,0;1;1;0,0
PVN5611;8934803026924;Oishi vị đậu xanh nước dừa gói 35g;Oishi;5.000,0;4.200,00;20,0;;;0,0;0,0;bịch;;1,0;;;0,0;1;1;0,0
PVN5626;8934803039436;Oishi bắp rang phô mai caramen bịch 80g;Oishi;10.000,0;8.500,00;20,0;;;0,0;0,0;bịch;;1,0;;;0,0;1;1;0,0
PVN5670;8934803071061;Oishi Bola snack viên vị mực cay bịch 32g;Oishi;5.000,0;4.200,00;19,0;;;0,0;0,0;bịch;;1,0;;;0,0;1;1;0,0
PVN5695;8934803053869;Oishi Indo Chip bánh phồng tôm hùm;Oishi;10.000,0;8.900,00;20,0;;;0,0;0,0;bịch;;1,0;;;0,0;1;1;0,0
PVN5870;8934803071030;Oishi Tater Thins snack khoai tây siêu mỏng bịch 33g;Oishi;5.000,0;4.500,00;20,0;;;0,0;0,0;bịch;;1,0;;;0,0;1;1;0,0
PVN5908;8934803024814;Oishi snack bánh phông tôm mực Indo 73g;Oishi;10.000,0;8.200,00;20,0;;;0,0;0,0;bịch;;1,0;;;0,0;1;1;0,0
PVN5913;8934803070064;Oishi Bola snack viên vị mực cay bịch 68g;Oishi;10.000,0;8.500,00;20,0;;;0,0;0,0;bịch;;1,0;;;0,0;1;1;0,0
PVN6576;8934803071078;Snack viên Oishi Bola vị takoyaki Nhật Bản;Oishi;5.000,0;4.200,00;20,0;;;0,0;0,0;bịch;;1,0;;;0,0;1;1;0,0
PVN6616;8934803070071;Oishi Bola snack viên vị Tokoyaki Nhật Bản gói 68g;Oishi;10.000,0;8.200,00;20,0;;;0,0;0,0;bịch;;1,0;;;0,0;1;1;0,0
PVN6702;8934803054460;Oishi Marthy's snack chay vị gà chiên giòn bịch 35g;Oishi;5.000,0;4.200,00;20,0;;;0,0;0,0;bịch;;1,0;;;0,0;1;1;0,0
PVN6926;8934803069099;Oishi snack 4 lớp vị sườn nướng bịch 32g;Oishi;5.000,0;3.800,00;20,0;;;0,0;0,0;bịch;;1,0;;;0,0;1;1;0,0
PVN7339;8934803046878;OISHI Akiko nhân sữa dừa 140g;Oishi;22.000,0;15.000,00;20,0;;;0,0;0,0;bịch;;1,0;;;0,0;1;1;0,0
PVN7340;6933843460080;OISHI Akiko nhân phô mai 140g;Oishi;22.000,0;15.000,00;19,0;;;0,0;0,0;bịch;;1,0;;;0,0;1;1;0,0
PVN7341;8934803028393;OISHI Akiko nhân cafe moka 140g;Oishi;22.000,0;15.000,00;19,0;;;0,0;0,0;bịch;;1,0;;;0,0;1;1;0,0
PVN7342;8934803028409;OISHI Akiko nhân sữa 140g;Oishi;22.000,0;15.000,00;17,0;;;0,0;0,0;bịch;;1,0;;;0,0;1;1;0,0
PVN7776;8934803070187;Snack Tôm Oishi vị mực nướng muối ớt bịch 68g;Oishi;10.000,0;8.900,00;20,0;;;0,0;0,0;bịch;;1,0;;;0,0;1;1;0,0
PVN7902;8934803046090;Oishi Akiko snack que nhân phô mai bịch 140g;Oishi;22.000,0;15.000,00;19,0;;;0,0;0,0;bịch;;1,0;;;0,0;1;1;0,0
PVN7903;8934803046212;Oishi Akiko snack que nhân sữa dừa bịch 140g;Oishi;22.000,0;15.000,00;20,0;;;0,0;0,0;bịch;;1,0;;;0,0;1;1;0,0
PVN7904;8934803056778;Oishi Akiko snack que nhân kem mixed berries bịch 140g;Oishi;22.000,0;15.000,00;20,0;;;0,0;0,0;bịch;;1,0;;;0,0;1;1;0,0
PVN7911;8934803069211;Oishi snack khoai tây siêu mỏng vị salad tôm bịch 32g;Oishi;5.000,0;4.000,00;20,0;;;0,0;0,0;bịch;;1,0;;;0,0;1;1;0,0
PVN8309;8934803071344;Oishi bắp vị Socola bịch 32g;Oishi;5.000,0;4.200,00;19,0;;;0,0;0,0;bịch;;1,0;;;0,0;1;1;0,0
PVN8610;8934803070347;Snack Oishi bắp vị Sôcôla bịch 68g;Oishi;10.000,0;9.000,00;20,0;;;0,0;0,0;bịch;;1,0;;;0,0;1;1;0,0
PVN8775;8934803042481;Oishi Lu La snack mực ống bịch 68g;Oishi;10.000,0;8.900,00;20,0;;;0,0;0,0;bịch;;1,0;;;0,0;1;1;0,0
PVN9274;8934803055054;Snack khoai tây Oishi thin flutes bịch 30g;Oishi;5.000,0;4.200,00;20,0;;;0,0;0,0;bịch;;1,0;;;0,0;1;1;0,0
PVN9442;8934803069181;Oishi snack tôm vị mực nướng muối ớt bịch 34g;Oishi;5.000,0;4.200,00;20,0;;;0,0;0,0;bịch;;1,0;;;0,0;1;1;0,0
PVN3470;8936036027747;Kẹo Boom Jelly vị dâu bịch 25g;Orion;5.000,0;2.949,00;9,0;;;0,0;0,0;bịch;;1,0;;;0,0;1;1;0,0
PVN3471;8936036027730;Kẹo Boom Jelly vị nho bịch 25g;Orion;5.000,0;3.545,00;22,0;;;0,0;0,0;bịch;;1,0;;;0,0;1;1;0,0
PVN3472;8936036027754;Kẹo Boom Jelly vị đào bịch 25g;Orion;5.000,0;2.949,00;0,0;;;0,0;0,0;bịch;;1,0;;;0,0;1;1;0,0
PVN5723;8936036028553;Kẹo Boom Jelly vị xoài muối ớt bịch 25g;Orion;5.000,0;2.949,00;22,0;;;0,0;0,0;bịch;;1,0;;;0,0;1;1;0,0
SP000016;8934680042567;KD BMT siêu mềm vị bơ sữa bịch 55g;Kinh Đô;8.000,0;6.000,00;0,0;;;0,0;999.999.999,0;;;1,0;;;0,0;1;1;0,0
SP000015;8934680089685;KĐ Bánh bông lan tươi vị cam gói 50g;Kinh Đô;7.000,0;6.000,00;35,0;;;0,0;999.999.999,0;;;1,0;;;0,0;1;1;0,0
8934868184362;8934868184362;NG Omo matic cửa trước hương oải hương túi 3.6kg;Omo;164.000,0;159.039,00;0,0;;;0,0;0,0;túi;;1,0;;;0,0;1;1;0,0
8934868184232;8934868184232;NG Omo hương hoa hồng Ecuador túi 3.6kg;Omo;168.000,0;162.966,00;0,0;;;0,0;0,0;túi;;1,0;;;0,0;1;1;0,0
8934868184218;8934868184218;NG Omo máy giặt cửa trên tinh dầu nước hoa tinh tế túi 3.6kg;Omo;168.000,0;161.189,00;0,0;;;0,0;0,0;túi;;1,0;;;0,0;1;1;0,0
8934868184287;8934868184287;NG Omo Matic cửa trên chuyên gia giữ màu túi 3.6kg;Omo;168.000,0;159.039,00;0,0;;;0,0;0,0;túi;;1,0;;;0,0;1;1;0,0
8934868184188;8934868184188;NG Omo Matic cửa trước ngăn mùi ẩm móc túi 3.6kg;Omo;168.000,0;162.966,00;0,0;;;0,0;0,0;túi;;1,0;;;0,0;1;1;0,0
8934868184331;8934868184331;NG Omo cửa trước chuyên gia giữ màu túi 3.6kg;Omo;168.000,0;159.039,00;0,0;;;0,0;0,0;túi;;1,0;;;0,0;1;1;0,0
8934868190769;8934868190769;NG Omo thiên nhiên ngọt ngào 3.6kg;Omo;169.000,0;162.966,00;0,0;;;0,0;0,0;túi;;1,0;;;0,0;1;1;0,0
8934868195603;8934868195603;NG Omo matic sạch thơm vượt trội túi 3.7kg;Omo;138.000,0;130.675,00;0,0;;;0,0;0,0;túi;;1,0;;;0,0;1;1;0,0
8934868195566;8934868195566;NG Omo cửa trên sạch thơm vượt trội chai 2.7kg;Omo;102.000,0;94.020,00;3,0;;;0,0;0,0;chai;;1,0;;;0,0;1;1;0,0
8934868161424;8934868161424;NG Omo cho quần áo bé yêu túi 3.6kg;Omo;168.000,0;159.039,00;1,0;;;0,0;0,0;túi;;1,0;;;0,0;1;1;0,0
PVN10;8935149851461;NG Net Matic cam hương cuốn hút can 3.3kg;Net;118.000,0;111.900,00;2,0;;;0,0;0,0;can;;1,0;;;0,0;1;1;0,0
PVN2709;8935149851119;Bột giặt Net Extra bịch 5.5kg;Net;138.000,0;132.900,00;0,0;;;0,0;0,0;bịch;;1,0;;;0,0;1;1;0,0
PVN2710;8935149851331;Bột giặt Net Hương hoa sứ bịch 5.5kg;Net;134.000,0;128.700,00;1,0;;;0,0;0,0;bịch;;1,0;;;0,0;1;1;0,0
PVN2711;8935149851324;BG Net Hương hoa sứ bịch 2.4kg;Net;66.000,0;60.900,00;3,0;;;0,0;0,0;bịch;;1,0;;;0,0;1;1;0,0
PVN3420;8935149851492;NG Net tím Matic diệu kỳ can 3.3kg;Net;118.000,0;111.900,00;5,0;;;0,0;0,0;can;;1,0;;;0,0;1;1;0,0
PVN7374;8935149851485;NG Net Matic hồng hương đam mê can 3.3kg;Net;118.000,0;114.667,00;3,0;;;0,0;0,0;can;;1,0;;;0,0;1;1;0,0
PVN7732;8935149852468;BG Net hương hoa sứ bịch 600g;Net;17.000,0;15.000,00;9,0;;;0,0;0,0;bịch;;1,0;;;0,0;1;1;0,0
8935149851300;8935149852451;BG Net hương hoa hoa sứ bịch 300g;Net;10.000,0;7.100,00;11,0;;;0,0;0,0;bịch;;1,0;;;0,0;1;1;0,0
PVN8186;8935149851478;NG NET Matic đỏ duyên dáng can 3.3kg;Net;118.000,0;111.900,00;4,0;;;0,0;0,0;can;;1,0;;;0,0;1;1;0,0
PVN8344;8935149851737;NG Net tím Matic dịu kỳ túi 3.3kg;Net;108.000,0;104.000,00;0,0;;;0,0;0,0;túi;;1,0;;;0,0;1;1;0,0
PVN8764;8935149851720;NG Net Matic hồng hương đam mê túi 3.3kg;Net;108.000,0;101.650,00;0,0;;;0,0;0,0;túi;;1,0;;;0,0;1;1;0,0
PVN9037;8935149851966;NG Net tím hương hoa nắng ngát hương túi 3kg;Net;82.000,0;75.700,00;7,0;;;0,0;0,0;túi;;1,0;;;0,0;1;1;0,0
sm-62-34852;8934564130014;Kẹo Dynamite Chews đỏ hương bạc hà nhân socola bịch 125g;Jack n Jill;18.000,0;13.000,00;7,0;;;0,0;0,0;bịch;;1,0;;;0,0;1;1;0,0
sm-62-34856;8934564100352;Kẹo Dynamite Bigbang hương bạc hà nhân socola bịch 120g;Jack n Jill;16.000,0;11.000,00;10,0;;;0,0;0,0;bịch;;1,0;;;0,0;1;1;0,0
PVN1849;8934564100314;Kẹo Dynamite Bigbang hương Socola bạc hà 45g;Jack n Jill;9.000,0;4.500,00;13,0;;;0,0;0,0;bịch;;1,0;;;0,0;1;1;0,0
8934564100369;8934564100369;Kẹo Dynamite big bang 330g;Jack n Jill;30.000,0;24.000,00;15,0;;;0,0;0,0;bịch;;1,0;;;0,0;1;1;0,0
PVN5628;8934564100529;Kẹo Dynamite Energy bịch 330g;Jack n Jill;28.000,0;24.000,00;4,0;;;0,0;0,0;bịch;;1,0;;;0,0;1;1;0,0
PVN6410;8934564100833;Kẹo Dynamite vị ỏi hồng muối ớt bịch 96g;Jack n Jill;16.000,0;11.000,00;12,0;;;0,0;0,0;bịch;;1,0;;;0,0;1;1;0,0
PVN6724;8934564100826;Kẹo Dynamite hương xoài xanh nhân muối ớt bịch 96g;Jack n Jill;16.000,0;11.000,00;2,0;;;0,0;0,0;bịch;;1,0;;;0,0;1;1;0,0
PVN8554;8934564130052;Dynamite chew vị đào vải bịch 125g;Jack n Jill;18.000,0;13.000,00;11,0;;;0,0;0,0;bịch;;1,0;;;0,0;1;1;0,0
PVN9193;8934564100888;Kẹo Dynamite hương chanh nhân bột soda bịch 96g;Jack n Jill;16.000,0;10.154,00;0,0;;;0,0;0,0;bịch;;1,0;;;0,0;1;1;0,0
PVN9401;8934564100895;Dynamite hương nho nhân bột soda bịch 96g;Jack n Jill;16.000,0;10.154,00;0,0;;;0,0;0,0;bịch;;1,0;;;0,0;1;1;0,0
PVN1266;8934564260148;Bánh đùi gà Chikki vị gà chiên sốt Buffalo 38g;Jack n Jill;5.000,0;3.788,00;0,0;;;0,0;0,0;bịch;;1,0;;;0,0;1;1;0,0
PVN9462;8934564260292;Bánh Chikki đùi gà phô mai bịch 28g;Jack n Jill;5.000,0;3.758,00;0,0;;;0,0;0,0;bịch;;1,0;;;0,0;1;1;0,0
PVN425;8934564230073;Bánh Puff Corn vị Socola 40g;Jack n Jill;5.000,0;3.925,00;0,0;;;0,0;0,0;bịch;;1,0;;;0,0;1;1;0,0
PVN1852;8934564230059;Bánh bắp đỏ Puff Corn vị caramen 45g;Jack n Jill;5.000,0;3.788,00;0,0;;;0,0;0,0;bịch;;1,0;;;0,0;1;1;0,0
PVN9495;8934564230127;Snack Puff corn phô mai bơ tỏi bịch 30g;Jack n Jill;5.000,0;4.000,00;0,0;;;0,0;0,0;bịch;;1,0;;;0,0;1;1;0,0
PVN942;8936079121716;Bánh Poca que giòn vị Phô mai 30g;Poca;5.000,0;3.700,00;0,0;;;0,0;0,0;bịch;;1,0;;;0,0;1;1;0,0
PVN950;8936079120382;Bánh Poca vị Bắp ngọt xốc bơ 37g;Poca;5.000,0;3.700,00;0,0;;;0,0;0,0;bịch;;1,0;;;0,0;1;1;0,0
PVN951;8936079120337;Bánh phồng tôm Poca 31g;Poca;5.000,0;3.700,00;0,0;;;0,0;0,0;bịch;;1,0;;;0,0;1;1;0,0
PVN952;PVN952;Bánh Poca vị gà quay da giòn 37g;Poca;5.000,0;3.700,00;0,0;;;0,0;0,0;bịch;;1,0;;;0,0;1;1;0,0
PVN953;8936079121723;Bánh Poca bí đỏ vị bò nướng 36g;Poca;5.000,0;3.700,00;0,0;;;0,0;0,0;bịch;;1,0;;;0,0;1;1;0,0
PVN1546;8936079121181;Bánh phông tôm Poca vị cua;Poca;5.000,0;3.500,00;0,0;;;0,0;0,0;bịch;;1,0;;;0,0;1;1;0,0
PVN1641;8936079120276;Bánh Poca vị Bò lúc lắc 37g;Poca;5.000,0;3.700,00;0,0;;;0,0;0,0;bịch;;1,0;;;0,0;1;1;0,0
PVN1642;8936079120252;Bánh Poca vị Mực lăn muối ớt 37g;Poca;5.000,0;3.700,00;0,0;;;0,0;0,0;bịch;;1,0;;;0,0;1;1;0,0
PVN1643;8936079121709;Bánh Poca que giòn vị Sườn nướng BBQ;Poca;5.000,0;3.800,00;0,0;;;0,0;0,0;bịch;;1,0;;;0,0;1;1;0,0
PVN1644;8936079120030;Bánh Poca vị Gà quay da giòn 37g;Poca;5.000,0;3.800,00;0,0;;;0,0;0,0;bịch;;1,0;;;0,0;1;1;0,0
PVN1645;8936079120269;Bánh Poca vị Tôm hùm nướng 37g;Poca;5.000,0;3.800,00;0,0;;;0,0;0,0;bịch;;1,0;;;0,0;1;1;0,0
PVN3110;PVN3110;Poca Tôm nướng khổng lồ;Poca;10.000,0;8.200,00;0,0;;;0,0;0,0;bịch;;1,0;;;0,0;1;1;0,0
PVN3148;8936079122249;Bánh Poca bò lúc lắc bịch 75g;Poca;10.000,0;8.200,00;0,0;;;0,0;0,0;bịch;;1,0;;;0,0;1;1;0,0
PVN3149;8936079122294;Bánh Poca tôm hùm nướng bịch 75g;Poca;10.000,0;8.200,00;0,0;;;0,0;0,0;bịch;;1,0;;;0,0;1;1;0,0
PVN3380;8936079122256;Bánh Poca Mực lăn muối ớt 75g;Poca;10.000,0;8.200,00;0,0;;;0,0;0,0;bịch;;1,0;;;0,0;1;1;0,0
PVN5915;8936079123307;Poca que giòn vị sườn nướng BBQ bịch 65g;Poca;10.000,0;8.900,00;0,0;;;0,0;0,0;bịch;;1,0;;;0,0;1;1;0,0
PVN6204;8936079123208;Bánh Poca vị gà quay da giòn bịch 75g;Poca;10.000,0;7.300,00;0,0;;;0,0;0,0;bịch;;1,0;;;0,0;1;1;0,0
PVN6205;8936079122263;Bánh phồng mực Poca bịch 75g;Poca;10.000,0;7.300,00;0,0;;;0,0;0,0;bịch;;1,0;;;0,0;1;1;0,0
PVN6585;8936079123352;Poca bắp ngọt xóc bơ bịch 65g;Poca;10.000,0;7.300,00;0,0;;;0,0;0,0;bịch;;1,0;;;0,0;1;1;0,0
PVN7823;8936079123888;Poca vị sữa chua dâu bịch 30g;Poca;5.000,0;4.200,00;0,0;;;0,0;0,0;bịch;;1,0;;;0,0;1;1;0,0
PVN8136;8936079124915;Poca snack hình cua bịch 30g;Poca;5.000,0;4.000,00;0,0;;;0,0;0,0;bịch;;1,0;;;0,0;1;1;0,0
PVN8137;8936079124939;Poca bánh phồng vị tảo biển bịch 30g;Poca;5.000,0;4.000,00;0,0;;;0,0;0,0;bịch;;1,0;;;0,0;1;1;0,0
PVN8668;8936079124892;Poca Snack hình cua bịch 30g;Poca;5.000,0;4.000,00;0,0;;;0,0;0,0;bịch;;1,0;;;0,0;1;1;0,0
PVN925;8936036020977;Bánh Swing vị Bò bít tết kiểu New York 30g;Orion;6.000,0;4.710,00;10,0;;;0,0;0,0;bich;;1,0;;;0,0;1;1;0,0
8936036025538;8936036025538;Swing Maxx vị bò nướng tiêu đen 36g;Orion;6.000,0;5.300,00;0,0;;;0,0;0,0;bịch;;1,0;;;0,0;1;1;0,0
8936036024692;8936036024692;Swing vị gà Teriyaki osaka 36g;Orion;6.000,0;5.200,00;0,0;;;0,0;0,0;bịch;;1,0;;;0,0;1;1;0,0
PVN1699;8936036021660;Bánh Swing vị Bít tết kiểu New York 63g;Orion;10.000,0;8.900,00;0,0;;;0,0;0,0;gói;;1,0;;;0,0;1;1;0,0
PVN1798;8936036024739;Swing vị teriyaki osaka 63g;Orion;10.000,0;8.900,00;0,0;;;0,0;0,0;bịch;;1,0;;;0,0;1;1;0,0
4936430084739;8936036029499;Bánh Swing vị Gà Teriyaki Osaka 63g;Orion;10.000,0;8.900,00;0,0;;;0,0;0,0;bịch;;1,0;;;0,0;1;1;0,0
PVN2666;8936036025576;Bánh Swing vị Bò nướng tiêu đen 63g;Orion;10.000,0;8.900,00;0,0;;;0,0;0,0;gói;;1,0;;;0,0;1;1;0,0
PVN3184;8936036027860;Bánh Swing Chee-Z vị phô mai 32g;Orion;6.000,0;4.710,00;0,0;;;0,0;0,0;bịch;;1,0;;;0,0;1;1;0,0
PVN3461;8936036021745;Swing vị Bít tết kiểu New York 108g;Orion;20.000,0;18.000,00;0,0;;;0,0;0,0;gói;;1,0;;;0,0;1;1;0,0
PVN3514;8936036027877;Swing Chee-Z vị phô mai 2 lớp 56g;Orion;10.000,0;8.900,00;0,0;;;0,0;0,0;gói;;1,0;;;0,0;1;1;0,0
PVN5345;8936036028768;Swing Jumbo vị Tôm hùm cháy tỏi bịch 32g;Orion;6.000,0;5.220,00;0,0;;;0,0;0,0;gói;;1,0;;;0,0;1;1;0,0
PVN8087;8936029421064;Swing vị tảo hàn quốc nướng bịch 50g;Orion;10.000,0;8.900,00;0,0;;;0,0;0,0;bịch;;1,0;;;0,0;1;1;0,0
PVN8458;8936029421934;Swing vị tảo biển hàn quốc bịch 32g;Orion;6.000,0;4.819,00;0,0;;;0,0;0,0;bịch;;1,0;;;0,0;1;1;0,0
PVN8503;8936029422436;Swing maxx xốt gochujang 30g;Orion;6.000,0;5.200,00;0,0;;;0,0;0,0;gói;;1,0;;;0,0;1;1;0,0
PVN8669;8936029422443;Swing Max xốt cay ngọt hàn quốc bịch 52g;Orion;10.000,0;9.200,00;0,0;;;0,0;0,0;bịch;;1,0;;;0,0;1;1;0,0
PVN8834;8936029422795;Swing vị mật ong bơ tỏi bịch 30g;Orion;6.000,0;5.200,00;0,0;;;0,0;0,0;bịch;;1,0;;;0,0;1;1;0,0
PVN9051;8936029422801;Swing vị mật ong bơ tỏi bịch 52g;Orion;10.000,0;9.200,00;0,0;;;0,0;0,0;bịch;;1,0;;;0,0;1;1;0,0
PVN920;8936036025309;Bánh khoai tây Tayo X vị trứng muối 28g;Orion;5.000,0;3.732,00;0,0;;;0,0;0,0;bịch;;1,0;;;0,0;1;1;0,0
PVN921;8936036025293;Bánh khoai tây Tayo X vị tảo ngọt 28g;Orion;5.000,0;3.732,00;0,0;;;0,0;0,0;bịch;;1,0;;;0,0;1;1;0,0
PVN922;8936036026399;Bánh khoai tây Tayo X vị Cola chanh 28g;Orion;5.000,0;4.200,00;0,0;;;0,0;0,0;bịch;;1,0;;;0,0;1;1;0,0
PVN923;8936036020953;Bánh khoai tây O'star vị kim chi 30g;Orion;6.000,0;4.710,00;0,0;;;0,0;0,0;bịch;;1,0;;;0,0;1;1;0,0
PVN924;8936036026955;Bánh O'star vị Phô mai trứng muối 32g;Orion;6.000,0;4.710,00;5,0;;;0,0;0,0;bịch;;1,0;;;0,0;1;1;0,0
PVN926;8936036027075;Bánh khoai tây O'star vị Tự nhiên 36g;Orion;6.000,0;5.200,00;5,0;;;0,0;0,0;bịch;;1,0;;;0,0;1;1;0,0
PVN1711;8936036027082;Bánh O'star vị Tự nhiên bịch 63g;Orion;10.000,0;8.900,00;0,0;;;0,0;0,0;bịch;;1,0;;;0,0;1;1;0,0
PVN1712;8936036021646;Bánh O'star vị Tảo biển 63g;Orion;10.000,0;8.900,00;0,0;;;0,0;0,0;bịch;;1,0;;;0,0;1;1;0,0
PVN1713;8936036021653;Bánh O'star vị kim chi Hàn Quốc 63g;Orion;10.000,0;8.900,00;0,0;;;0,0;0,0;bịch;;1,0;;;0,0;1;1;0,0
PVN1823;8936036026962;Bánh O'star vị Phô mai trứng muối 56g;Orion;10.000,0;8.900,00;0,0;;;0,0;0,0;bịch;;1,0;;;0,0;1;1;0,0
PVN2122;8936036020939;Bánh O'Star vị Tảo biển 36g;Orion;6.000,0;4.710,00;0,0;;;0,0;0,0;bịch;;1,0;;;0,0;1;1;0,0
PVN2651;8936036027570;Bánh O'Star vị Mực nướng cay 32g;Orion;6.000,0;4.800,00;0,0;;;0,0;0,0;bịch;;1,0;;;0,0;1;1;0,0
PVN2652;8936036027594;Bánh O'Star vị Cơm tắm sườn trứng 32g;Orion;6.000,0;4.800,00;0,0;;;0,0;0,0;bịch;;1,0;;;0,0;1;1;0,0
PVN2653;8936036027556;Bánh O'Star vị Thịt thăng trâu gác bếp 32g;Orion;6.000,0;4.800,00;0,0;;;0,0;0,0;bịch;;1,0;;;0,0;1;1;0,0
PVN3459;8936036021738;O'Star vị Kim chi Hàn Quốc 108g;Orion;20.000,0;18.000,00;0,0;;;0,0;0,0;bịch;;1,0;;;0,0;1;1;0,0
PVN3460;8936036021721;O'star vị Tảo biển 108g;Orion;20.000,0;18.000,00;0,0;;;0,0;0,0;bịch;;1,0;;;0,0;1;1;0,0
PVN4787;8936036028423;O'Star vị tôm tempura xốt chua ngọt 32g;Orion;6.000,0;5.200,00;0,0;;;0,0;0,0;bịch;;1,0;;;0,0;1;1;0,0
PVN4788;8936036028317;O'Star vị bò nướng muối hồng Himalaya 32g;Orion;6.000,0;5.200,00;0,0;;;0,0;0,0;bịch;;1,0;;;0,0;1;1;0,0
PVN6586;8936036029741;O'star cua sốt Singapore bịch 30g;Orion;6.000,0;4.820,00;0,0;;;0,0;0,0;bịch;;1,0;;;0,0;1;1;0,0
PVN6832;8936036029758;O'star cua sốt Singapore bịch 52g;Orion;10.000,0;8.900,00;0,0;;;0,0;0,0;bịch;;1,0;;;0,0;1;1;0,0
PVN8086;8936029421057;O'Star vị xốt mayo kiểu hàn quốc bịch 50g;Orion;10.000,0;8.900,00;0,0;;;0,0;0,0;bịch;;1,0;;;0,0;1;1;0,0
PVN8499;8936029421927;O'Star vị sốt Mayo bịch 30g;Orion;6.000,0;4.819,00;0,0;;;0,0;0,0;bịch;;1,0;;;0,0;1;1;0,0
PVN8931;8936029423631;O'star vị tảo biển ngọt bịch 33g;Orion;6.000,0;4.710,00;0,0;;;0,0;0,0;bịch;;1,0;;;0,0;1;1;0,0
PVN9009;8936029422764;O'star vị bơ mật ong bịch 30g;Orion;6.000,0;4.200,00;0,0;;;0,0;0,0;bịch;;1,0;;;0,0;1;1;0,0
PVN9122;8936029422771;O'star vị bơ mật ong bịch 52g;Orion;10.000,0;8.900,00;0,0;;;0,0;0,0;bịch;;1,0;;;0,0;1;1;0,0
PVN9398;8936029423655;O'star vị tảo biển ngọt bịch 55g;Orion;10.000,0;8.900,00;0,0;;;0,0;0,0;bịch;;1,0;;;0,0;1;1;0,0
PVN9433;8936029425543;O'star vị thịt nướng bbq hộp 100g;Orion;28.000,0;23.500,00;0,0;;;0,0;0,0;hộp;;1,0;;;0,0;1;1;0,0
TKC1;TKC1;Sữa TopKid hương cam hộp 110ml;TH TRUE MILK;6.000,0;4.247,00;15,0;;;0,0;0,0;hộp;;1,0;;;0,0;1;1;0,0
TKC1-1;8935217414420;Sữa TopKid hương cam hộp 110ml;TH TRUE MILK;20.000,0;16.988,00;3,750;;;0,0;0,0;lóc;TKC1;4,0;;TKC1;0,0;1;1;0,0
TKC1-2;TKC1T;Sữa TopKid hương cam hộp 110ml;TH TRUE MILK;214.000,0;203.856,00;0,313;;;0,0;0,0;thùng;TKC1;48,0;;TKC1;0,0;1;1;0,0
TKD1;TKD1;Sữa TopKid hương dâu hộp 110ml;TH TRUE MILK;6.000,0;4.247,00;0,0;;;0,0;0,0;hộp;;1,0;;;0,0;1;1;0,0
TKD1-1;8935217414123;Sữa TopKid hương dâu hộp 110ml;TH TRUE MILK;20.000,0;16.988,00;0,0;;;0,0;0,0;lóc;TKD1;4,0;;TKD1;0,0;1;1;0,0
TKD1-2;TKD1T;Sữa TopKid hương dâu hộp 110ml;TH TRUE MILK;210.000,0;203.856,00;0,0;;;0,0;0,0;thùng;TKD1;48,0;;TKD1;0,0;1;1;0,0
TKC18;TKC18;Sữa TopKid hương cam hộp 180ml;TH TRUE MILK;8.000,0;6.650,00;0,0;;;0,0;0,0;hộp;;1,0;;;0,0;1;1;0,0
TKC18-1;8935217414413;Sữa TopKid hương cam hộp 180ml;TH TRUE MILK;30.000,0;26.600,00;0,0;;;0,0;0,0;lóc;TKC18;4,0;;TKC18;0,0;1;1;0,0
TKC18-2;TKC18T;Sữa TopKid hương cam hộp 180ml;TH TRUE MILK;332.000,0;319.200,00;0,0;;;0,0;0,0;thùng;TKC18;48,0;;TKC18;0,0;1;1;0,0
TKD18;TKD18;Sữa TopKid hương dâu hộp 180ml;TH TRUE MILK;8.000,0;6.788,00;0,0;;;0,0;0,0;hộp;;1,0;;;0,0;1;1;0,0
TKD18-1;8935217414116;Sữa TopKid hương dâu hộp 180ml;TH TRUE MILK;30.000,0;27.152,00;0,0;;;0,0;0,0;lóc;TKD18;4,0;;TKD18;0,0;1;1;0,0
TKD18-2;TKD18T;Sữa TopKid hương dâu hộp 180ml;TH TRUE MILK;332.000,0;325.824,00;0,0;;;0,0;0,0;thùng;TKD18;48,0;;TKD18;0,0;1;1;0,0
sm-115-56363;8850006933022;KDR Colgate Vitamin C ngừa sâu răng thơm mát 170g;Colgate;28.000,0;26.500,00;2,0;;;0,0;0,0;tuýp;;1,0;;;0,0;1;1;0,0
sm-115-56364;8850006933015;KDR Colgate Vitamin C 90g;Colgate;16.000,0;13.500,00;2,0;;;0,0;0,0;tuýp;;1,0;;;0,0;1;1;0,0
8850006933183;8850006933183;Kem đánh răng Colgate Maxfresh 180g;Colgate;33.000,0;28.000,00;2,0;;;0,0;0,0;cây;;1,0;;;0,0;1;1;0,0
PVN906;8850006958117;KDR Colgate NSR hương bạc hà the mát hộp 225g;Colgate;38.000,0;34.000,00;2,0;;;0,0;0,0;hộp;;1,0;;;0,0;1;1;0,0
PVN979;6920354820533;Kem đánh răng Colgate thiên nhiên trắng tinh khôi 180g;Colgate;42.000,0;36.000,00;2,0;;;0,0;0,0;cây;;1,0;;;0,0;1;1;0,0
PVN980;6920354820540;Kem đánh răng Colgate thiên nhiên thơm mát thuần khiết 180g;Colgate;42.000,0;37.000,00;2,0;;;0,0;0,0;cây;;1,0;;;0,0;1;1;0,0
PVN1437;8850006932322;KDR Colgate MaxFresh hương Bạc Hà hộp 225g;Colgate;43.000,0;40.000,00;2,0;;;0,0;0,0;cây;;1,0;;;0,0;1;1;0,0
PVN1438;8850006932346;KDR Colgate MaxFresh hương Trà xanh 225g;Colgate;43.000,0;40.000,00;2,0;;;0,0;0,0;cây;;1,0;;;0,0;1;1;0,0
PVN1439;8850006932292;KDR Colgate MaxFresh hương bạc hà hộp 180g;Colgate;38.000,0;34.000,00;2,0;;;0,0;0,0;cây;;1,0;;;0,0;1;1;0,0
PVN1440;6920354823916;KDR Colgate MaxFresh Than tre Hàn Quốc 180g;Colgate;40.000,0;36.000,00;2,0;;;0,0;0,0;cây;;1,0;;;0,0;1;1;0,0
PVN1441;8850006932278;KDR Colgate trẻ em hương dâu hộp 40g;Colgate;10.000,0;7.500,00;2,0;;;0,0;0,0;cây;;1,0;;;0,0;1;1;0,0
PVN1442;8935102106386;KDR Colgate Total bạc hà tinh khiết hộp 170g;Colgate;48.000,0;44.000,00;2,0;;;0,0;0,0;cây;;1,0;;;0,0;1;1;0,0
PVN2766;8850006343296;KDR Colgate Muối thảo dược 225g;Colgate;38.000,0;34.500,00;2,0;;;0,0;0,0;hộp;;1,0;;;0,0;1;1;0,0
8850006932179;8850006932179;KDR Colgate NSR hương bạc hà the mát hộp 180g;Colgate;29.000,0;26.500,00;2,0;;;0,0;0,0;cây;;1,0;;;0,0;1;1;0,0
6920354811852;6920354814471;KĐR Colgate optic white 100g;Colgate;52.000,0;40.000,00;2,0;;;0,0;0,0;tuýp;;1,0;;;0,0;1;1;0,0
PVN5016;8850006932315;KDR Colgate Maxfresh hương trà xanh 180g;Colgate;38.000,0;34.000,00;2,0;;;0,0;0,0;cây;;1,0;;;0,0;1;1;0,0
PVN5188;8935102114398;BCDR Colgate Premier clean charcoal;Colgate;14.000,0;11.000,00;2,0;;;0,0;0,0;cây;;1,0;;;0,0;1;1;0,0
PVN5190;8935236000666;BCDR Colgate mềm mảnh chăm sóc nướu;Colgate;21.000,0;17.800,00;2,0;;;0,0;0,0;cây;;1,0;;;0,0;1;1;0,0
PVN5587;8850006930977;KDR Colgate trẻ em vị dâu 40g;Colgate;19.000,0;15.000,00;2,0;;;0,0;0,0;cây;;1,0;;;0,0;1;1;0,0
PVN5772;8850006946121;KDR Colgate MaxFresh hương đào hộp 225g;Colgate;43.000,0;39.000,00;2,0;;;0,0;0,0;cây;;1,0;;;0,0;1;1;0,0
PVN6847;6920354824845;KDR Colgate Maxwhite hộp 137g;Colgate;36.000,0;32.000,00;2,0;;;0,0;0,0;cây;;1,0;;;0,0;1;1;0,0
PVN7412;6920354827792;KDR Colgate MaxFresh tinh chất than tre hộp 225g;Colgate;43.000,0;40.000,00;1,0;;;0,0;0,0;hộp;;1,0;;;0,0;1;1;0,0
PVN7750;6920354837180;Colgate MaxWhite hộp 170g;Colgate;42.000,0;38.000,00;1,0;;;0,0;0,0;hộp;;1,0;;;0,0;1;1;0,0
PVN7901;6920354836930;KDR Colgate Optic White Purple hộp 100g;Colgate;50.000,0;44.000,00;1,0;;;0,0;0,0;hộp;;1,0;;;0,0;1;1;0,0
PVN8381;6920354828393;KDR Colgate muối Himalaya trắng khỏe hộp 180g;Colgate;46.000,0;42.000,00;1,0;;;0,0;0,0;hộp;;1,0;;;0,0;1;1;0,0
8850006325636;8850006325636;KĐR Colgate Total active fresh hộp 150g;Colgate;48.000,0;44.000,00;1,0;;;0,0;0,0;hộp;;1,0;;;0,0;1;1;0,0
8935102106409;8935102106409;KĐR Colgate total CLN MNT hộp 170g;Colgate;48.000,0;44.000,00;1,0;;;0,0;0,0;hộp;;1,0;;;0,0;1;1;0,0
PVN8917;4710168714812;BCĐR Colgate bé 5-9 tuổi;Colgate;33.000,0;28.000,00;1,0;;;0,0;0,0;cây;;1,0;;;0,0;1;1;0,0
PVN8918;8935236000352;BCĐR Colgate kid;Colgate;20.000,0;18.000,00;1,0;;;0,0;0,0;cây;;1,0;;;0,0;1;1;0,0
PVN8919;8850006332542;BCĐR Colgate Flex clean Charcoal;Colgate;48.000,0;43.000,00;1,0;;;0,0;0,0;cây;;1,0;;;0,0;1;1;0,0
PVN8920;8935102114244;BCĐR Colgate Slimsoft advanced phủ khoáng;Colgate;42.000,0;38.000,00;1,0;;;0,0;0,0;cây;;1,0;;;0,0;1;1;0,0
PVN8921;8935102114053;BCĐR Colgate lõi kép siêu mảnh -êm dịu nướu;Colgate;42.000,0;38.500,00;1,0;;;0,0;0,0;cây;;1,0;;;0,0;1;1;0,0
PVN8922;8935102114459;BCĐR Colgate in- between charcoal;Colgate;26.000,0;23.000,00;1,0;;;0,0;0,0;cây;;1,0;;;0,0;1;1;0,0
PVN8923;81043378;BCĐR Colgate Slim soft charcoal;Colgate;40.000,0;36.000,00;1,0;;;0,0;0,0;cây;;1,0;;;0,0;1;1;0,0
PVN8924;8935236000031;BCĐR Colgate premier clean mềm;Colgate;8.000,0;6.800,00;1,0;;;0,0;0,0;cây;;1,0;;;0,0;1;1;0,0
PVN8925;8935236000642;BCĐR Colgate premier mềm mịn;Colgate;11.000,0;9.500,00;1,0;;;0,0;0,0;cây;;1,0;;;0,0;1;1;0,0
8850006331866;8850006331866;BCĐR COLGATE BETWEEN CHARCOAL;Colgate;38.000,0;37.000,00;1,0;;;0,0;0,0;cây;;1,0;;;0,0;1;1;0,0
8935236000253;8935236000253;BCĐR Colgate BỘ 3 cây;Colgate;45.000,0;36.000,00;1,0;;;0,0;0,0;cây;;1,0;;;0,0;1;1;0,0
PVN9227;8935236000291;BCĐR Colgate siêu mềm mảnh;Colgate;21.000,0;17.000,00;1,0;;;0,0;0,0;cây;;1,0;;;0,0;1;1;0,0
6920354841460;6920354841460;KĐR Colgate OPTIC WHITE PURPLE 150G;Colgate;50.000,0;45.000,00;1,0;;;0,0;0,0;cây;;1,0;;;0,0;1;1;0,0
PVN9556;6920354827464;KĐR Colgate Maxfresh tinh chất than tre tuýp 180g;Colgate;40.000,0;34.000,00;1,0;;;0,0;0,0;cây;;1,0;;;0,0;1;1;0,0
PVN7837;8936136163185;Nước khoáng tự nhiên Vivant chai 500ml;Chinsu;5.000,0;3.000,00;0,0;;;0,0;0,0;chai;;1,0;;;0,0;1;1;0,0
PVN7837-1;PVN7838;Nước khoáng tự nhiên Vivant chai 500ml;Chinsu;24.000,0;18.000,00;0,0;;;0,0;0,0;lóc;PVN7837;6,0;;PVN7837;0,0;1;1;0,0
PVN7837-2;PVN7839;Nước khoáng tự nhiên Vivant chai 500ml;Chinsu;78.000,0;72.000,00;0,0;;;0,0;0,0;thùng;PVN7837;24,0;;PVN7837;0,0;1;1;0,0
PVN6559;8935217414321;Sữa TopKid hương dâu chuối lúa mạch hộp 110ml;;6.000,0;4.330,00;4,0;;;0,0;0,0;hộp;;1,0;;;0,0;1;1;0,0
PVN6559-1;PVN6560;Sữa TopKid hương dâu chuối lúa mạch hộp 110ml;;20.000,0;17.320,00;1,0;;;0,0;0,0;lóc;PVN6559;4,0;;PVN6559;0,0;1;1;0,0
PVN373;8936079121525;Bánh Lay's vị kem chua hành 30g;Lays;6.000,0;5.200,00;0,0;;;0,0;0,0;bịch;;1,0;;;0,0;1;1;0,0
PVN374;8936079120061;Bánh Lay's vị tảo biển Nori;Lays;6.000,0;5.200,00;0,0;;;0,0;0,0;bịch;;1,0;;;0,0;1;1;0,0
PVN375;8936079120047;Bánh Lay's vàng vị khoai tây tự nhiên bịch 32g;Lays;6.000,0;5.200,00;0,0;;;0,0;0,0;bịch;;1,0;;;0,0;1;1;0,0
PVN376;8936079121754;Bánh Lays vi thăng bò nướng Texas;Lays;6.000,0;5.200,00;0,0;;;0,0;0,0;bịch;;1,0;;;0,0;1;1;0,0
sm-63-45324;8936079120054;Bánh Lay's cam vị Sườn nướng gói 35g;Lays;6.000,0;5.200,00;0,0;;;0,0;0,0;bịch;;1,0;;;0,0;1;1;0,0
sm-63-25558;8936079121679;Khoai tây chiên Lay's nâu vị mực tẩm cay Thái Wavy 29g;Lays;6.000,0;4.950,00;0,0;;;0,0;0,0;gói;;1,0;;;0,0;1;1;0,0
sm-63-57242;8936079121105;Lay's vị Phô mai Cheddar gói 32g;Lays;6.000,0;5.200,00;0,0;;;0,0;0,0;gói;;1,0;;;0,0;1;1;0,0
sm-63-56421;8850718804573;Bánh Snack Lay's Stax kem chua 100g;Lays;30.000,0;27.000,00;0,0;;;0,0;0,0;hộp;;1,0;;;0,0;1;1;0,0
sm-63-25563;8850718803873;Khoai tây chiên Lay's vị tôm hùm cay Stax 105g;Lays;30.000,0;27.000,00;0,0;;;0,0;0,0;hộp;;1,0;;;0,0;1;1;0,0
sm-63-44366;8850718808410;Khoai tây chiên Lay's Hot Chili Squid vị mực cay 105g;Lays;30.000,0;27.000,00;0,0;;;0,0;0,0;hộp;;1,0;;;0,0;1;1;0,0
sm-63-25564;8850718803347;Khoai tây chiên Lay's vị tự nhiên Stax 105g;Lays;30.000,0;27.000,00;0,0;;;0,0;0,0;hộp;;1,0;;;0,0;1;1;0,0
sm-63-25554;8936079120115;Bánh Lay's xanh lá vị tảo biển Nori 63g;Lays;10.000,0;8.200,00;0,0;;;0,0;0,0;gói;;1,0;;;0,0;1;1;0,0
sm-63-57244;8936079121112;Snack khoai tây Lay's Wavy vị phô mai Cheddar 52g;Lays;10.000,0;7.455,00;0,0;;;0,0;0,0;gói;;1,0;;;0,0;1;1;0,0
sm-63-25552;8936079120092;Khoai tây chiên Lay's vàng vị tự nhiên Classic 52g;Lays;10.000,0;8.200,00;0,0;;;0,0;0,0;gói;;1,0;;;0,0;1;1;0,0
PVN600;8936079121785;Bánh Lays vị kim chi Seoul 30g;Lays;6.000,0;4.438,00;0,0;;;0,0;0,0;gói;;1,0;;;0,0;1;1;0,0
PVN915;8936079120108;Bánh khoai tây Lays cam vị sườn nướng BBQ Brazil 52g;Lays;10.000,0;8.200,00;0,0;;;0,0;0,0;bịch;;1,0;;;0,0;1;1;0,0
PVN916;8936079121761;Bánh khoai tây Lays đỏ vị Thăn bò nướng Texas 52g;Lays;10.000,0;8.200,00;0,0;;;0,0;0,0;bịch;;1,0;;;0,0;1;1;0,0
PVN917;8936079121792;Bánh khoai tây Lays hồng vị Kim chi Seoul 52g;Lays;10.000,0;7.455,00;0,0;;;0,0;0,0;bịch;;1,0;;;0,0;1;1;0,0
PVN943;8936079121655;Bánh khoai tây Lay's vị Kem chua 30g;Lays;20.000,0;15.620,00;0,0;;;0,0;0,0;bịch;;1,0;;;0,0;1;1;0,0
PVN944;8936079120139;Bánh khoai tây Lay's vị tự nhiên 95g;Lays;20.000,0;16.400,00;0,0;;;0,0;0,0;bịch;;1,0;;;0,0;1;1;0,0
PVN1075;8936079121020;Bánh Lay's xanh lá vị Tảo biển Nori 95g;Lays;20.000,0;15.620,00;0,0;;;0,0;0,0;bịch;;1,0;;;0,0;1;1;0,0
9556174816462;9556174816462;Lay's vị tự nhiên hũ 160g;Lays;42.000,0;37.500,00;0,0;;;0,0;0,0;ống;;1,0;;;0,0;1;1;0,0
9556174816479;9556174816479;Lay's stax vị kem chua hành hũ 160g;Lays;42.000,0;37.500,00;0,0;;;0,0;0,0;ống;;1,0;;;0,0;1;1;0,0
PVN1919;8936079122218;Lay's wavy vị cua sốt XO 35g;Lays;6.000,0;5.200,00;0,0;;;0,0;0,0;bịch;;1,0;;;0,0;1;1;0,0
PVN1946;8936079123864;Bánh lays vị kem chua hành 42g;Lays;10.000,0;7.455,00;0,0;;;0,0;0,0;bịch;;1,0;;;0,0;1;1;0,0
PVN2450;8936079122225;Bánh lay's vị cua xốt XO 63g;Lays;10.000,0;8.200,00;0,0;;;0,0;0,0;bịch;;1,0;;;0,0;1;1;0,0
PVN2451;8936079121167;Bánh Lays phô mai 95g;Lays;20.000,0;16.400,00;0,0;;;0,0;0,0;bịchk;;1,0;;;0,0;1;1;0,0
PVN2452;8936079121686;Lays mực tẩm cay thái 63g;Lays;10.000,0;8.200,00;0,0;;;0,0;0,0;bịch;;1,0;;;0,0;1;1;0,0
8936079122270;8936079122270;Lay's gà cay phô mai hàn quốc 32g;Lays;6.000,0;5.200,00;0,0;;;0,0;0,0;gói;;1,0;;;0,0;1;1;0,0
8936079122287;8936079122287;Lay's Vị gà cay phô mai hàn quốc 63g;Lays;10.000,0;8.200,00;0,0;;;0,0;0,0;bịch;;1,0;;;0,0;1;1;0,0
PVN2753;9556174816547;Lay's Vị sườn nướng BBQ hũ 160G;Lays;40.000,0;37.500,00;0,0;;;0,0;0,0;lon;;1,0;;;0,0;1;1;0,0
PVN2754;PVN2754;Lay's vị kem chua hành 160g;Lays;40.000,0;37.500,00;0,0;;;0,0;0,0;lon;;1,0;;;0,0;1;1;0,0
PVN3022;9556174816653;Lay's stax vị tôm hùm nướng ngũ vị hũ 160g;Lays;42.000,0;37.500,00;0,0;;;0,0;0,0;hũ;;1,0;;;0,0;1;1;0,0
PVN3381;8936079121693;Lay's nâu vị Mực tẩm cay thái 95g;Lays;20.000,0;16.400,00;0,0;;;0,0;0,0;bịch;;1,0;;;0,0;1;1;0,0
PVN3382;8936079121013;Lay's cam vị Sườn nướng BBQ Brazil 95g;Lays;20.000,0;16.400,00;0,0;;;0,0;0,0;bịch;;1,0;;;0,0;1;1;0,0
PVN4629;8936079122423;Lay's hồng vị Tôm hùm xốt trứng muối 56g;Lays;10.000,0;8.900,00;0,0;;;0,0;0,0;gói;;1,0;;;0,0;1;1;0,0
PVN4825;8936079122416;Lay's hồng vị tôm hùm xốt trứng muối hoàng kim 32g;Lays;6.000,0;5.200,00;0,0;;;0,0;0,0;gói;;1,0;;;0,0;1;1;0,0
PVN5185;8936079122973;Lay's vị muối nguyên bản 56g;Lays;10.000,0;8.900,00;0,0;;;0,0;0,0;gói;;1,0;;;0,0;1;1;0,0
PVN5186;8936079123260;Lay's vị nấm Truffe 45g;Lays;10.000,0;8.900,00;0,0;;;0,0;0,0;gói;;1,0;;;0,0;1;1;0,0
PVN5211;8936079122966;Lay's vị muối nguyên bản 32g;Lays;6.000,0;5.200,00;0,0;;;0,0;0,0;gói;;1,0;;;0,0;1;1;0,0
PVN5487;8936079123246;Lay's vị bò Wagyu 45g;Lays;10.000,0;8.900,00;0,0;;;0,0;0,0;bịch;;1,0;;;0,0;1;1;0,0
PVN5916;8936079123338;Lay's vị sườn nướng BBQ Brazil bịch 82g;Lays;20.000,0;18.200,00;0,0;;;0,0;0,0;bịch;;1,0;;;0,0;1;1;0,0
PVN5987;8936079123789;Bánh Lay's My Chiu vị tự nhiên bịch 34g;Lays;6.000,0;5.200,00;0,0;;;0,0;0,0;bịch;;1,0;;;0,0;1;1;0,0
PVN6174;PVN6174;Kẹo Playmore vị bạc hà chai 22g - hộp;Playmore;157.000,0;147.934,00;0,0;;;0,0;0,0;hộp;;1,0;;;0,0;1;1;0,0
PVN6173;8859578600882;Kẹo Playmore vị bạc hà chai 22g;Playmore;28.000,0;24.000,00;0,0;;;0,0;0,0;chai;;1,0;;;0,0;1;1;0,0
PVN6176;PVN6176;Kẹo Playmore vị dâu chai 22g - hộp;Playmore;157.000,0;147.936,00;0,0;;;0,0;0,0;hộp;;1,0;;;0,0;1;1;0,0
PVN6175;8859578602541;Kẹo Playmore vị dâu chai 22g;Playmore;28.000,0;25.000,00;0,0;;;0,0;0,0;chai;;1,0;;;0,0;1;1;0,0
PVN6178;8859578601438;Kẹo Playmore vị anh đào chai 22g - hộp;Playmore;157.000,0;147.936,00;0,0;;;0,0;0,0;hộp;;1,0;;;0,0;1;1;0,0
PVN6177;8859578601421;Kẹo Playmore vị anh đào chai 22g;Playmore;28.000,0;25.000,00;0,0;;;0,0;0,0;chai;;1,0;;;0,0;1;1;0,0
PVN6179;8859578600318;Kẹo Playmore vị táo xanh chai 22g;Playmore;28.000,0;24.000,00;0,0;;;0,0;0,0;chai;;1,0;;;0,0;1;1;0,0
PVN6180;8859578600370;Kẹo Playmore vị chanh muối chai 22g;Playmore;28.000,0;24.000,00;0,0;;;0,0;0,0;chai;;1,0;;;0,0;1;1;0,0
PVN6181;8859578600820;Kẹo Playmore vị nho chai 22g;Playmore;28.000,0;25.000,00;0,0;;;0,0;0,0;chai;;1,0;;;0,0;1;1;0,0
PVN6182;8859578600288;Kẹo Playmore vị xí muội chai 22g;Playmore;28.000,0;24.000,00;0,0;;;0,0;0,0;chai;;1,0;;;0,0;1;1;0,0
PVN6183;8859578600257;Kẹo Playmore vị dưa hấu chai 22g;Playmore;28.000,0;25.000,00;0,0;;;0,0;0,0;chai;;1,0;;;0,0;1;1;0,0
PVN6184;8859578605108;Kẹo Playmore vị berry chai 22g;Playmore;28.000,0;24.000,00;0,0;;;0,0;0,0;chai;;1,0;;;0,0;1;1;0,0
PVN6320;8936079123765;Lay's My Chiu vị sườn nướng BBQ bịch 30g;Lays;6.000,0;5.200,00;0,0;;;0,0;0,0;bịch;;1,0;;;0,0;1;1;0,0
PVN6474;8850718819119;Lays stax hot & Spicy Flavor 100g;Lays;30.000,0;27.000,00;0,0;;;0,0;0,0;hộp;;1,0;;;0,0;1;1;0,0
PVN6475;8850718819102;Lays Stax vị thịt nướng BBQ 100G;Lays;30.000,0;27.000,00;0,0;;;0,0;0,0;lon;;1,0;;;0,0;1;1;0,0
PVN6663;8936079123826;Lay's max vị bò Wagyu bịch 42g;Lays;10.000,0;8.000,00;0,0;;;0,0;0,0;bịch;;1,0;;;0,0;1;1;0,0
PVN6729;8936079123666;Lay's wavy 2in1 vị bò nướng & kim chi bịch 45g;Lays;10.000,0;8.500,00;0,0;;;0,0;0,0;bịch;;1,0;;;0,0;1;1;0,0
PVN6745;8936079123840;Lay's vị bấm truffle bịch 42g;Lays;10.000,0;8.500,00;0,0;;;0,0;0,0;bịch;;1,0;;;0,0;1;1;0,0
PVN7120;8936079124229;Lay's vị tôm càng đút lò phô mai tan chảy bịch 54g;Lays;10.000,0;8.900,00;0,0;;;0,0;0,0;bịch;;1,0;;;0,0;1;1;0,0
PVN7476;8859578600646;Kẹo dẻo cuộn Playmore vị dâu gói 21g;Playmore;12.000,0;10.000,00;0,0;;;0,0;0,0;gói;;1,0;;;0,0;1;1;0,0
PVN7477;8859578600585;Kẹo dẻo cuộn Playmore vị dưa hấu gói 21g;Playmore;12.000,0;10.000,00;0,0;;;0,0;0,0;gói;;1,0;;;0,0;1;1;0,0
PVN7478;8859578600615;Kẹo dẻo cuộn Playmore vị nho gói 21g;Playmore;12.000,0;10.000,00;0,0;;;0,0;0,0;gói;;1,0;;;0,0;1;1;0,0
PVN7538;8936079124212;Lay's vị tôm càng đút lò phô mai tan chảy bịch 30g;Lays;6.000,0;5.200,00;0,0;;;0,0;0,0;bịch;;1,0;;;0,0;1;1;0,0
8850718820573;8850718820573;Lay's Stax vị tự nhiên hộp 65g;Lays;26.000,0;21.900,00;0,0;;;0,0;0,0;lon;;1,0;;;0,0;1;1;0,0
PVN7592;8936079124243;Lay's hương vị lẩu tôm yum chua cay gói 28g;Lays;6.000,0;4.800,00;0,0;;;0,0;0,0;bịch;;1,0;;;0,0;1;1;0,0
PVN7984;8936079124465;Lay's vị phở bò Hà Nội bịch 52g;Lays;10.000,0;8.900,00;0,0;;;0,0;0,0;gói;;1,0;;;0,0;1;1;0,0
PVN8051;8859578600790;Kẹo Play more không đường vị nho 12g;Playmore;10.000,0;8.500,00;0,0;;;0,0;0,0;bịch;;1,0;;;0,0;1;1;0,0
PVN8052;8859578600400;Kẹo Play more không đường vị dưa hấu 12g;Playmore;10.000,0;8.500,00;0,0;;;0,0;0,0;bịch;;1,0;;;0,0;1;1;0,0
PVN8370;8850718820580;Khoai tây lon LAYS STAX tôm hùm 65G;Lays;26.000,0;21.900,00;0,0;;;0,0;0,0;LON;;1,0;;;0,0;1;1;0,0
PVN8371;8850718820597;Khoai tây lon LAYS STAX kem hành 65g;Lays;26.000,0;21.900,00;0,0;;;0,0;0,0;lon;;1,0;;;0,0;1;1;0,0
PVN9471;8936079125387;Lays stax vị tự nhiên lon 100g;Lays;30.000,0;25.412,00;0,0;;;0,0;0,0;lon;;1,0;;;0,0;1;1;0,0
PVN9472;8936079125394;Lays Stax vị tôm hùm nướng ngũ vị lon 100g;Lays;30.000,0;25.412,00;0,0;;;0,0;0,0;lon;;1,0;;;0,0;1;1;0,0
PVN9473;8936079125493;Lays Stax vị kem chua hành tây lon 42g;Lays;18.000,0;15.000,00;0,0;;;0,0;0,0;hộp;;1,0;;;0,0;1;1;0,0
PVN9474;8936079125486;Lays stax tôm nướng ngũ vị lon 42g;Lays;18.000,0;15.000,00;0,0;;;0,0;0,0;lon;;1,0;;;0,0;1;1;0,0
PVN9475;8936079125509;Lays stax vị tự nhiên lon 42g;Lays;18.000,0;15.000,00;0,0;;;0,0;0,0;lon;;1,0;;;0,0;1;1;0,0
PVN9476;8850718822812;Lays stax vị phô mai cheddar kiểu anh quốc lon 42g;Lays;18.000,0;15.000,00;0,0;;;0,0;0,0;lon;;1,0;;;0,0;1;1;0,0
PVN9477;8936079125455;Lay Stax kem chua & hành tây lon 150g;Lays;37.000,0;33.000,00;0,0;;;0,0;0,0;lon;;1,0;;;0,0;1;1;0,0
PVN9478;8936079126063;Lay Stax vị tự nhiên lon 150g;Lays;37.000,0;33.000,00;0,0;;;0,0;0,0;lon;;1,0;;;0,0;1;1;0,0
PVN5618;8934952005962;Bánh mì Kido vị gà nướng xốt hồng kông bịch 55g;Kido;10.000,0;8.100,00;0,0;;;0,0;0,0;bịch;;1,0;;;0,0;1;1;0,0
PVN5619;8934952006044;Bành mì đài loan Kido phô mai Castella gói 40g;Kido;10.000,0;8.100,00;0,0;;;0,0;0,0;bịch;;1,0;;;0,0;1;1;0,0
PVN5620;8934952005511;Bành mì Kido chà bông xốt Singapore gói 55g;Kido;10.000,0;8.100,00;0,0;;;0,0;0,0;bịch;;1,0;;;0,0;1;1;0,0
PVN6234;8934952006426;Bánh Kido đậu xanh sầu riêng bịch;Kido;7.000,0;5.500,00;0,0;;;0,0;0,0;bịch;;1,0;;;0,0;1;1;0,0
PVN6235;8934952006419;Bánh Kido đậu đỏ kiểu nhật bịch;Kido;7.000,0;5.500,00;0,0;;;0,0;0,0;bịch;;1,0;;;0,0;1;1;0,0
PVN6463;8934952005948;Bánh mì hoa cúc Kido bịch 80g;Kido;14.000,0;12.000,00;0,0;;;0,0;0,0;bịch;;1,0;;;0,0;1;1;0,0
PVN6740;8934952006457;Bánh mì Kido vị socola bịch 55g;Kido;8.000,0;6.500,00;0,0;;;0,0;0,0;bịch;;1,0;;;0,0;1;1;0,0
PVN6741;8934952006433;Bành mì Kido vị kem lá dứa bịch 80g;Kido;10.000,0;8.500,00;0,0;;;0,0;0,0;bịch;;1,0;;;0,0;1;1;0,0
PVN6742;8934952006440;Bánh mì Kido vị dâu việt quốc bịch 80g;Kido;10.000,0;8.500,00;0,0;;;0,0;0,0;bịch;;1,0;;;0,0;1;1;0,0
PVN6752;8934952006464;Bánh mì Kido vị bơ sữa bịch 55g;Kido;8.000,0;6.000,00;0,0;;;0,0;0,0;bịch;;1,0;;;0,0;1;1;0,0
PVN6947;8934952006518;Bánh Kido bông lan trứng chà bông bịch 50g;Kido;10.000,0;8.500,00;0,0;;;0,0;0,0;bịch;;1,0;;;0,0;1;1;0,0
PVN7012;8934952006525;Bánh Kido hương nho việt quất bịch 80g;Kido;10.000,0;8.500,00;0,0;;;0,0;0,0;bịch;;1,0;;;0,0;1;1;0,0
PVN7396;8934952007300;KIDO xúc xích sốt pizza ý 55g;Kido;10.000,0;8.800,00;0,0;;;0,0;0,0;bịch;;1,0;;;0,0;1;1;0,0
8934680040136;8934680040136;BMT KĐ ổ sữa bịch 80g;Kinh Đô;8.000,0;7.100,00;0,0;;;0,0;0,0;bịch;;1,0;;;0,0;1;1;0,0
8934680044264;8934680044264;BMT KĐ ổ dài vị bơ sữa 90g;Kinh Đô;9.000,0;8.000,00;0,0;;;0,0;0,0;bịch;;1,0;;;0,0;1;1;0,0
8934680044349;8934680044349;BMT KĐ ổ dài vị Socola 90g;Kinh Đô;9.000,0;7.900,00;0,0;;;0,0;0,0;bịch;;1,0;;;0,0;1;1;0,0
8934680043748;8934680043748;BMT KĐ vị Chà bông 80g;Kinh Đô;10.000,0;9.000,00;0,0;;;0,0;0,0;bịch;;1,0;;;0,0;1;1;0,0
PVN4654;8934680044387;BMT KĐ ổ dài nhân khoai môn 90g;Kinh Đô;9.000,0;8.000,00;0,0;;;0,0;0,0;bịch;;1,0;;;0,0;1;1;0,0
PVN4675;8934680046145;BMT Kinh Đô Gà sốt thái cay 60g;Kinh Đô;10.000,0;9.000,00;0,0;;;0,0;0,0;bịch;;1,0;;;0,0;1;1;0,0
8934680045421;8934680045421;BMT KĐ Sandwich chà bông gói 50g;Kinh Đô;7.000,0;5.800,00;0,0;;;0,0;0,0;bịch;;1,0;;;0,0;1;1;0,0
PVN5748;8934952005528;BMT Kido's trân châu lava trứng muối;Kido;10.000,0;8.100,00;0,0;;;0,0;0,0;bịch;;1,0;;;0,0;1;1;0,0
PVN5749;8934952005955;BMT Kido's Tokoyaki xốt Nhật Bản;Kido;10.000,0;8.100,00;0,0;;;0,0;0,0;bịch;;1,0;;;0,0;1;1;0,0
PVN6712;8934680043199;BMT KĐ vị lá dứa bịch 40g;Kinh Đô;7.000,0;6.000,00;0,0;;;0,0;0,0;bịch;;1,0;;;0,0;1;1;0,0
PVN6751;8934680046909;BMT Kinh Đô burger gà bịch 70g;Kinh Đô;10.000,0;9.000,00;0,0;;;0,0;0,0;bịch;;1,0;;;0,0;1;1;0,0
PVN7266;8934680046978;BMT KĐ vị Gà xốt thái cay gói 55g;Kinh Đô;13.000,0;12.000,00;0,0;;;0,0;0,0;bịch;;1,0;;;0,0;1;1;0,0
PVN7323;8934680043144;BMT KĐ nhân socola bịch 40g;Kido;7.000,0;6.000,00;0,0;;;0,0;0,0;bịch;;1,0;;;0,0;1;1;0,0
PVN8453;8934952007423;BMT Kido vị bơ sữa bịch 80g;Kinh Đô;10.000,0;8.075,00;0,0;;;0,0;0,0;bịch;;1,0;;;0,0;1;1;0,0
PVN9406;8934680047289;BMT KD ổ dài vị cà phê sữa dừa bịch 90g;Kinh Đô;9.000,0;7.900,00;0,0;;;0,0;0,0;bịch;;1,0;;;0,0;1;1;0,0
PVN1631;8936048474577;Trà Mật ong Boncha vị việt quốc chai 450ml;Boncha;9.000,0;6.910,00;0,0;;;0,0;0,0;chai;;1,0;;;0,0;1;1;0,0
PVN1631-1;PVN1631;Trà Mật ong Boncha vị việt quốc chai 450ml;Boncha;48.000,0;41.460,00;0,0;;;0,0;0,0;lóc;PVN1631;6,0;;PVN1631;0,0;1;1;0,0
PVN1631-2;PVN1632;Trà Mật ong Boncha vị việt quốc chai 450ml;Boncha;180.000,0;165.840,00;0,0;;;0,0;0,0;thùng;PVN1631;24,0;;PVN1631;0,0;1;1;0,0
PVN1629;8936048474539;Trà mật ong Boncha vị chanh chai 450ml;Boncha;9.000,0;6.905,00;0,0;;;0,0;0,0;chai;;1,0;;;0,0;1;1;0,0
PVN1629-1;PVN1629;Trà mật ong Boncha vị chanh chai 450ml;Boncha;48.000,0;41.430,00;0,0;;;0,0;0,0;lóc;PVN1629;6,0;;PVN1629;0,0;1;1;0,0
PVN1629-2;PVN1630;Trà mật ong Boncha vị chanh chai 450ml;Boncha;180.000,0;165.720,00;0,0;;;0,0;0,0;thùng;PVN1629;24,0;;PVN1629;0,0;1;1;0,0
PVN2609;8936048474553;Trà mật ong Boncha vị tắc chai 450ml;Boncha;9.000,0;7.272,00;0,0;;;0,0;0,0;chai;;1,0;;;0,0;1;1;0,0
PVN2609-1;PVN2611;Trà mật ong Boncha vị tắc chai 450ml;Boncha;48.000,0;43.632,00;0,0;;;0,0;0,0;lóc;PVN2609;6,0;;PVN2609;0,0;1;1;0,0
PVN2609-2;PVN2612;Trà mật ong Boncha vị tắc chai 450ml;Boncha;180.000,0;174.528,00;0,0;;;0,0;0,0;thùng;PVN2609;24,0;;PVN2609;0,0;1;1;0,0
PVN9393;8936048476885;Trà Boncha hương chanh nhật Yuzu chai 450ml;Boncha;9.000,0;7.014,00;0,0;;;0,0;0,0;chai;;1,0;;;0,0;1;1;0,0
PVN9393-1;PVN9394;Trà Boncha hương chanh nhật Yuzu chai 450ml;Boncha;48.000,0;42.084,00;0,0;;;0,0;0,0;lóc;PVN9393;6,0;;PVN9393;0,0;1;1;0,0
PVN9393-2;PVN9395;Trà Boncha hương chanh nhật Yuzu chai 450ml;Boncha;180.000,0;168.336,00;0,0;;;0,0;0,0;thùng;PVN9393;24,0;;PVN9393;0,0;1;1;0,0
PVN440;8936034877726;XX HEO CAO BỒI xốt Spaghetti;Ponnie;10.000,0;8.345,00;6,0;;;0,0;0,0;hũ;;1,0;;;0,0;1;1;0,0
PVN444;8936034877740;XX heo cao bồi xốt trứng muối 48g;Ponnie;10.000,0;8.345,00;5,0;;;0,0;0,0;hũ;;1,0;;;0,0;1;1;0,0
PVN445;8936034877764;Xúc xích Heo cao bồi xốt tôm sữa;Ponnie;10.000,0;9.000,00;6,0;;;0,0;0,0;hũ;;1,0;;;0,0;1;1;0,0
PVN563;8936034875128;Xúc xích lắc Heo Cao Bồi vị phô mai bắp bơ;Ponnie;10.000,0;8.500,00;6,0;;;0,0;0,0;hộp;;1,0;;;0,0;1;1;0,0
PVN564;8936034876422;Xúc xích heo cao bồi vị trứng muối;Ponnie;10.000,0;8.838,00;6,0;;;0,0;0,0;hộp;;1,0;;;0,0;1;1;0,0
PVN7285;8936034877757;XX heo cao bồi lắc phô mai bắp bơ;Ponnie;10.000,0;8.345,00;6,0;;;0,0;0,0;hộp;;1,0;;;0,0;1;1;0,0
PVN7577;8936034876439;Xúc xích heo cao bồi lắc thịt nướng phô mai hộp;Ponnie;10.000,0;9.000,00;6,0;;;0,0;0,0;hộp;;1,0;;;0,0;1;1;0,0
PVN7637;8936034876590;Heo cao bồi chu du 3+1;Ponnie;10.000,0;8.800,00;6,0;;;0,0;0,0;hộp;;1,0;;;0,0;1;1;0,0
PVN7907;8936034876583;Xúc xích Heo cao hồi lắc hương vị Sôcôla;Ponnie;10.000,0;9.000,00;6,0;;;0,0;0,0;hộp;;1,0;;;0,0;1;1;0,0
PVN7913;8936034876774;Xúc xích Heo cao bồi cuốn cuộn rong biển bịch 48.5g;Ponnie;16.000,0;12.600,00;4,0;;;0,0;0,0;bịch;;1,0;;;0,0;1;1;0,0
PVN7937;8936034876781;Xúc xích heo cao bồi cuốn bánh bịch 49.5g;Ponnie;16.000,0;12.624,00;4,0;;;0,0;0,0;bịch;;1,0;;;0,0;1;1;0,0
PVN8038;8936034876606;Xúc xích Heo cao bồi lắc vị tôm yum;Ponnie;10.000,0;9.000,00;3,0;;;0,0;0,0;hộp;;1,0;;;0,0;1;1;0,0
PVN8535;8936034877467;Xúc xích heo cao bồi cuốn rong biển xốt kem trứng Tomato 48.5g;Ponnie;16.000,0;12.600,00;3,0;;;0,0;0,0;bịch;;1,0;;;0,0;1;1;0,0
PVN8575;8936034877207;Xúc xích heo cao bồi nhân phô mai vị bắp cây 32g;Ponnie;6.000,0;4.100,00;1,0;;;0,0;0,0;cây;;1,0;;;0,0;1;1;0,0
PVN8598;8936034877351;Xx Heo cao bồi lắc vị kim chi Bulgogi;Ponnie;10.000,0;9.000,00;3,0;;;0,0;0,0;hộp;;1,0;;;0,0;1;1;0,0
PVN8686;8936034877214;Xúc xích heo cao bồi nhân phô mai vị nguyên bản cây 32g;Ponnie;6.000,0;4.100,00;3,0;;;0,0;0,0;cây;;1,0;;;0,0;1;1;0,0
PVN8752;8936034877085;Xx Heo Cao Bồi nhân phô mai vị bắp hộp;Ponnie;26.000,0;22.500,00;3,0;;;0,0;0,0;hộp;;1,0;;;0,0;1;1;0,0
PVN9328;8936034878174;Xúc xích Heo cao bồi xì xèo xốt phô mai bắp bơ bịch 38g;Ponnie;10.000,0;8.000,00;3,0;;;0,0;0,0;bịch;;1,0;;;0,0;1;1;0,0
PVN9365;8936034878228;Xúc xích Heo Cao Bồi xì xèo xốt me chua ngọt bịch 38g;Ponnie;10.000,0;8.000,00;3,0;;;0,0;0,0;bịch;;1,0;;;0,0;1;1;0,0
PVN5488;8936034875258;Xúc xích PONNIE thịt heo bịch 35g;Ponnie;20.000,0;16.021,00;0,0;;;0,0;0,0;bịch;;1,0;;;0,0;1;1;0,0
PVN5488-1;PVN5786;Xúc xích PONNIE thịt heo bịch 35g;Ponnie;375.000,0;320.420,00;0,0;;;0,0;0,0;thùng;PVN5488;20,0;;PVN5488;0,0;1;1;0,0
PVN5557;8936034875838;Xúc xích Ponnie cây 70g;Ponnie;8.000,0;7.005,00;0,0;;;0,0;0,0;Cây;;1,0;;;0,0;1;1;0,0
PVN5557-1;8936034875708;Xúc xích Ponnie cây 70g;Ponnie;30.000,0;28.020,00;0,0;;;0,0;0,0;bịch;PVN5557;4,0;;PVN5557;0,0;1;1;0,0
PVN5557-2;PVN5777;Xúc xích Ponnie cây 70g;Ponnie;565.000,0;560.400,00;0,0;;;0,0;0,0;thùng;PVN5557;80,0;;PVN5557;0,0;1;1;0,0
PVN5948;PVN5948;Xúc xích Ponnie cây 21gr;Ponnie;2.000,0;1.800,00;0,0;;;0,0;0,0;cây;;1,0;;;0,0;1;1;0,0
PVN5948-1;8936034876330;Xúc xích Ponnie cây 21gr;Ponnie;10.000,0;9.000,00;0,0;;;0,0;0,0;bịch;PVN5948;5,0;;PVN5948;0,0;1;1;0,0
PVN8116;8936034876965;hotdog PONNIE giòn ăn liền vị sườn nướng 28g;Ponnie;8.000,0;6.000,00;4,0;;;0,0;0,0;cây;;1,0;;;0,0;1;1;0,0
PVN8117;8936034876491;Hot dog PONNIE vị cay tươi ngon gói 28g;Ponnie;8.000,0;4.740,00;4,0;;;0,0;0,0;cây;;1,0;;;0,0;1;1;0,0
PVN8278;8936034876507;XX hotdog PONNIE giòn bắp 28g;Ponnie;8.000,0;6.000,00;3,0;;;0,0;0,0;cây;;1,0;;;0,0;1;1;0,0
PVN9355;8936034875357;Xúc xích Ponnie nhân thịt phô mai cây 45g;Ponnie;10.000,0;8.000,00;4,0;;;0,0;0,0;cây;;1,0;;;0,0;1;1;0,0
CP2;6933018911683;Xúc xích heo CP 200g;CP;5.000,0;3.600,00;0,0;;;0,0;0,0;cây;;1,0;;;0,0;1;1;0,0
CP2-1;8935058912277;Xúc xích heo CP 200g;CP;20.000,0;18.000,00;0,0;;;0,0;0,0;gói;CP2;5,0;;CP2;0,0;1;1;0,0
CP2-2;PVN8023;Xúc xích heo CP 200g;CP;375.000,0;360.000,00;0,0;;;0,0;0,0;thùng;CP2;100,0;;CP2;0,0;1;1;0,0
CP1;;Xúc xích heo CP 100g;CP;2.000,0;1.825,00;73,0;;;0,0;0,0;cây;;1,0;;;0,0;1;1;0,0
CP1-1;8935058913953;Xúc xích heo CP 100g;CP;10.000,0;9.125,00;14,60;;;0,0;0,0;gói;CP1;5,0;;CP1;0,0;1;1;0,0
V2;;Xúc xích heo dinh dưỡng Vissan 35g;Vissan;5.000,0;3.680,00;85,0;;;0,0;0,0;cây;;1,0;;;0,0;1;1;0,0
V2-1;8934572183392;Xúc xích heo dinh dưỡng Vissan 35g;Vissan;20.000,0;18.400,00;17,0;;;0,0;0,0;gói;V2;5,0;;V2;0,0;1;1;0,0
V2-2;PVN6195;Xúc xích heo dinh dưỡng Vissan 35g;Vissan;365.000,0;368.000,00;0,850;;;0,0;0,0;thùng;V2;100,0;;V2;0,0;1;1;0,0
V3;8934572174185;Xúc xích heo Vissan 70g;Vissan;8.000,0;7.000,00;0,0;;;0,0;0,0;cây;;1,0;;;0,0;1;1;0,0
V3-1;8934572174352;Xúc xích heo Vissan 70g;Vissan;30.000,0;28.000,00;0,0;;;0,0;0,0;gói;V3;4,0;;V3;0,0;1;1;0,0
V3-2;PVN1206;Xúc xích heo Vissan 70g;Vissan;710.000,0;700.000,00;0,0;;;0,0;0,0;thùng;V3;100,0;;V3;0,0;1;1;0,0
V1;8934572174413;Xúc xích heo Vissan gói 90g;Vissan;10.000,0;9.000,00;8,0;;;0,0;0,0;gói;;1,0;;;0,0;1;1;0,0
V1-1;PVN6644;Xúc xích heo Vissan gói 90g;Vissan;366.000,0;90.000,00;0,80;;;0,0;0,0;thùng;V1;10,0;;V1;0,0;1;1;0,0
PVN4670;8934572020017;Bò 2 lát Vissan hộp 150g;Vissan;33.000,0;29.000,00;2,0;;;0,0;0,0;hộp;;1,0;;;0,0;1;1;0,0
PVN4671;8934572070012;Pate gan heo vissan hộp 170g;Vissan;28.000,0;22.000,00;4,0;;;0,0;0,0;hộp;;1,0;;;0,0;1;1;0,0
PVN5691;8934572006004;Heo 2 lát Vissan hộp 150g;Vissan;29.000,0;25.000,00;0,0;;;0,0;0,0;hộp;;1,0;;;0,0;1;1;0,0
BOHAMV;8934572022004;Bò hầm vissan hộp 150g;Vissan;40.000,0;36.000,00;2,0;;;0,0;0,0;hộp;;1,0;;;0,0;1;1;0,0
PVN8383;8934572003003;Thịt heo hầm Vissan hộp 150g;Vissan;32.000,0;27.500,00;0,0;;;0,0;0,0;hộp;;1,0;;;0,0;1;1;0,0
PVN7628;PVN7628;Sữa uống lên men Yakult chai 65ml;;6.000,0;4.660,00;0,0;;;0,0;0,0;chai;;1,0;;;0,0;1;1;0,0
PVN7628-1;8938501434012;Sữa uống lên men Yakult chai 65ml;;25.000,0;23.300,00;0,0;;;0,0;0,0;lóc;PVN7628;5,0;;PVN7628;0,0;1;1;0,0
PVN2692;8936134361040;Nước tương Nam Dương đậm đặc 500ml;Cái Lân;17.000,0;14.500,00;12,0;;;0,0;0,0;chai;;1,0;;;0,0;1;1;0,0
PVN2692-1;PVN7864;Nước tương Nam Dương đậm đặc 500ml;Cái Lân;358.000,0;348.000,00;0,50;;;0,0;0,0;thùng;PVN2692;24,0;;PVN2692;0,0;1;1;0,0
PVN6937;8936134362184;Tương ớt Nam Dương chai 800g;Cái Lân;16.000,0;12.000,00;0,0;;;0,0;0,0;chai;;1,0;;;0,0;1;1;0,0
PVN6937-1;PVN6938;Tương ớt Nam Dương chai 800g;Cái Lân;155.000,0;144.000,00;0,0;;;0,0;0,0;thùng;PVN6937;12,0;;PVN6937;0,0;1;1;0,0
PVN8412;8936134361477;Nước tương Hàng Việt thanh vị chai 500ml;Cái Lân;6.000,0;5.028,00;11,0;;;0,0;0,0;chai;;1,0;;;0,0;1;1;0,0
PVN8412-1;PVN8414;Nước tương Hàng Việt thanh vị chai 500ml;Cái Lân;124.000,0;120.672,00;0,458;;;0,0;0,0;thùng;PVN8412;24,0;;PVN8412;0,0;1;1;0,0
PVN3193;8934637514741;Nước mắm hương việt chai 500ml;Cholimex;30.000,0;25.883,00;12,0;;;0,0;0,0;chai;;1,0;;;0,0;1;1;0,0
PVN3193-1;PVN5462;Nước mắm hương việt chai 500ml;Cholimex;680.000,0;621.192,00;0,50;;;0,0;0,0;thùng;PVN3193;24,0;;PVN3193;0,0;1;1;0,0
PVN1660;8934637515311;Nước mắm Hương Việt chai 750ml;Cholimex;42.000,0;37.440,00;6,0;;;0,0;0,0;chai;;1,0;;;0,0;1;1;0,0
PVN1660-1;PVN5461;Nước mắm Hương Việt chai 750ml;Cholimex;472.000,0;449.280,00;0,50;;;0,0;0,0;thùng;PVN1660;12,0;;PVN1660;0,0;1;1;0,0
PVN661;8934637514307;Nước tương đậu nành Hương Việt chai 500g;Cholimex;7.000,0;5.873,00;23,0;;;0,0;0,0;chai;;1,0;;;0,0;1;1;0,0
PVN661-1;PVN1909;Nước tương đậu nành Hương Việt chai 500g;Cholimex;39.000,0;35.238,00;3,833;;;0,0;0,0;lóc;PVN661;6,0;;PVN661;0,0;1;1;0,0
PVN661-2;PVN5459;Nước tương đậu nành Hương Việt chai 500g;Cholimex;149.000,0;140.952,00;0,958;;;0,0;0,0;thùng;PVN661;24,0;;PVN661;0,0;1;1;0,0
PVN1876;8934637514437;Nước tương đậu nành Hương Việt hảo vị chai 500ml;Cholimex;20.000,0;17.000,00;12,0;;;0,0;0,0;chai;;1,0;;;0,0;1;1;0,0
PVN1876-1;PVN5460;Nước tương đậu nành Hương Việt hảo vị chai 500ml;Cholimex;428.000,0;408.000,00;0,50;;;0,0;0,0;thùng;PVN1876;24,0;;PVN1876;0,0;1;1;0,0
KD18;;Sữa Kun vị dâu hộp 180ml;Kun;8.000,0;5.818,00;135,0;;;0,0;0,0;hộp;;1,0;;;0,0;1;1;0,0
KD18-1;8936025771279;Sữa Kun vị dâu hộp 180ml;Kun;27.000,0;23.272,00;33,750;;;0,0;0,0;lóc;KD18;4,0;;KD18;0,0;1;1;0,0
KD18-2;PVN914;Sữa Kun vị dâu hộp 180ml;Kun;308.000,0;279.264,00;2,813;;;0,0;0,0;thùng;KD18;48,0;;KD18;0,0;1;1;0,0
KS18;;Sữa Kun vị Socola hộp 180ml;Kun;8.000,0;6.459,00;156,0;;;0,0;0,0;hộp;;1,0;;;0,0;1;1;0,0
KS18-1;8936025771200;Sữa Kun vị Socola hộp 180ml;Kun;28.000,0;25.836,00;39,0;;;0,0;0,0;lóc;KS18;4,0;;KS18;0,0;1;1;0,0
KS18-2;KS18T;Sữa Kun vị Socola hộp 180ml;Kun;312.000,0;310.032,00;3,250;;;0,0;0,0;thùng;KS18;48,0;;KS18;0,0;1;1;0,0
KN18;;Sữa Kun vị nho hộp 180ml;Kun;8.000,0;5.768,00;73,0;;;0,0;0,0;hộp;;1,0;;;0,0;1;1;0,0
KN18-1;8936025773181;Sữa Kun vị nho hộp 180ml;Kun;26.000,0;23.072,00;18,250;;;0,0;0,0;lóc;KN18;4,0;;KN18;0,0;1;1;0,0
KN18-2;PVN913;Sữa Kun vị nho hộp 180ml;Kun;284.000,0;276.864,00;1,521;;;0,0;0,0;thùng;KN18;48,0;;KN18;0,0;1;1;0,0
KD1;;Sữa Kun vị dâu hộp 110ml;Kun;5.000,0;3.694,00;240,0;;;0,0;0,0;hộp;;1,0;;;0,0;1;1;0,0
KD1-1;8936025771262;Sữa Kun vị dâu hộp 110ml;Kun;18.000,0;14.776,00;60,0;;;0,0;0,0;lóc;KD1;4,0;;KD1;0,0;1;1;0,0
KD1-2;PVN960;Sữa Kun vị dâu hộp 110ml;Kun;188.000,0;177.312,00;5,0;;;0,0;0,0;thùng;KD1;48,0;;KD1;0,0;1;1;0,0
ST1;8936025772139;Sữa kun socola túi 110ml;Kun;5.000,0;4.125,00;70,0;;;0,0;0,0;túi;;1,0;;;0,0;1;1;0,0
ST1-1;ST1L;Sữa kun socola túi 110ml;Kun;46.000,0;41.250,00;7,0;;;0,0;0,0;lóc;ST1;10,0;;ST1;0,0;1;1;0,0
ST1-2;ST1T;Sữa kun socola túi 110ml;Kun;108.000,0;99.000,00;2,917;;;0,0;0,0;thùng;ST1;24,0;;ST1;0,0;1;1;0,0
CT1;8936025772122;Sữa kun vị cam túi 110ml;Kun;5.000,0;4.125,00;170,0;;;0,0;0,0;túi;;1,0;;;0,0;1;1;0,0
CT1-1;CT1L;Sữa kun vị cam túi 110ml;Kun;46.000,0;41.250,00;17,0;;;0,0;0,0;chục;CT1;10,0;;CT1;0,0;1;1;0,0
CT1-2;CT1T;Sữa kun vị cam túi 110ml;Kun;108.000,0;99.000,00;7,083;;;0,0;0,0;thùng;CT1;24,0;;CT1;0,0;1;1;0,0
KN1;;Sữa kun vị nho hộp 110ml;Kun;5.000,0;3.700,00;39,0;;;0,0;0,0;hộp;;1,0;;;0,0;1;1;0,0
KN1-1;8936025773068;Sữa kun vị nho hộp 110ml;Kun;18.000,0;14.800,00;9,750;;;0,0;0,0;lóc;KN1;4,0;;KN1;0,0;1;1;0,0
KN1-2;KN1T;Sữa kun vị nho hộp 110ml;Kun;184.000,0;177.600,00;0,813;;;0,0;0,0;thùng;KN1;48,0;;KN1;0,0;1;1;0,0
DT1;8936025772115;Sữa kun hương dâu túi 110ml;Kun;5.000,0;4.180,00;161,0;;;0,0;0,0;bịch;;1,0;;;0,0;1;1;0,0
DT1-1;DT1L;Sữa kun hương dâu túi 110ml;Kun;46.000,0;41.800,00;16,10;;;0,0;0,0;chục;DT1;10,0;;DT1;0,0;1;1;0,0
DT1-2;DT1T;Sữa kun hương dâu túi 110ml;Kun;108.000,0;100.320,00;6,708;;;0,0;0,0;thùng;DT1;24,0;;DT1;0,0;1;1;0,0
KS1;;Sữa Kun vị Socola hộp 110ml;Kun;6.000,0;4.332,00;175,0;;;0,0;0,0;hộp;;1,0;;;0,0;1;1;0,0
KS1-1;8936025771118;Sữa Kun vị Socola hộp 110ml;Kun;19.000,0;17.328,00;43,750;;;0,0;0,0;lóc;KS1;4,0;;KS1;0,0;1;1;0,0
KS1-2;KS1T;Sữa Kun vị Socola hộp 110ml;Kun;200.000,0;207.936,00;3,646;;;0,0;0,0;thùng;KS1;48,0;;KS1;0,0;1;1;0,0
NT1;8936025773013;Sữa kun vị nho túi 110ml;Kun;5.000,0;4.167,00;153,0;;;0,0;0,0;túi;;1,0;;;0,0;1;1;0,0
NT1-2;NT1T;Sữa kun vị nho túi 110ml;Kun;108.000,0;100.008,00;6,375;;;0,0;0,0;thùng;NT1;24,0;;NT1;0,0;1;1;0,0
NT1-1;NT1L;Sữa kun vị nho túi 110ml;Kun;46.000,0;41.670,00;15,30;;;0,0;0,0;chục;NT1;10,0;;NT1;0,0;1;1;0,0
KB18;;Sữa Kun bắp non hộp 180ml;Kun;9.000,0;5.880,00;8,0;;;0,0;0,0;hộp;;1,0;;;0,0;1;1;0,0
KB18-1;8936025772771;Sữa Kun bắp non hộp 180ml;Kun;29.000,0;23.520,00;2,0;;;0,0;0,0;lóc;KB18;4,0;;KB18;0,0;1;1;0,0
KB18-2;PVN1636;Sữa Kun bắp non hộp 180ml;Kun;164.000,0;141.120,00;0,333;;;0,0;0,0;thùng;KB18;24,0;;KB18;0,0;1;1;0,0
KC18;PVN2334;Sữa Kun vị cam hộp 180ml;Kun;8.000,0;6.156,00;50,0;;;0,0;0,0;hộp;;1,0;;;0,0;1;1;0,0
KC18-1;8936025771217;Sữa Kun vị cam hộp 180ml;Kun;27.000,0;24.624,00;12,50;;;0,0;0,0;lóc;KC18;4,0;;KC18;0,0;1;1;0,0
KC18-2;PVN2336;Sữa Kun vị cam hộp 180ml;Kun;308.000,0;295.488,00;1,042;;;0,0;0,0;thùng;KC18;48,0;;KC18;0,0;1;1;0,0
ot1;8936025773655;Kun vị ổi túi 110ml;Kun;5.000,0;4.125,00;157,0;;;0,0;0,0;túi;;1,0;;;0,0;1;1;0,0
ot1-1;PVN2481;Kun vị ổi túi 110ml;Kun;46.000,0;41.250,00;15,70;;;0,0;0,0;lóc;ot1;10,0;;ot1;0,0;1;1;0,0
ot1-2;PVN2482;Kun vị ổi túi 110ml;Kun;108.000,0;99.000,00;6,542;;;0,0;0,0;thùng;ot1;24,0;;ot1;0,0;1;1;0,0
KC1;KC1;Sữa Kun vị cam hộp 110ml;Kun;5.000,0;3.876,00;52,0;;;0,0;0,0;hộp;;1,0;;;0,0;1;1;0,0
KC1-1;8936025771132;Sữa Kun vị cam hộp 110ml;Kun;18.000,0;15.504,00;13,0;;;0,0;0,0;lóc;KC1;4,0;;KC1;0,0;1;1;0,0
KC1T;PVN2703;Sữa Kun vị cam hộp 110ml;Kun;189.000,0;186.048,00;1,083;;;0,0;0,0;thùng;KC1;48,0;;KC1;0,0;1;1;0,0
KCD1;PVN5395;Sữa Kun có đường hộp 110ml;Kun;6.000,0;4.625,00;18,0;;;0,0;0,0;hộp;;1,0;;;0,0;1;1;0,0
KCD1-1;8936025774324;Sữa Kun có đường hộp 110ml;Kun;20.000,0;18.500,00;4,50;;;0,0;0,0;lóc;KCD1;4,0;;KCD1;0,0;1;1;0,0
KCD1-2;PVN5397;Sữa Kun có đường hộp 110ml;Kun;228.000,0;222.000,00;0,375;;;0,0;0,0;thùng;KCD1;48,0;;KCD1;0,0;1;1;0,0
KND1;PVN6296;Sữa Kun vị trái cây nhiệt đới hộp 110ml;Kun;5.000,0;3.657,00;9,0;;;0,0;0,0;hộp;;1,0;;;0,0;1;1;0,0
KND1-1;8936025771743;Sữa Kun vị trái cây nhiệt đới hộp 110ml;Kun;17.000,0;14.628,00;2,250;;;0,0;0,0;lóc;KND1;4,0;;KND1;0,0;1;1;0,0
KND1-2;PVN6298;Sữa Kun vị trái cây nhiệt đới hộp 110ml;Kun;184.000,0;175.536,00;0,188;;;0,0;0,0;thùng;KND1;48,0;;KND1;0,0;1;1;0,0
KND18;PVN6299;Sữa Kun vị trái cây nhiệt đới hộp 180ml;Kun;8.000,0;6.000,00;108,0;;;0,0;0,0;hộp;;1,0;;;0,0;1;1;0,0
KND18-1;8936025772993;Sữa Kun vị trái cây nhiệt đới hộp 180ml;Kun;26.000,0;24.000,00;27,0;;;0,0;0,0;lóc;KND18;4,0;;KND18;0,0;1;1;0,0
KND18-2;PVN6301;Sữa Kun vị trái cây nhiệt đới hộp 180ml;Kun;294.000,0;288.000,00;2,250;;;0,0;0,0;thùng;KND18;48,0;;KND18;0,0;1;1;0,0
KDK18;PVN7147;Sữa Kun 100% sữa tươi cao lớn đề kháng 180ml;Kun;9.000,0;7.084,00;92,0;;;0,0;0,0;hộp;;1,0;;;0,0;1;1;0,0
KDK18-1;8936025774331;Sữa Kun 100% sữa tươi cao lớn đề kháng 180ml;Kun;30.000,0;28.336,00;23,0;;;0,0;0,0;lóc;KDK18;4,0;;KDK18;0,0;1;1;0,0
KDK18-2;PVN7149;Sữa Kun 100% sữa tươi cao lớn đề kháng 180ml;Kun;346.000,0;340.032,00;1,917;;;0,0;0,0;thùng;KDK18;48,0;;KDK18;0,0;1;1;0,0
KCT18;PVN7890;Sữa Kun vị cam có thạch hộp 170ml;Kun;9.000,0;7.124,00;20,0;;;0,0;0,0;hộp;;1,0;;;0,0;1;1;0,0
KCT18-1;8936025774836;Sữa Kun vị cam có thạch hộp 170ml;Kun;30.000,0;28.496,00;5,0;;;0,0;0,0;lóc;KCT18;4,0;;KCT18;0,0;1;1;0,0
KCT18-2;PVN7892;Sữa Kun vị cam có thạch hộp 170ml;Kun;338.000,0;341.952,00;0,417;;;0,0;0,0;thùng;KCT18;48,0;;KCT18;0,0;1;1;0,0
KST18;PVN7894;Sữa Kun hương Sôcôla lúa mạch có thạch hộp 170ml;Kun;9.000,0;7.021,00;147,0;;;0,0;0,0;hộp;;1,0;;;0,0;1;1;0,0
KST18-1;8936025774812;Sữa Kun hương Sôcôla lúa mạch có thạch hộp 170ml;Kun;30.000,0;28.084,00;36,750;;;0,0;0,0;lóc;KST18;4,0;;KST18;0,0;1;1;0,0
KST18-2;PVN7896;Sữa Kun hương Sôcôla lúa mạch có thạch hộp 170ml;Kun;338.000,0;337.008,00;3,063;;;0,0;0,0;thùng;KST18;48,0;;KST18;0,0;1;1;0,0
KDT17;KDT17;Sữa Kun hương dâu có thạch hộp 170ml;Kun;9.000,0;6.800,00;60,0;;;0,0;0,0;hộp;;1,0;;;0,0;1;1;0,0
KDT17-1;8936025774843;Sữa Kun hương dâu có thạch hộp 170ml;Kun;30.000,0;27.200,00;15,0;;;0,0;0,0;lóc;KDT17;4,0;;KDT17;0,0;1;1;0,0
KDT17-2;PVN8240;Sữa Kun hương dâu có thạch hộp 170ml;Kun;338.000,0;326.400,00;1,250;;;0,0;0,0;thùng;KDT17;48,0;;KDT17;0,0;1;1;0,0
PVN9175;8936025775468;Kun Xúc xích mì dinh dưỡng Lúk Lắk vị phô mai hoàng kim;Kun;16.000,0;13.125,00;14,0;;;0,0;0,0;Trứng;;1,0;;;0,0;1;1;0,0
PVN9202;8936025775482;Kun xúc xích mì trứng lúk lắk vị sốt cà chua;Kun;16.000,0;12.917,00;17,0;;;0,0;0,0;trứng;;1,0;;;0,0;1;1;0,0
SP000012;8934588792113;Trà Ô long đào nhiệt đới lon 320ml;pepsi;8.000,0;148.459,00;2,0;;;0,0;999.999.999,0;Lon;;1,0;;;0,0;1;1;0,0
SP000013;;Trà Ô long đào nhiệt đới lon 320ml - lóc;pepsi;46.000,0;890.754,00;0,333;;;0,0;166.666.666,50;Lóc;SP000012;6,0;;SP000012;0,0;1;1;36.000,0
SP000014;;Trà Ô long đào nhiệt đới lon 320ml;pepsi;168.000,0;3.563.016,00;0,083;;;0,0;41.666.666,625;Thùng;SP000012;24,0;;SP000012;0,0;1;1;138.000,0
SP000006;8934588193552;Nước cam ép Twister chai 450ml;pepsi;9.500,0;7.424,25;45,0;;;0,0;999.999.999,0;chai;;1,0;;;0,0;1;1;0,0
SP000007;;Nước cam ép Twister chai 450ml;pepsi;54.000,0;44.545,50;7,50;;;0,0;166.666.666,50;Lóc;SP000006;6,0;;SP000006;0,0;1;1;52.000,0
SP000008;;Nước cam ép Twister chai 450ml;pepsi;204.000,0;178.182,00;1,875;;;0,0;41.666.666,625;thùng;SP000006;24,0;;SP000006;0,0;1;1;200.000,0
SP000004;;Nước ép cam Twister chai 1L;pepsi;18.000,0;14.090,92;23,0;;;0,0;999.999.999,0;Chai;;1,0;;;0,0;1;1;17.000,0
SP000005;;Nước ép cam Twister chai 1L;pepsi;194.000,0;169.091,04;1,917;;;0,0;83.333.333,250;thùng;SP000004;12,0;;SP000004;0,0;1;1;190.000,0
PVN485;8935112200005;Nước tăng lực RedBull lon 250ml (VN);Warrior;10.000,0;8.868,00;108,0;;;0,0;0,0;lon;;1,0;;;0,0;1;1;0,0
PVN485-1;PVN649;Nước tăng lực RedBull lon 250ml (VN);Warrior;58.000,0;53.208,00;18,0;;;0,0;0,0;lóc;PVN485;6,0;;PVN485;0,0;1;1;0,0
PVN485-2;18935112200002;Nước tăng lực RedBull lon 250ml (VN);Warrior;220.000,0;212.832,00;4,50;;;0,0;0,0;thùng;PVN485;24,0;;PVN485;0,0;1;1;0,0
PVN7128;8850228007617;Redbull bổ sung vitamin và kẽm lon 250ml;Warrior;11.000,0;9.340,00;87,0;;;0,0;0,0;lon;;1,0;;;0,0;1;1;0,0
PVN7128-1;PVN7129;Redbull bổ sung vitamin và kẽm lon 250ml;Warrior;64.000,0;56.040,00;14,50;;;0,0;0,0;lóc;PVN7128;6,0;;PVN7128;0,0;1;1;0,0
PVN7128-2;PVN7130;Redbull bổ sung vitamin và kẽm lon 250ml;Warrior;232.000,0;224.160,00;3,625;;;0,0;0,0;thùng;PVN7128;24,0;;PVN7128;0,0;1;1;0,0
PVN9315;8850228003046;Redbull đen Zinc + Vitamin B12 chai 145ml;Warrior;10.000,0;7.940,00;24,0;;;0,0;0,0;chai;;1,0;;;0,0;1;1;0,0
PVN9315-1;PVN9316;Redbull đen Zinc + Vitamin B12 chai 145ml;Warrior;88.000,0;47.640,00;4,0;;;0,0;0,0;lóc;PVN9315;6,0;;PVN9315;0,0;1;1;0,0
PVN9315-2;PVN9317;Redbull đen Zinc + Vitamin B12 chai 145ml;Warrior;415.000,0;190.560,00;1,0;;;0,0;0,0;thùng;PVN9315;24,0;;PVN9315;0,0;1;1;0,0
PVN9318;8850228003022;Redbull đỏ Vitamin A+B12+C chai 145ml;Warrior;10.000,0;7.940,00;22,0;;;0,0;0,0;chai;;1,0;;;0,0;1;1;0,0
PVN9318-1;PVN9319;Redbull đỏ Vitamin A+B12+C chai 145ml;Warrior;88.000,0;47.640,00;3,667;;;0,0;0,0;lóc;PVN9318;6,0;;PVN9318;0,0;1;1;0,0
PVN9318-2;PVN9320;Redbull đỏ Vitamin A+B12+C chai 145ml;Warrior;415.000,0;190.560,00;0,917;;;0,0;0,0;thùng;PVN9318;24,0;;PVN9318;0,0;1;1;0,0
PVN9321;8850228000106;Redbull xanh dương Vitamin B12 chai 150ml;Warrior;10.000,0;7.940,00;49,0;;;0,0;0,0;chai;;1,0;;;0,0;1;1;0,0
PVN9321-1;PVN9322;Redbull xanh dương Vitamin B12 chai 150ml;Warrior;88.000,0;47.640,00;8,167;;;0,0;0,0;lóc;PVN9321;6,0;;PVN9321;0,0;1;1;0,0
PVN9321-2;PVN9323;Redbull xanh dương Vitamin B12 chai 150ml;Warrior;415.000,0;190.560,00;2,042;;;0,0;0,0;thùng;PVN9321;24,0;;PVN9321;0,0;1;1;0,0
PVN735;8936193070051;Dr Thanh chai 330ml;Number one;10.000,0;7.959,00;90,0;;;0,0;0,0;chai;;1,0;;;0,0;1;1;0,0
PVN735-1;PVN735;Dr Thanh chai 330ml;Number one;52.000,0;47.754,00;15,0;;;0,0;0,0;lóc;PVN735;6,0;;PVN735;0,0;1;1;0,0
PVN735-2;PVN736;Dr Thanh chai 330ml;Number one;204.000,0;191.016,00;3,750;;;0,0;0,0;thùng;PVN735;24,0;;PVN735;0,0;1;1;0,0
PVN1949;8936193070044;Dr thanh chai 455ml;Number one;11.000,0;9.375,00;65,0;;;0,0;0,0;chai;;1,0;;;0,0;1;1;0,0
PVN1949-2;PVN1949;Dr thanh chai 455ml;Number one;230.000,0;225.000,00;2,708;;;0,0;0,0;thùng;PVN1949;24,0;;PVN1949;0,0;1;1;0,0
PVN1949-1;PVN2188;Dr thanh chai 455ml;Number one;60.000,0;56.250,00;10,833;;;0,0;0,0;lóc;PVN1949;6,0;;PVN1949;0,0;1;1;0,0
KD4;8936193070013;Trà xanh không độ chai 455ml;Number one;9.000,0;7.500,00;12,0;;;0,0;0,0;chai;;1,0;;;0,0;1;1;0,0
KD4-1;KD4L;Trà xanh không độ chai 455ml;Number one;48.000,0;45.000,00;2,0;;;0,0;0,0;lóc;KD4;6,0;;KD4;0,0;1;1;0,0
KD4-2;KD4T;Trà xanh không độ chai 455ml;Number one;186.000,0;180.000,00;0,50;;;0,0;0,0;thùng;KD4;24,0;;KD4;0,0;1;1;0,0
PVN918;8936193070075;NTL Number 1 chai 330ml;Number one;9.000,0;7.959,00;189,20;;;0,0;0,0;chai;;1,0;;;0,0;1;1;0,0
PVN918-1;PVN918;NTL Number 1 chai 330ml;Number one;52.000,0;47.754,00;31,533;;;0,0;0,0;lóc;PVN918;6,0;;PVN918;0,0;1;1;0,0
PVN918-2;PVN2228;NTL Number 1 chai 330ml;Number one;196.000,0;191.016,00;7,883;;;0,0;0,0;thùng;PVN918;24,0;;PVN918;0,0;1;1;0,0
PVN2227;8936006170244;Nước tinh khiết Number 1 500ml;Number one;5.000,0;1.250,00;0,0;;;0,0;0,0;chai;;1,0;;;0,0;1;1;0,0
PVN2227-2;PVN2227;Nước tinh khiết Number 1 500ml;Number one;40.000,0;30.000,00;0,0;;;0,0;0,0;thùng;PVN2227;24,0;;PVN2227;0,0;1;1;0,0
PVN2227-1;PVN5038;Nước tinh khiết Number 1 500ml;Number one;20.000,0;15.000,00;0,0;;;0,0;0,0;lóc 12;PVN2227;12,0;;PVN2227;0,0;1;1;0,0
PVN2198;8936193070105;NTL Number one hương dâu chai 365ml;Number one;9.000,0;7.834,00;46,0;;;0,0;0,0;chai;;1,0;;;0,0;1;1;0,0
PVN2198-1;PVN2204;NTL Number one hương dâu chai 365ml;Number one;52.000,0;47.004,00;7,667;;;0,0;0,0;lóc;PVN2198;6,0;;PVN2198;0,0;1;1;0,0
PVN2198-2;PVN2205;NTL Number one hương dâu chai 365ml;Number one;196.000,0;188.016,00;1,917;;;0,0;0,0;thùng;PVN2198;24,0;;PVN2198;0,0;1;1;0,0
PVN2550;8936193070082;NTL Number 1 hương Chanh chai 330ml;Number one;9.000,0;7.834,00;233,0;;;0,0;0,0;chai;;1,0;;;0,0;1;1;0,0
PVN2550-1;PVN2551;NTL Number 1 hương Chanh chai 330ml;Number one;52.000,0;47.004,00;38,833;;;0,0;0,0;lóc;PVN2550;6,0;;PVN2550;0,0;1;1;0,0
PVN2550-2;PVN2552;NTL Number 1 hương Chanh chai 330ml;Number one;196.000,0;188.016,00;9,708;;;0,0;0,0;thùng;PVN2550;24,0;;PVN2550;0,0;1;1;0,0
PVN4839;8936193070310;Sữa đậu nành Number 1 Soya canxi 268ml;Number one;8.000,0;6.125,00;38,0;;;0,0;0,0;chai;;1,0;;;0,0;1;1;0,0
PVN4839-1;PVN5117;Sữa đậu nành Number 1 Soya canxi 268ml;Number one;42.000,0;36.750,00;6,333;;;0,0;0,0;lóc;PVN4839;6,0;;PVN4839;0,0;1;1;0,0
PVN4839-2;PVN5118;Sữa đậu nành Number 1 Soya canxi 268ml;Number one;155.000,0;147.000,00;1,583;;;0,0;0,0;thùng;PVN4839;24,0;;PVN4839;0,0;1;1;0,0
PVN533;8934868162353;Tẩy Vim xanh chai 880ml;Vim;34.000,0;29.070,00;18,0;;;0,0;0,0;chai;;1,0;;;0,0;1;1;0,0
PVN534;8934868141532;Tẩy Vim xanh chai 500ml;Vim;24.000,0;18.851,00;22,0;;;0,0;0,0;chai;;1,0;;;0,0;1;1;0,0
8934868134305;8934868134305;Vim vệ sinh Zero xanh chai 750ml;Vim;35.000,0;28.122,00;0,0;;;0,0;0,0;chai;;1,0;;;0,0;1;1;0,0
8934868161455;8934868161455;Vim trắng hương chanh sả dịu mát chai 870ml;Vim;36.000,0;29.493,00;1,0;;;0,0;0,0;chai;;1,0;;;0,0;1;1;0,0
8934868161448;8934868161448;Vim trắng sáng hương hoa oải hương chai 870ml;Vim;36.000,0;29.493,00;0,0;;;0,0;0,0;hộp;;1,0;;;0,0;1;1;0,0
8934868187271;8934868187271;VIM viên treo bồn cầu hương trà xanh & chanh hộp 50g;Vim;28.000,0;21.300,00;2,0;;;0,0;0,0;hộp;;1,0;;;0,0;1;1;0,0
8934868187295;8934868187295;VIM viên treo bồn cầu hương chanh hộp 90g;;28.000,0;21.300,00;3,0;;;0,0;0,0;hộp;;1,0;;;0,0;1;1;0,0
8934868187318;8934868187318;VIM viên treo bồn cầu hương lavender 50g;Vim;28.000,0;21.300,00;1,0;;;0,0;0,0;hộp;;1,0;;;0,0;1;1;0,0
6902088979091;6902088979091;Vim thả bồn cầu hương bạc hà vỉ (4 viên);Vim;48.000,0;42.033,00;3,0;;;0,0;0,0;vĩ;;1,0;;;0,0;1;1;0,0
8934868196587;8934868196587;Vim bọt tuyết đa năng chai 500ml;Vim;39.000,0;34.663,00;3,0;;;0,0;0,0;chai;;1,0;;;0,0;1;1;0,0
sm-115-67431;8934839126018;KDR Closeup tinh thể băng tuyết thơm mát 3 cực hộp 180g;Closeup;38.000,0;34.615,00;0,0;;;0,0;0,0;hộp;;1,0;;;0,0;1;1;0,0
PVN1445;8934839125967;KDR Closeup Bạc hà thơm mát hộp 180g;Closeup;38.000,0;34.615,00;0,0;;;0,0;0,0;hộp;;1,0;;;0,0;1;1;0,0
PVN1910;8934839126001;KDR Closeup tinh thể băng tuyết thơm mát bất tận 230g;Closeup;42.000,0;39.186,00;22,0;;;0,0;0,0;cây;;1,0;;;0,0;1;1;0,0
8934839125950;8934839125950;KDR Closeup bạc hà thơm mát hộp 230g;Closeup;42.000,0;39.186,00;19,0;;;0,0;0,0;hộp;;1,0;;;0,0;1;1;0,0
sm-115-26027;8934839128050;KDR P/S bảo vệ 123 than hoạt tính hộp 180g;PS;36.000,0;31.755,00;20,0;;;0,0;0,0;hộp;;1,0;;;0,0;1;1;0,0
sm-115-56639;8934839127732;KDR P/S bảo vệ 123 hộp 180g;PS;34.000,0;27.843,00;18,0;;;0,0;0,0;hộp;;1,0;;;0,0;1;1;0,0
sm-115-45065;8934839129019;KDR P/S bé ngoan hương dâu hộp 35g;PS;10.000,0;6.200,00;15,0;;;0,0;0,0;hộp;;1,0;;;0,0;1;1;0,0
2-6t;8934839123710;BCDR P/S siêu mềm cho bé 2-6 tuổi;PS;18.000,0;13.131,00;15,0;;;0,0;0,0;cây;;1,0;;;0,0;1;1;0,0
PVN2003;8934839123727;BCDR P/S siêu mềm cho bé 7-11 tuổi;PS;18.000,0;13.092,00;18,0;;;0,0;0,0;cây;;1,0;;;0,0;1;1;0,0
8934839125493;8934839125493;BCDR P/S trẻ em 7-11 tuổi;PS;28.000,0;23.305,00;4,0;;;0,0;0,0;cây;;1,0;;;0,0;1;1;0,0
PVN3198;8934839125486;BCDR P/S trẻ em từ 2-6t siêu mềm cây;PS;28.000,0;23.249,00;2,0;;;0,0;0,0;cây;;1,0;;;0,0;1;1;0,0
PVN4857;8934839128098;KDR P/S trà xanh 180g;PS;36.000,0;31.869,00;0,0;;;0,0;0,0;tuýp;;1,0;;;0,0;1;1;0,0
PVN4963;8934839127947;Bộ bàn chải P/S lông tơ mềm mại;PS;38.000,0;32.870,00;0,0;;;0,0;0,0;bộ;;1,0;;;0,0;1;1;0,0
PVN5126;8934839135010;BCDR P/S lông tơ siêu mềm mại cây;PS;20.000,0;14.701,00;23,0;;;0,0;0,0;cây;;1,0;;;0,0;1;1;0,0
PVN5127;8934839128074;KDR P/S muối hồng hoa cúc hộp 180g;PS;36.000,0;31.755,00;12,0;;;0,0;0,0;cây;;1,0;;;0,0;1;1;0,0
PVN5182;8934839127978;BCDR P/S than bạc siêu mềm kháng khuẩn;PS;32.000,0;27.622,00;11,0;;;0,0;0,0;cây;;1,0;;;0,0;1;1;0,0
PVN5183;8934839128463;BCDR P/S muối tre chăm sóc nướu;PS;30.000,0;23.671,00;0,0;;;0,0;0,0;cây;;1,0;;;0,0;1;1;0,0
PVN5184;8934839128470;BCDR P/S muối hồng trắng răng tự nhiên;PS;30.000,0;23.671,00;0,0;;;0,0;0,0;cây;;1,0;;;0,0;1;1;0,0
8934839131715;8934839131715;KDR P/S ngừa sâu răng vượt trội hộp 180g;PS;28.000,0;23.790,00;18,0;;;0,0;0,0;hộp;;1,0;;;0,0;1;1;0,0
8934839131739;8934839131739;KDR P/S ngừa sâu răng vượt trội hộp 100g;PS;18.000,0;14.421,00;20,0;;;0,0;0,0;hộp;;1,0;;;0,0;1;1;0,0
8934839127749;8934839127749;KĐR P/S Bảo vệ 123 hộp 230g;PS;38.000,0;32.761,00;16,0;;;0,0;0,0;hộp;;1,0;;;0,0;1;1;0,0
8934839131722;8934839131722;KĐR P/S ngừa sâu răng vượt trội hộp 230g;PS;32.000,0;28.003,00;18,0;;;0,0;0,0;hộp;;1,0;;;0,0;1;1;0,0
8934839128104;8934839128104;KĐR P/S trà xanh hộp 230g;PS;40.000,0;35.229,00;8,0;;;0,0;0,0;hộp;;1,0;;;0,0;1;1;0,0
8934839128067;8934839128067;KĐR P/S Than hoạt tính hộp 230g;PS;40.000,0;35.811,00;16,0;;;0,0;0,0;hộp;;1,0;;;0,0;1;1;0,0
8934839134020;8934839134020;BCDR P/S Bảo vệ 123 mềm mại cây;PS;11.000,0;8.308,00;0,0;;;0,0;0,0;cây;;1,0;;;0,0;1;1;0,0
PVN8466;8934839135027;BCDR P/S Than bạc siêu mềm kháng khuẩn;PS;35.000,0;28.454,00;0,0;;;0,0;0,0;cây;;1,0;;;0,0;1;1;0,0
8934839135003;8934839135003;BCDR P/S Lông tơ sạch hiệu quả cây;PS;20.000,0;14.765,00;0,0;;;0,0;0,0;cây;;1,0;;;0,0;1;1;0,0
8934839135126;8934839135126;KĐR P/S bé ngoan hương dâu hộp 90g;PS;25.000,0;14.880,00;9,0;;;0,0;0,0;hộp;;1,0;;;0,0;1;1;0,0
8934839135164;8934839135164;KĐR P/S Chuyên gia chăm sóc nướu thơm mát hộp 100g;PS;65.000,0;58.683,00;0,0;;;0,0;0,0;cây;;1,0;;;0,0;1;1;0,0
8934839135171;8934839135171;KĐR P/S Chuyên gia chăm sóc nướu trắng răng hộp 100g;PS;65.000,0;58.937,00;7,0;;;0,0;0,0;cây;;1,0;;;0,0;1;1;0,0
8934868199434;8934868199434;KĐT P/S baking soda hương thảo hộp 180g;PS;40.000,0;31.618,00;3,0;;;0,0;0,0;hộp;;1,0;;;0,0;1;1;0,0
8934868199441;8934868199441;KĐR P/S than hoạt tính hộp 180g;PS;37.000,0;31.618,00;18,0;;;0,0;0,0;hộp;;1,0;;;0,0;1;1;0,0
8934868199465;8934868199465;KĐR P/S muối hồng hoa cúc hộp 180g;PS;40.000,0;31.618,00;3,0;;;0,0;0,0;hộp;;1,0;;;0,0;1;1;0,0
8934868199359;8934868199359;KĐR P/S trà xanh hộp 180g;PS;36.000,0;31.965,00;10,0;;;0,0;0,0;hộp;;1,0;;;0,0;1;1;0,0
PVN6684;8934868155690;DG Dove phục hồi hư tổn chai 170g;Dove;49.000,0;32.473,00;0,0;;;0,0;0,0;chai;;1,0;;;0,0;1;1;0,0
8934868188636;8934868188636;ST Dove hồng hương hoa muối hồng dây;Dove;14.000,0;10.954,00;12,0;;;0,0;0,0;dây;;1,0;;;0,0;1;1;0,0
8934868191476;8934868191476;ST Dove xanh lá đào bơ hoa cúc dây;Dove;14.000,0;10.954,00;20,0;;;0,0;0,0;dây;;1,0;;;0,0;1;1;0,0
8934868188667;8934868188667;ST Dove xanh tái tạo độ ẩm xanh dây;Dove;14.000,0;10.954,00;27,0;;;0,0;0,0;dây;;1,0;;;0,0;1;1;0,0
8934868188674;8934868188674;ST Dove xanh tái tạo độ ẩm chai 500g;Dove;120.000,0;111.362,00;1,0;;;0,0;0,0;chai;;1,0;;;0,0;1;1;0,0
8934868188643;8934868188643;ST Dove hồng hương hoa muối hồng chai 500g;Dove;120.000,0;111.362,00;1,0;;;0,0;0,0;chai;;1,0;;;0,0;1;1;0,0
8934868192169;8934868192169;DG Dove Ceramide phục hồi tóc hư tổn dây;Dove;14.000,0;11.197,00;0,0;;;0,0;0,0;dây;;1,0;;;0,0;1;1;0,0
8934868192206;8934868192206;KX Dove Biotin ngăn rụng tóc dây;Dove;14.000,0;11.618,00;0,0;;;0,0;0,0;dây;;1,0;;;0,0;1;1;0,0
8934868192275;8934868192275;KX Dove Ceramide phục hồi hư tổn dây;Dove;14.000,0;11.618,00;0,0;;;0,0;0,0;dây;;1,0;;;0,0;1;1;0,0
8934868192114;8934868192114;DG Dove biotin ngăn gãy rụn tóc dây;Dove;14.000,0;11.618,00;15,0;;;0,0;0,0;dây;;1,0;;;0,0;1;1;0,0
8934868196389;8934868196389;DG Dove phục hồi hư tổn dây (10+2);Dove;14.000,0;11.595,00;0,0;;;0,0;0,0;dây;;1,0;;;0,0;1;1;0,0
8934868196402;8934868196402;KX Dove Ceramide phục hồi hư tổn dây (10+2);Dove;14.000,0;11.618,00;14,0;;;0,0;0,0;dây;;1,0;;;0,0;1;1;0,0
8934868188681;8934868188681;ST Dove xanh tạo độ ẩm chai 900g;Dove;192.000,0;180.341,00;0,0;;;0,0;0,0;chai;;1,0;;;0,0;1;1;0,0
8934868192152;8934868192152;DG Dove ceramide phục hồi hư tổn chai 640g;Dove;142.000,0;133.599,00;0,0;;;0,0;0,0;chai;;1,0;;;0,0;1;1;0,0
PVN9389;8934868180500;DG Dove phục hồi tóc hư tổn chai 320g;Dove;86.000,0;73.694,00;3,0;;;0,0;0,0;chai;;1,0;;;0,0;1;1;0,0
8934868188612;8934868188612;ST Dove xanh lá đào bơ hoa cúc chai 500g;Dove;120.000,0;111.362,00;0,0;;;0,0;0,0;chai;;1,0;;;0,0;1;1;0,0
sm-110-48837;8934868164166;DG Lifebuoy xanh tóc dày óng ả chai 320g;Lifebuoy;52.000,0;49.470,00;0,0;;;0,0;0,0;chai;;1,0;;;0,0;1;1;0,0
sm-127-56590;8934868145233;XBC Lifebuoy đỏ bảo vệ vượt trội cục 90g;Lifebuoy;13.000,0;11.392,00;9,0;;;0,0;0,0;cục;;1,0;;;0,0;1;1;0,0
sm-127-56591;8934868145219;XBC Lifebuoy xanh chăm sóc da cục 90g;Lifebuoy;13.000,0;11.329,00;8,0;;;0,0;0,0;cục;;1,0;;;0,0;1;1;0,0
PVN301;8934868145257;XBC Lifebuoy đỏ bảo vệ vượt trội hộp 125g;Lifebuoy;15.000,0;13.229,00;15,0;;;0,0;0,0;hộp;;1,0;;;0,0;1;1;0,0
8934868154532;8934868154532;ST Lifebuoy đỏ bảo vệ vượt trội chai 1.1kg;Lifebuoy;152.000,0;139.112,00;1,0;;;0,0;0,0;chai;;1,0;;;0,0;1;1;0,0
8934868164173;8934868164173;DG Lifebuoy xanh dưỡng tóc óng ả chai 640g;Lifebuoy;92.000,0;82.538,00;0,0;;;0,0;0,0;chai;;1,0;;;0,0;1;1;0,0
8934868153245;8934868153245;DG Lifebuoy đỏ mềm mượt & kháng khuẩn dây;Lifebuoy;10.000,0;6.454,00;17,0;;;0,0;0,0;dây;;1,0;;;0,0;1;1;0,0
8934868164180;8934868164180;DG Lifebuoy xanh dưỡng tóc óng ả dây;Lifebuoy;10.000,0;6.454,00;15,0;;;0,0;0,0;dây;;1,0;;;0,0;1;1;0,0
8934868167013;8934868167013;NRT Lifebuoy đỏ bảo vệ vượt trội túi 400g;Lifebuoy;53.000,0;48.272,00;5,0;;;0,0;0,0;túi;;1,0;;;0,0;1;1;0,0
PVN4856;8934868153238;DG Lifebuoy đỏ mềm mượt kháng khuẩn chai 640g;Lifebuoy;92.000,0;82.538,00;4,0;;;0,0;0,0;chai;;1,0;;;0,0;1;1;0,0
PVN5052;8934868164159;DG Lifebuoy xanh tóc dày óng ảnh chai 170g;Lifebuoy;32.000,0;28.921,00;1,0;;;0,0;0,0;chai;;1,0;;;0,0;1;1;0,0
PVN5064;8934868166344;NRT Lifebuoy đỏ bảo vệ vượt trội 450g;Lifebouy;68.000,0;62.329,00;0,0;;;0,0;0,0;chai;;1,0;;;0,0;1;1;0,0
PVN5065;8934868166337;NRT Lifebuoy xanh chăm sóc da chai 450g;Lifebuoy;68.000,0;62.668,00;2,0;;;0,0;0,0;chai;;1,0;;;0,0;1;1;0,0
PVN5324;8934868167150;ST Lifebuoy đỏ bảo vệ vượt trội túi 800g;Lifebuoy;120.000,0;110.479,00;2,0;;;0,0;0,0;túi;;1,0;;;0,0;1;1;0,0
8934868167143;8934868167143;ST Lifebuoy xanh chăm sóc da túi 800g;Lifebuoy;120.000,0;110.479,00;1,0;;;0,0;0,0;túi;;1,0;;;0,0;1;1;0,0
PVN5800;8934868173106;ST Lifebuoy đỏ bảo vệ vượt trội chai 850g (KM);Lifebouy;145.000,0;136.431,00;0,0;;;0,0;0,0;chai;;1,0;;;0,0;1;1;0,0
PVN6068;8934868166320;NRT Lifebuoy vàng hương chanh khử mùi chai 450g;Lifebuoy;68.000,0;62.668,00;2,0;;;0,0;0,0;chai;;1,0;;;0,0;1;1;0,0
PVN6127;8934868167068;ST Lifebuoy xanh dưỡng ẩm chai 1kg;Lifebouy;154.000,0;144.233,00;0,0;;;0,0;0,0;chai;;1,0;;;0,0;1;1;0,0
PVN6456;8934868154594;ST Lifebuoy xanh chăm sóc da chai 1.1kg;Lifebuoy;152.000,0;139.112,00;1,0;;;0,0;0,0;chai;;1,0;;;0,0;1;1;0,0
8934868171010;8934868171010;NRT Lifebuoy xanh dưỡng ẩm xanh túi 400g;Lifebuoy;53.000,0;47.653,00;0,0;;;0,0;0,0;túi;;1,0;;;0,0;1;1;0,0
8934868171034;8934868171034;NRT Lifebuoy đỏ bảo vệ vượt trội đỏ túi 1kg;Lifebuoy;118.000,0;109.241,00;2,0;;;0,0;0,0;túi;;1,0;;;0,0;1;1;0,0
PVN7743;8934868183617;XBC Lifebuoy xanh dưỡng ẩm cục cục 125g;Lifebuoy;15.000,0;13.546,00;11,0;;;0,0;0,0;cục;;1,0;;;0,0;1;1;0,0
8934868177784;8934868177784;ST Lifebuoy xanh chăm sóc da chai 800g;Lifebuoy;134.000,0;121.757,00;0,0;;;0,0;0,0;chai;;1,0;;;0,0;1;1;0,0
8934868177760;8934868177760;ST Lifebuoy đỏ bảo vệ da vượt trội chai 800g;Lifebuoy;132.000,0;121.980,00;1,0;;;0,0;0,0;chai;;1,0;;;0,0;1;1;0,0
PVN7897;8934868182429;ST Lifebuoy đỏ bảo vệ vượt trội chai 350g;Lifebuoy;58.000,0;49.051,00;1,0;;;0,0;0,0;chai;;1,0;;;0,0;1;1;0,0
8934868182436;8934868182436;ST Lifebuoy xanh chăm sóc da chai 350g;Lifebuoy;58.000,0;49.051,00;4,0;;;0,0;0,0;chai;;1,0;;;0,0;1;1;0,0
8934868175223;8934868175223;ST Lifebuoy thảo dược & hoa sen chai 800g;Lifebuoy;158.000,0;148.000,00;0,0;;;0,0;0,0;chai;;1,0;;;0,0;1;1;0,0
8934868170990;8934868170990;NRT Lifebuoy xanh dưỡng ẩm túi 1kg;Lifebuoy;125.000,0;90.214,00;0,0;;;0,0;0,0;túi;;1,0;;;0,0;1;1;0,0
PVN8438;8934868185192;XBC Lifebuoy Matcha và khô qua cục 125g;Lifebuoy;16.000,0;13.546,00;9,0;;;0,0;0,0;cục;;1,0;;;0,0;1;1;0,0
8934868167112;8934868167112;ST Lifebuoy khổ qua trà xanh chai 800g;Lifebuoy;158.000,0;147.714,00;2,0;;;0,0;0,0;chai;;1,0;;;0,0;1;1;0,0
PVN9359;8934868155324;NRT Lifebuoy đỏ chăm sóc da chai 180g;Lifebuoy;32.000,0;27.485,00;3,0;;;0,0;0,0;chai;;1,0;;;0,0;1;1;0,0
8934868198840;8934868198840;NRT Lifebuoy đỏ bảo vệ vượt trội chai 499ml;Lifebuoy;70.000,0;62.668,00;1,0;;;0,0;0,0;chai;;1,0;;;0,0;1;1;0,0
8934868198826;8934868198826;NRT Lifebuoy xanh dưỡng ẩm chai 499ml;Lifebuoy;70.000,0;62.668,00;3,0;;;0,0;0,0;chai;;1,0;;;0,0;1;1;0,0
8934868199755;8934868199755;ST Lifebuoy đỏ bảo vệ vượt trội chai 899g;Lifebuoy;138.000,0;124.736,00;0,0;;;0,0;0,0;chai;;1,0;;;0,0;1;1;0,0
8934868199748;8934868199748;ST Lifebuoy xanh chăm sóc da chai 899g;Lifebuoy;138.000,0;124.736,00;0,0;;;0,0;0,0;chai;;1,0;;;0,0;1;1;0,0
PVN18;8934868166559;SRM Hazeline yến mạch dâu tằm tuýp 100g;Hazeline;45.000,0;39.774,00;5,0;;;0,0;0,0;tuýp;;1,0;;;0,0;1;1;0,0
PVN5056;8934868166580;SRM Hazeline nghệ hoa cúc tuýp 50g;Hazeline;28.000,0;20.956,00;0,0;;;0,0;0,0;tuýp;;1,0;;;0,0;1;1;0,0
PVN5057;8934868166566;SRM Hazeline yến mạch dâu tằm tuýp 50g;Hazeline;28.000,0;20.956,00;5,0;;;0,0;0,0;tuýp;;1,0;;;0,0;1;1;0,0
PVN5323;8934868166573;SRM Hazeline nghệ hoa cúc tuýp 100g;Hazeline;45.000,0;37.966,00;5,0;;;0,0;0,0;túyp;;1,0;;;0,0;1;1;0,0
8934868185727;8934868185727;SRM Hazeline tràm trà Cica tuýp 100g (KM);Hazeline;45.000,0;39.774,00;0,0;;;0,0;0,0;tuýp;;1,0;;;0,0;1;1;0,0
8934868183198;8934868183198;SRM Hazeline tràm trà Cica tuýp 50g;Hazeline;28.000,0;20.956,00;0,0;;;0,0;0,0;tuýp;;1,0;;;0,0;1;1;0,0
8934868183181;8934868183181;SRM Hazeline tràm trà Cica tuýp 100g;Hazeline;45.000,0;39.774,00;0,0;;;0,0;0,0;tuýp;;1,0;;;0,0;1;1;0,0
8934868193784;8934868193784;ST Hazeline yến mạch dâu tằm dây;Hazeline;5.000,0;3.427,00;30,0;;;0,0;0,0;dây;;1,0;;;0,0;1;1;0,0
8934868193845;8934868193845;ST Hazeline sữa ong chúa hoa ly dây;Hazeline;5.000,0;3.521,00;17,0;;;0,0;0,0;dây;;1,0;;;0,0;1;1;0,0
8934868193814;8934868193814;ST Hazeline yến mạch dâu tằm chai 1kg;Hazeline;90.000,0;82.544,00;2,0;;;0,0;0,0;chai;;1,0;;;0,0;1;1;0,0
8934868193852;8934868193852;ST Hazeline sữa ong chúa hoa ly chai 1kg;Hazeline;90.000,0;82.544,00;1,0;;;0,0;0,0;chai;;1,0;;;0,0;1;1;0,0
8934868193821;8934868193821;ST Hazeline sữa gạo hoa bưởi chai 800g;Hazeline;90.000,0;84.189,00;4,0;;;0,0;0,0;chai;;1,0;;;0,0;1;1;0,0
8934868193739;8934868193739;ST Hazeline matcha lựu đỏ chai 1kg;Hazeline;90.000,0;84.189,00;0,0;;;0,0;0,0;chai;;1,0;;;0,0;1;1;0,0
8934868194224;8934868194224;ST Hazeline sữa gạo hoa nhài chai 800g;Hazeline;90.000,0;82.544,00;7,0;;;0,0;0,0;chai;;1,0;;;0,0;1;1;0,0
8934868191612;8934868191612;ST Hazeline sữa gạo hoa bưởi chai 350g;Hazeline;40.000,0;33.242,00;0,0;;;0,0;0,0;chai;;1,0;;;0,0;1;1;0,0
8934868199595;8934868199595;ST Hazeline matcha lựu đỏ chai 1kg;Hazeline;95.000,0;84.685,00;0,0;;;0,0;0,0;chai;;1,0;;;0,0;1;1;0,0
8934868199588;8934868199588;ST Hazeline yến mạch dâu tằm chai 1kg;Hazeline;95.000,0;84.685,00;0,0;;;0,0;0,0;chai;;1,0;;;0,0;1;1;0,0
8934868199571;8934868199571;ST Hazeline sữa gạo hoa bưởi chai 800g;Hazeline;95.000,0;84.685,00;2,0;;;0,0;0,0;chai;;1,0;;;0,0;1;1;0,0
sm-110-25864;8934868152583;DG Clear bạc hà mát lạnh chai 630g;Clear;154.000,0;146.384,00;3,0;;;0,0;0,0;chai;;1,0;;;0,0;1;1;0,0
8934868152521;8934868168584;DG Clear men bạc hà 5g dây;Clear;12.000,0;9.663,00;36,0;;;0,0;0,0;dây;;1,0;;;0,0;1;1;0,0
8934868132721;8934868168614;Dầu gội Clear Men mát lạnh bạc hà chai 650g;Clear;158.000,0;151.638,00;3,0;;;0,0;0,0;chai;;1,0;;;0,0;1;1;0,0
PVN1455;8934868152569;DG Clear bạc hà mát lạnh chai 170g;Clear;64.000,0;55.183,00;1,0;;;0,0;0,0;chai;;1,0;;;0,0;1;1;0,0
PVN2735;8934868170259;DG Clear Hoà anh đào dây;Clear;14.000,0;11.595,00;0,0;;;0,0;0,0;dây;;1,0;;;0,0;1;1;0,0
8934868152576;8934868152576;DG Clear bạc hà mát lạnh chai 1.4kg;Clear;282.000,0;267.033,00;0,0;;;0,0;0,0;chai;;1,0;;;0,0;1;1;0,0
PVN4795;8934868165569;DG Clear sạch gàu ngứa 48h chai 630g;Clear;145.000,0;143.135,00;2,0;;;0,0;0,0;chai;;1,0;;;0,0;1;1;0,0
PVN5616;8934868170242;DG Clear bạc hà dây;Clear;14.000,0;11.338,00;0,0;;;0,0;0,0;dây;;1,0;;;0,0;1;1;0,0
PVN5926;8934868153818;DG Clear hoa anh đào băng lạnh chai 630g;Clear;154.000,0;146.996,00;0,0;;;0,0;0,0;chai;;1,0;;;0,0;1;1;0,0
PVN6069;8934868168591;DG Clear Men bạc hà mát lạnh chai 340g;Clear;106.000,0;97.221,00;1,0;;;0,0;0,0;chai;;1,0;;;0,0;1;1;0,0
8934868166696;8934868166696;DG Clear Men hương phong lữ & gỗ đàn hương chai 600g;Clear;158.000,0;147.894,00;2,0;;;0,0;0,0;chai;;1,0;;;0,0;1;1;0,0
8934868168607;8934868168607;DG Clear men bạc hà mát lạnh chai 170g;Clear;64.000,0;56.688,00;3,0;;;0,0;0,0;chai;;1,0;;;0,0;1;1;0,0
8934868170556;8934868170556;DG Clear 9 thảo dược cổ truyền chai 640g;Clear;158.000,0;148.584,00;1,0;;;0,0;0,0;chai;;1,0;;;0,0;1;1;0,0
8934868186984;8934868186984;DG Clear 9 loại thảo dược quý dây;Clear;14.000,0;11.618,00;20,0;;;0,0;0,0;dây;;1,0;;;0,0;1;1;0,0
8934868188117;8934868188117;DG Clear Men hương phong lữ & gỗ đàn hương dây;Clear;12.000,0;9.681,00;0,0;;;0,0;0,0;dây;;1,0;;;0,0;1;1;0,0
8934868196242;8934868196242;DG Clear bạc hà dây (10+2);Clear;14.000,0;11.618,00;29,0;;;0,0;0,0;dây;;1,0;;;0,0;1;1;0,0
8934868195429;8934868195429;DG Clear sạch gàu gừng hoa cúc dây;Clear;14.000,0;11.618,00;11,0;;;0,0;0,0;dây;;1,0;;;0,0;1;1;0,0
8934868194910;8934868194910;DG Clear sạch gàu gừng hoa cúc chai 630g;Clear;158.000,0;148.282,00;2,0;;;0,0;0,0;chai;;1,0;;;0,0;1;1;0,0
8934868198192;8934868198192;DG Clear Men cool sport bạc hà chai 900g (KM);Clear;198.000,0;189.902,00;3,0;;;0,0;0,0;chai;;1,0;;;0,0;1;1;0,0
8934868197089;8934868197089;DG Clear bạc hà mát lạnh chai 350g;Clear;98.000,0;89.100,00;2,0;;;0,0;0,0;chai;;1,0;;;0,0;1;1;0,0
8934868197195;8934868197195;DG Clear Men cool sport chai 350g;Clear;112.000,0;102.465,00;0,0;;;0,0;0,0;chai;;1,0;;;0,0;1;1;0,0
PVN1578;8935001282310;Nước Ice+ vị đào chai 490ml;Wonderfarm;8.000,0;6.458,00;96,0;;;0,0;0,0;chai;;1,0;;;0,0;1;1;0,0
PVN1578-1;PVN1579;Nước Ice+ vị đào chai 490ml;Wonderfarm;45.000,0;38.748,00;16,0;;;0,0;0,0;lóc;PVN1578;6,0;;PVN1578;0,0;1;1;0,0
PVN1578-2;PVN1580;Nước Ice+ vị đào chai 490ml;Wonderfarm;160.000,0;154.992,00;4,0;;;0,0;0,0;thùng;PVN1578;24,0;;PVN1578;0,0;1;1;0,0
PVN1584;8935001282396;Nước Ice+ vị đào chai 345ml;Wonderfarm;7.000,0;5.000,00;26,0;;;0,0;0,0;chai;;1,0;;;0,0;1;1;0,0
PVN1584-1;PVN1585;Nước Ice+ vị đào chai 345ml;Wonderfarm;36.000,0;30.000,00;4,333;;;0,0;0,0;lóc;PVN1584;6,0;;PVN1584;0,0;1;1;0,0
PVN1584-2;PVN1586;Nước Ice+ vị đào chai 345ml;Wonderfarm;130.000,0;120.000,00;1,083;;;0,0;0,0;thùng;PVN1584;24,0;;PVN1584;0,0;1;1;0,0
PVN1593;8935001282327;Nước Ice+ vị nho xanh chai 490ml;Wonderfarm;8.000,0;6.458,00;38,0;;;0,0;0,0;chai;;1,0;;;0,0;1;1;0,0
PVN1593-1;PVN1594;Nước Ice+ vị nho xanh chai 490ml;Wonderfarm;45.000,0;38.748,00;6,333;;;0,0;0,0;lóc;PVN1593;6,0;;PVN1593;0,0;1;1;0,0
PVN1593-2;PVN1595;Nước Ice+ vị nho xanh chai 490ml;Wonderfarm;160.000,0;154.992,00;1,583;;;0,0;0,0;thùng;PVN1593;24,0;;PVN1593;0,0;1;1;0,0
PVN8297;8935001282679;Nước Ice+18 độ vị táo kiwi chai 490ml;Wonderfarm;8.000,0;6.459,00;43,0;;;0,0;0,0;chai;;1,0;;;0,0;1;1;0,0
PVN8297-1;PVN8298;Nước Ice+18 độ vị táo kiwi chai 490ml;Wonderfarm;45.000,0;38.754,00;7,167;;;0,0;0,0;lóc;PVN8297;6,0;;PVN8297;0,0;1;1;0,0
PVN8297-2;PVN8299;Nước Ice+18 độ vị táo kiwi chai 490ml;Wonderfarm;160.000,0;155.016,00;1,792;;;0,0;0,0;thùng;PVN8297;24,0;;PVN8297;0,0;1;1;0,0
PVN8409;8935001282693;Nước Ice+ vị dưa lưới chai 490ml;Wonderfarm;8.000,0;6.459,00;32,0;;;0,0;0,0;chai;;1,0;;;0,0;1;1;0,0
PVN8409-2;PVN8410;Nước Ice+ vị dưa lưới chai 490ml;Wonderfarm;160.000,0;155.016,00;1,333;;;0,0;0,0;thùng;PVN8409;24,0;;PVN8409;0,0;1;1;0,0
PVN8409-1;PVN8411;Nước Ice+ vị dưa lưới chai 490ml;Wonderfarm;45.000,0;38.754,00;5,333;;;0,0;0,0;lóc;PVN8409;6,0;;PVN8409;0,0;1;1;0,0
PVN7193;8936010532113;Cozy trà vải chai 455ml;Cozy;8.000,0;6.924,00;3,0;;;0,0;0,0;chai;;1,0;;;0,0;1;1;0,0
PVN7193-1;PVN7194;Cozy trà vải chai 455ml;Cozy;46.000,0;41.544,00;0,50;;;0,0;0,0;lóc;PVN7193;6,0;;PVN7193;0,0;1;1;0,0
PVN7193-2;PVN7195;Cozy trà vải chai 455ml;Cozy;162.000,0;166.176,00;0,125;;;0,0;0,0;thùng;PVN7193;24,0;;PVN7193;0,0;1;1;0,0
PVN7196;8936010532090;Cozy trà tắc mật ong chai 455ml;Cozy;8.000,0;6.924,00;8,0;;;0,0;0,0;chai;;1,0;;;0,0;1;1;0,0
PVN7196-1;PVN7197;Cozy trà tắc mật ong chai 455ml;Cozy;46.000,0;41.544,00;1,333;;;0,0;0,0;lóc;PVN7196;6,0;;PVN7196;0,0;1;1;0,0
PVN7196-2;PVN7198;Cozy trà tắc mật ong chai 455ml;Cozy;162.000,0;166.176,00;0,333;;;0,0;0,0;thùng;PVN7196;24,0;;PVN7196;0,0;1;1;0,0
PVN7199;8936010532106;Cozy trà đào sả chai 455ml;Cozy;8.000,0;6.924,00;29,0;;;0,0;0,0;chai;;1,0;;;0,0;1;1;0,0
PVN7199-1;PVN7200;Cozy trà đào sả chai 455ml;Cozy;46.000,0;41.544,00;4,833;;;0,0;0,0;lóc;PVN7199;6,0;;PVN7199;0,0;1;1;0,0
PVN7199-2;PVN7201;Cozy trà đào sả chai 455ml;Cozy;162.000,0;166.176,00;1,208;;;0,0;0,0;thùng;PVN7199;24,0;;PVN7199;0,0;1;1;0,0
PVN7231;8936010531390;Cozy trà sâm bí đao gói 25g;Cozy;3.000,0;2.167,00;197,0;;;0,0;0,0;gói;;1,0;;;0,0;1;1;0,0
PVN7231-1;PVN7232;Cozy trà sâm bí đao gói 25g;Cozy;32.000,0;26.004,00;16,417;;;0,0;0,0;dây;PVN7231;12,0;;PVN7231;0,0;1;1;0,0
PVN7233;8936010531796;Cozy trà dâu gói 25g;Cozy;3.000,0;2.167,00;200,0;;;0,0;0,0;gói;;1,0;;;0,0;1;1;0,0
PVN7233-1;PVN7234;Cozy trà dâu gói 25g;Cozy;32.000,0;26.004,00;16,667;;;0,0;0,0;dây;PVN7233;12,0;;PVN7233;0,0;1;1;0,0
PVN7235;8936010531413;Cozy trà vải gói 25g;Cozy;3.000,0;2.167,00;188,0;;;0,0;0,0;gói;;1,0;;;0,0;1;1;0,0
PVN7235-1;PVN7236;Cozy trà vải gói 25g;Cozy;32.000,0;26.004,00;15,667;;;0,0;0,0;dây;PVN7235;12,0;;PVN7235;0,0;1;1;0,0
PVN7237;8936010531383;Cozy trà đào gói 25g;Cozy;3.000,0;2.167,00;192,0;;;0,0;0,0;gói;;1,0;;;0,0;1;1;0,0
PVN7237-1;PVN7238;Cozy trà đào gói 25g;Cozy;32.000,0;26.004,00;16,0;;;0,0;0,0;dây;PVN7237;12,0;;PVN7237;0,0;1;1;0,0
PVN7239;8936010531437;Cozy trà sữa Matcha gói 20g;Cozy;3.000,0;2.500,00;184,0;;;0,0;0,0;gói;;1,0;;;0,0;1;1;0,0
PVN7239-1;PVN7240;Cozy trà sữa Matcha gói 20g;Cozy;33.000,0;30.000,00;15,333;;;0,0;0,0;dây;PVN7239;12,0;;PVN7239;0,0;1;1;0,0
8936010530881;8936010530881;Cozy trà chanh hộp 270g (18gói x15g);Cozy;33.000,0;29.000,00;1,0;;;0,0;0,0;hộp;;1,0;;;0,0;1;1;0,0
PVN7274;8936010531086;Trà túi lọc nhãn vàng Cozy hộp 50g (25góix2g);Cozy;28.000,0;25.000,00;2,0;;;0,0;0,0;hộp;;1,0;;;0,0;1;1;0,0
PVN7275;8936010531109;Trà túi lọc nhãn vàng Cozy hộp 200g (100góix2g);Cozy;78.000,0;75.000,00;1,0;;;0,0;0,0;hộp;;1,0;;;0,0;1;1;0,0
PVN7996;8936010532212;Trà Cozy vị ổi hồng chai 455ml;Cozy;8.000,0;6.924,00;3,0;;;0,0;0,0;chai;;1,0;;;0,0;1;1;0,0
PVN7996-1;PVN7997;Trà Cozy vị ổi hồng chai 455ml;Cozy;46.000,0;41.544,00;0,50;;;0,0;0,0;lóc;PVN7996;6,0;;PVN7996;0,0;1;1;0,0
PVN7996-2;PVN7998;Trà Cozy vị ổi hồng chai 455ml;Cozy;162.000,0;166.176,00;0,125;;;0,0;0,0;thùng;PVN7996;24,0;;PVN7996;0,0;1;1;0,0
PVN8380;8936010530263;Cozy trà gừng HotGinger hộp (20gói x10g);Cozy;45.000,0;40.000,00;6,0;;;0,0;0,0;hộp;;1,0;;;0,0;1;1;0,0
PVN8436;8936010531376;Trà cozy vị chanh gói 25g;Cozy;3.000,0;2.167,00;17,0;;;0,0;0,0;gói;;1,0;;;0,0;1;1;0,0
PVN8436-1;;Trà cozy vị chanh gói 25g;Cozy;30.000,0;26.004,00;1,417;;;0,0;0,0;dây;PVN8436;12,0;;PVN8436;0,0;1;1;0,0
PVN9182;8936010533059;Cozy trà ổi hồng gói 25g;Cozy;3.000,0;2.167,00;180,0;;;0,0;0,0;gói;;1,0;;;0,0;1;1;0,0
PVN9182-1;PVN9183;Cozy trà ổi hồng gói 25g;Cozy;30.000,0;26.004,00;15,0;;;0,0;0,0;dây;PVN9182;12,0;;PVN9182;0,0;1;1;0,0
PVN5266;8938501141019;Cá mồi 3 cô gái có nút khui hộp 155g;3 cô gái;16.000,0;14.900,00;62,0;;;0,0;0,0;hộp;;1,0;;;0,0;1;1;0,0
PVN5266-1;PVN5266;Cá mồi 3 cô gái có nút khui hộp 155g;3 cô gái;154.000,0;1.490.000,00;0,620;;;0,0;0,0;Lóc;PVN5266;100,0;;PVN5266;0,0;1;1;0,0
PVN6653-2;PVN6653;Cá mồi 3 cô gái có nút khui hộp 155g;3 cô gái;1.520.000,0;149.000,00;6,20;;;0,0;0,0;thùng;PVN5266;10,0;;PVN5266;0,0;1;1;0,0
PVN2346;8938501141040;Cá mồi 3 cô gái hộp 190g;3 cô gái;24.000,0;21.500,00;9,0;;;0,0;0,0;hộp;;1,0;;;0,0;1;1;0,0
PVN2346-1;PVN2347;Cá mồi 3 cô gái hộp 190g;3 cô gái;94.000,0;86.000,00;2,250;;;0,0;0,0;lóc;PVN2346;4,0;;PVN2346;0,0;1;1;0,0
PVN2346-2;PVN6855;Cá mồi 3 cô gái hộp 190g;3 cô gái;1.080.000,0;1.032.000,00;0,188;;;0,0;0,0;thùng;PVN2346;48,0;;PVN2346;0,0;1;1;0,0
PVN7804;8938501141163;Cá mồi 3 cô gái hộp 155g (trơn);3 cô gái;15.000,0;12.950,00;85,0;;;0,0;0,0;hộp;;1,0;;;0,0;1;1;0,0
PVN7804-2;PVN8224;Cá mồi 3 cô gái hộp 155g (trơn);3 cô gái;1.320.000,0;1.295.000,00;0,850;;;0,0;0,0;thùng;PVN7804;100,0;;PVN7804;0,0;1;1;0,0
PVN7804-1;PVN8225;Cá mồi 3 cô gái hộp 155g (trơn);3 cô gái;138.000,0;129.500,00;8,50;;;0,0;0,0;lóc;PVN7804;10,0;;PVN7804;0,0;1;1;0,0
PVN178;8934868166924;DG Sunsilk vàng mềm mượt dịu kỳ chai 650g;Sunsilk;128.000,0;117.643,00;2,0;;;0,0;0,0;chai;;1,0;;;0,0;1;1;0,0
PVN459;8934868166252;DG Sunsilk vàng mềm mượt diệu kỳ dây;Sunsilk;10.000,0;7.745,00;0,0;;;0,0;0,0;dây;;1,0;;;0,0;1;1;0,0
8934868113584;8934868166191;DX Sunsilk đen óng mượt rạng ngời dây;Sunsilk;10.000,0;7.745,00;61,0;;;0,0;0,0;dây;;1,0;;;0,0;1;1;0,0
8934868113539;8934868156871;DX Sunsilk vàng mềm mướt diệu kỳ chai 320g;Sunsilk;78.000,0;68.103,00;0,0;;;0,0;0,0;chai;;1,0;;;0,0;1;1;0,0
8934868113515;8934868156918;DG Sunsilk đen óng mượt rạng ngời chai 320g;Sunsilk;76.000,0;65.581,00;0,0;;;0,0;0,0;chai;;1,0;;;0,0;1;1;0,0
8934868156932;8934868166238;DG Sunsilk đen óng mượt rạng ngời dây;Sunsilk;10.000,0;7.745,00;0,0;;;0,0;0,0;dây;;1,0;;;0,0;1;1;0,0
8934868166214;8934868166214;DX Sunsilk vàng mềm mượt dịu kỳ dây;Sunsilk;10.000,0;7.745,00;23,0;;;0,0;0,0;dây;;1,0;;;0,0;1;1;0,0
PVN5577;8934868166870;DG Sunsilk đen óng mượt rạng ngời chai 650g;Sunsilk;125.000,0;119.078,00;0,0;;;0,0;0,0;chai;;1,0;;;0,0;1;1;0,0
PVN5850;8934868166887;DG Sunsilk đen óng mượt rạng ngời chai 900g;Sunsilk;155.000,0;148.961,00;0,0;;;0,0;0,0;chai;;1,0;;;0,0;1;1;0,0
PVN5991;8934868166856;DG Sunsilk đen óng mượt rạng ngời chai 170g;Sunsilk;46.000,0;38.643,00;2,0;;;0,0;0,0;chai;;1,0;;;0,0;1;1;0,0
PVN6611;8934868156970;DG Sunsilk vàng mềm mượt dịu kỳ chai 320g;Sunsilk;78.000,0;67.262,00;1,0;;;0,0;0,0;chai;;1,0;;;0,0;1;1;0,0
8934868166931;8934868166931;DG Sunsilk vàng mềm mượt dịu kỳ chai 900g;Sunsilk;155.000,0;148.512,00;0,0;;;0,0;0,0;chai;;1,0;;;0,0;1;1;0,0
PVN9070;8934868185109;DG Sunsilk nâu bảo vệ tóc trước nguy cơ hư tổn chai 380ml;Sunsilk;89.000,0;82.571,00;1,0;;;0,0;0,0;chai;;1,0;;;0,0;1;1;0,0
PVN9071;8934868185086;DG Sunsilk xanh giảm gãy rụng vượt trội chai 380g;Sunsilk;89.000,0;82.571,00;0,0;;;0,0;0,0;chai;;1,0;;;0,0;1;1;0,0
8934868166825;8934868166825;DG Sunsilk ngăn rụng tóc tinh chất vỏ bưởi chai 650g;Sunsilk;118.000,0;105.283,00;0,0;;;0,0;0,0;chai;;1,0;;;0,0;1;1;0,0
8934868199489;8934868200246;DG Sunsilk đen óng mượt rạng ngời dây (10+2);Sunsilk;10.000,0;7.745,00;21,0;;;0,0;0,0;dây;;1,0;;;0,0;1;1;0,0
8934868199519;8934868199519;DG Sunsilk vàng mềm mượt dịu kỳ dây (10+2);Sunsilk;10.000,0;7.745,00;44,0;;;0,0;0,0;dây;;1,0;;;0,0;1;1;0,0
8934868200253;8934868200253;DG Sunsilk vàng mềm mượt diệu kỳ dây (10+2);Sunsilk;10.000,0;7.745,00;78,0;;;0,0;0,0;dây;;1,0;;;0,0;1;1;0,0
8934868196051;8934868196051;DG Sunsilk đen óng mượt rạng ngời chai 600g;Sunsilk;125.000,0;119.078,00;2,0;;;0,0;0,0;chai;;1,0;;;0,0;1;1;0,0
PVN169;8934868167204;BG Surf ngát hương xuân gói 380g;Surf;13.000,0;10.811,00;0,0;;;0,0;0,0;bịch;;1,0;;;0,0;1;1;0,0
PVN170;8934868159131;BG Surf ngát hương xuân bịch 800g;Surf;23.000,0;20.042,00;9,0;;;0,0;0,0;bịch;;1,0;;;0,0;1;1;0,0
PVN2126;8934868159179;BG Surf ngát hương xuấn bịch 2kg;Surf;50.000,0;43.727,00;2,0;;;0,0;0,0;gói;;1,0;;;0,0;1;1;0,0
PVN3465;8934868167211;BG Surf ngát hương xuân bịch 5.5kg;Surf;129.000,0;123.075,00;3,0;;;0,0;0,0;bịch;;1,0;;;0,0;1;1;0,0
8934868178323;8934868178323;NG Surf hương cỏ hoa dịu kỳ túi 2.9kg;Surf;95.000,0;84.939,00;4,0;;;0,0;0,0;túi;;1,0;;;0,0;1;1;0,0
8934868192084;8934868192084;NG Surf tím hương hoa cỏ huyền bí túi 3.6kg;Surf;110.000,0;101.652,00;4,0;;;0,0;0,0;túi;;1,0;;;0,0;1;1;0,0
8934868192060;8934868192060;NG Surf hương sương mai diệu mát túi 3.6kg;Surf;110.000,0;100.544,00;3,0;;;0,0;0,0;túi;;1,0;;;0,0;1;1;0,0
8934868192077;8934868192077;NG Surf hương cỏ hoa dịu kỳ túi 3.6kg;Surf;110.000,0;101.652,00;2,0;;;0,0;0,0;túi;;1,0;;;0,0;1;1;0,0
8934868195467;8934868195467;NG Surf hương hoa cỏ dịu kỳ chai 2.7kg;Surf;84.000,0;79.316,00;2,0;;;0,0;0,0;chai;;1,0;;;0,0;1;1;0,0
8934868195474;8934868195474;NG Surf hương hoa cỏ huyền bí chai 2.7kg;Surf;84.000,0;76.738,00;2,0;;;0,0;0,0;chai;;1,0;;;0,0;1;1;0,0
8934868178309;8934868178309;NG Surf hương sương mai dịu mát túi 2.9kg;Surf;95.000,0;84.939,00;4,0;;;0,0;0,0;túi;;1,0;;;0,0;1;1;0,0
8934868196228;8934868196228;NRC Surf hương chanh sả túi 3.2kg;Surf;52.000,0;45.900,00;7,0;;;0,0;0,0;túi;;1,0;;;0,0;1;1;0,0
8934868196167;8934868196167;NRC Surf hương chanh sả can 3.4kg;Surf;54.000,0;53.147,00;2,0;;;0,0;0,0;can;;1,0;;;0,0;1;1;0,0
8934868196600;8934868196600;NRC Surf hương chanh sả chai 750g;Surf;16.000,0;12.772,00;14,0;;;0,0;0,0;chai;;1,0;;;0,0;1;1;0,0
06821304;8934868196235;NRC Surf hương trà xanh & lá dứa túi 3.2kg;Surf;52.000,0;45.900,00;4,0;;;0,0;0,0;túi;;1,0;;;0,0;1;1;0,0
8934868196594;8934868196594;NRC Surf hương chanh sả can 1.4kg;Surf;26.000,0;22.990,00;9,0;;;0,0;0,0;can;;1,0;;;0,0;1;1;0,0
sm-89-56569;8934868169482;BG Omo hương Comfort tinh dầu bịch 350g;Omo;20.000,0;16.442,00;14,0;;;0,0;0,0;bịch;;1,0;;;0,0;1;1;0,0
PVN5472;8934868169475;BG Omo comfort tinh dầu bịch 700g;Omo;38.000,0;32.181,00;0,0;;;0,0;0,0;bịch;;1,0;;;0,0;1;1;0,0
PVN5498;8934868169499;BG Omo hương comfort tinh dầu bịch 3.9kg;Omo;156.000,0;148.803,00;0,0;;;0,0;0,0;bịch;;1,0;;;0,0;1;1;0,0
PVN5660;8934868169567;BG Omo comfort hương tinh dầu bịch 4.3kg;Omo;165.000,0;147.140,00;1,0;;;0,0;0,0;bịch;;1,0;;;0,0;1;1;0,0
PVN5662;8934868169437;BG Omo hương hoa hồng dịu mát bịch 700g;Omo;38.000,0;32.181,00;3,0;;;0,0;0,0;bịch;;1,0;;;0,0;1;1;0,0
PVN5663;8934868169550;BG Omo Matic gói 380g;Omo;20.000,0;16.442,00;13,0;;;0,0;0,0;Bịch;;1,0;;;0,0;1;1;0,0
8934868169543;8934868169543;BG Omo đỏ bịch 770g;Omo;38.000,0;32.181,00;0,0;;;0,0;0,0;bịch;;1,0;;;0,0;1;1;0,0
8934868187837;8934868187837;BG Omo hương comfort sang trọng bền lâu bịch 5.1kg;Omo;194.000,0;181.064,00;0,0;;;0,0;0,0;bịch;;1,0;;;0,0;1;1;0,0
8934868187851;8934868187851;BG Omo Matic đỏ bịch 5.5kg;Omo;194.000,0;181.064,00;0,0;;;0,0;0,0;bịch;;1,0;;;0,0;1;1;0,0
8934868169598;8934868169598;BG Omo Matic hương thơm mát bịch 2.9kg;Omo;124.000,0;107.565,00;3,0;;;0,0;0,0;bịch;;1,0;;;0,0;1;1;0,0
8934868169512;8934868169512;BG Omo Comfort hương tinh dầu bịch 2.6kg;Omo;120.000,0;111.372,00;1,0;;;0,0;0,0;bịch;;1,0;;;0,0;1;1;0,0
8934868169468;8934868169468;BG Omo comfort hoa hồng pháp ngọt ngào bịch 2.6kg;Omo;118.000,0;111.372,00;0,0;;;0,0;0,0;bịch;;1,0;;;0,0;1;1;0,0
8935039510911;8935039572520;Sốt Mayonnaise chai 130g;Ajinomoto;22.000,0;18.000,00;14,0;;;0,0;0,0;chai;;1,0;;;0,0;1;1;0,0
8935039510928;8935039572537;Sốt Mayonnaise chai 260g;Ajinomoto;35.000,0;29.000,00;17,0;;;0,0;0,0;chai;;1,0;;;0,0;1;1;0,0
PVN2309;8935039511086;Nước tương Phú Sĩ chai 500ml;Ajinomoto;18.000,0;14.500,00;22,0;;;0,0;0,0;chai;;1,0;;;0,0;1;1;0,0
PVN2309-1;PVN6406;Nước tương Phú Sĩ chai 500ml;Ajinomoto;398.000,0;348.000,00;0,917;;;0,0;0,0;thùng;PVN2309;24,0;;PVN2309;0,0;1;1;0,0
PVN2687;8935039511079;Nước tương Phú sĩ chai 240ml;Ajinomoto;12.000,0;9.500,00;38,0;;;0,0;0,0;chai;;1,0;;;0,0;1;1;0,0
PVN2687-1;PVN6407;Nước tương Phú sĩ chai 240ml;Ajinomoto;285.000,0;285.000,00;1,267;;;0,0;0,0;thùng;PVN2687;30,0;;PVN2687;0,0;1;1;0,0
PVN2308;8935039510034;Giấm gạo Lisa chai 400ml;Ajinomoto;18.000,0;16.500,00;10,0;;;0,0;0,0;chai;;1,0;;;0,0;1;1;0,0
PVN6414;8935039513257;Gia vị Aji Quick nêm sẵn lẩu Thái bịch 55g;Ajinomoto;9.000,0;6.400,00;23,0;;;0,0;0,0;gói;;1,0;;;0,0;1;1;0,0
PVN6414-1;PVN6414;Gia vị Aji Quick nêm sẵn lẩu Thái bịch 55g;Ajinomoto;920.000,0;768.000,00;0,192;;;0,0;0,0;thùng;PVN6414;120,0;;PVN6414;0,0;1;1;0,0
PVN7614;8935039500707;Bột ngọt Ajinomoto bịch 1kg;Ajinomoto;66.000,0;64.000,00;38,0;;;0,0;0,0;gói;;1,0;;;0,0;1;1;0,0
PVN7614-1;PVN7614;Bột ngọt Ajinomoto bịch 1kg;Ajinomoto;985.000,0;960.000,00;2,533;;;0,0;0,0;thùng;PVN7614;15,0;;PVN7614;0,0;1;1;0,0
PVN216;8935039508215;Hạt nêm Aji-ngon đậm xương thịt gói 170g;Ajinomoto;15.000,0;12.519,00;18,0;;;0,0;0,0;gói;;1,0;;;0,0;1;1;0,0
PVN216-1;PVN5883;Hạt nêm Aji-ngon đậm xương thịt gói 170g;Ajinomoto;422.000,0;400.608,00;0,563;;;0,0;0,0;thùng;PVN216;32,0;;PVN216;0,0;1;1;0,0
PVN9029;8935039500219;Bột ngọt Ajinomoto bịch 100g;Ajinomoto;9.000,0;7.300,00;111,0;;;0,0;0,0;gói;;1,0;;;0,0;1;1;0,0
PVN9029-1;PVN9029;Bột ngọt Ajinomoto bịch 100g;Ajinomoto;886.000,0;876.000,00;0,925;;;0,0;0,0;thùng;PVN9029;120,0;;PVN9029;0,0;1;1;0,0
PVN5882;8935039508222;Hạt nêm Aji-ngon đậm thịt ngọt xương bịch 400g;Ajinomoto;27.000,0;23.500,00;12,0;;;0,0;0,0;gói;;1,0;;;0,0;1;1;0,0
PVN5882-1;PVN5882;Hạt nêm Aji-ngon đậm thịt ngọt xương bịch 400g;Ajinomoto;575.000,0;564.000,00;0,50;;;0,0;0,0;thùng;PVN5882;24,0;;PVN5882;0,0;1;1;0,0
PVN5884;8935039508239;Hạt nêm Aji-ngon đậm xương thịt gói 900g;Ajinomoto;56.000,0;50.000,00;17,0;;;0,0;0,0;gói;;1,0;;;0,0;1;1;0,0
PVN5884-1;PVN5884;Hạt nêm Aji-ngon đậm xương thịt gói 900g;Ajinomoto;695.000,0;600.000,00;1,417;;;0,0;0,0;thùng;PVN5884;12,0;;PVN5884;0,0;1;1;0,0
PVN2033;8935039514223;Bột chiên giòn khô Aji-Quick bịch 42g;Ajinomoto;7.000,0;6.000,00;41,0;;;0,0;0,0;bịch;;1,0;;;0,0;1;1;0,0
PVN2033-1;PVN5886;Bột chiên giòn khô Aji-Quick bịch 42g;Ajinomoto;82.000,0;72.000,00;3,417;;;0,0;0,0;lóc;PVN2033;12,0;;PVN2033;0,0;1;1;0,0
PVN2033-2;PVN8940;Bột chiên giòn khô Aji-Quick bịch 42g;Ajinomoto;385.000,0;360.000,00;0,683;;;0,0;0,0;thùng;PVN2033;60,0;;PVN2033;0,0;1;1;0,0
PVN2222;8935039500400;Bột ngọt Ajinomoto bịch 400g;Ajinomoto;32.000,0;28.500,00;54,0;;;0,0;0,0;bịch;;1,0;;;0,0;1;1;0,0
PVN2222-1;PVN6230;Bột ngọt Ajinomoto bịch 400g;Ajinomoto;908.000,0;855.000,00;1,80;;;0,0;0,0;thùng;PVN2222;30,0;;PVN2222;0,0;1;1;0,0
PVN2305;8935039508208;Hạt nêm Aji-ngon đậm vị xương thịt bịch 55g;Ajinomoto;6.000,0;3.800,00;26,0;;;0,0;0,0;bịch;;1,0;;;0,0;1;1;0,0
PVN2305-1;PVN8551;Hạt nêm Aji-ngon đậm vị xương thịt bịch 55g;Ajinomoto;652.000,0;570.000,00;0,173;;;0,0;0,0;thùng;PVN2305;150,0;;PVN2305;0,0;1;1;0,0
PVN2307;8935039513264;Bột chiên giòn Aji quick bịch 150g;Ajinomoto;10.000,0;8.700,00;27,0;;;0,0;0,0;bịch;;1,0;;;0,0;1;1;0,0
PVN2307-1;PVN6408;Bột chiên giòn Aji quick bịch 150g;Ajinomoto;550.000,0;522.000,00;0,450;;;0,0;0,0;thùng;PVN2307;60,0;;PVN2307;0,0;1;1;0,0
PVN8549;8935039500967;Bột ngọt Ajinomoto bịch 230g;Ajinomoto;19.000,0;16.000,00;25,0;;;0,0;0,0;bịch;;1,0;;;0,0;1;1;0,0
PVN8549-1;PVN8550;Bột ngọt Ajinomoto bịch 230g;Ajinomoto;555.000,0;480.000,00;0,833;;;0,0;0,0;thùng;PVN8549;30,0;;PVN8549;0,0;1;1;0,0
PVN8934;8935039514308;lẩu nấm aji - Quick;Ajinomoto;8.000,0;7.000,00;11,0;;;0,0;0,0;bịch;;1,0;;;0,0;1;1;0,0
PVN9196;8935039505559;Hạt nêm Aji - ngon heo 2kg;Ajinomoto;116.000,0;100.000,00;5,0;;;0,0;0,0;bịch;;1,0;;;0,0;1;1;0,0
PVN43;8934868172468;NRC Sunlight hương Chanh chai 3.6kg;Sunlight;88.000,0;75.976,00;1,0;;;0,0;0,0;can;;1,0;;;0,0;1;1;0,0
8934868145967;8934868162445;NLS Sunlight hương hoa lily chai 1L;Sunlight;34.000,0;25.524,00;5,0;;;0,0;0,0;chai;;1,0;;;0,0;1;1;0,0
PVN1918;8934868148319;NLS Sunlight tinh dầu chanh sả chai 1kg;Sunlight;32.000,0;27.470,00;5,0;;;0,0;0,0;chai;;1,0;;;0,0;1;1;0,0
lshh;8934868162407;NLS Sunlight hương hoa hạ & bạc hà chai 1kg;Sunlight;34.000,0;25.524,00;6,0;;;0,0;0,0;chai;;1,0;;;0,0;1;1;0,0
PVN4642;8934868162469;NLS Sunlight thiên nhiên chai 1L;Sunlight;32.000,0;27.882,00;0,0;;;0,0;0,0;chai;;1,0;;;0,0;1;1;0,0
8934868171850;8934868171850;Nước lau kính Sunlight chai 520ml;Sunlight;26.000,0;21.731,00;1,0;;;0,0;0,0;chai;;1,0;;;0,0;1;1;0,0
PVN6668;8934868171843;Nước lau đa năng Sunlight chanh & sả chai chai 500ml;Sunlight;32.000,0;25.905,00;5,0;;;0,0;0,0;chai;;1,0;;;0,0;1;1;0,0
PVN6716;8934868172475;NRC Sunlight hương chanh chai 1.4kg;Sunlight;32.000,0;26.050,00;3,0;;;0,0;0,0;chai;;1,0;;;0,0;1;1;0,0
PVN6719;8934868172437;NRC Sunlight hương chanh chai 750g;Sunlight;24.000,0;20.661,00;10,0;;;0,0;0,0;chai;;1,0;;;0,0;1;1;0,0
PVN6824;8934868172390;NRC Sunlight hương chanh túi 750g;Sunlight;23.000,0;18.770,00;14,0;;;0,0;0,0;túi;;1,0;;;0,0;1;1;0,0
8934868172413;8934868172413;NRC Sunlight hương chanh túi 1.4kg;Sunlight;33.000,0;28.533,00;9,0;;;0,0;0,0;túi;;1,0;;;0,0;1;1;0,0
8934868172451;8934868172451;NRC Sunlight hương chanh chai 400g;Sunlight;16.000,0;12.144,00;8,0;;;0,0;0,0;chai;;1,0;;;0,0;1;1;0,0
8934868158639;8934868158639;NLS Sunlight hương hoa hạ & bạc hà túi 3.6kg;Sunlight;65.000,0;56.874,00;2,0;;;0,0;0,0;túi;;1,0;;;0,0;1;1;0,0
8934868174134;8934868174134;NLS Sunlight hương hoa Lavender túi 3.6kg;Sunlight;65.000,0;56.242,00;2,0;;;0,0;0,0;túi;;1,0;;;0,0;1;1;0,0
8934868172727;8934868172727;NLS Sunlight hương chanh Yuzu sả chai 1L;Sunlight;34.000,0;28.657,00;6,0;;;0,0;0,0;chai;;1,0;;;0,0;1;1;0,0
8934868174110;8934868174110;NLS Sunlight hương hoa Lavender chai 1kg;Sunlight;34.000,0;25.524,00;5,0;;;0,0;0,0;chai;;1,0;;;0,0;1;1;0,0
8934868158660;8934868158660;NLS Sunlight hương hoa Lily & hương thảo túi 3.6kg;Sunlight;65.000,0;57.563,00;1,0;;;0,0;0,0;túi;;1,0;;;0,0;1;1;0,0
8934868172659;8934868172659;NLS Sunlight hương quế cam Bergamot chai 1L;Sunlight;34.000,0;20.955,00;7,0;;;0,0;0,0;chai;;1,0;;;0,0;1;1;0,0
8934868182573;8934868182573;NRC Sunlight Matcha trà xanh chai 750g;Sunlight;33.000,0;26.782,00;15,0;;;0,0;0,0;chai;;1,0;;;0,0;1;1;0,0
8934868182634;8934868182634;NRC Sunlight thiên nhiên lô hội chai 750g;Sunlight;33.000,0;26.503,00;15,0;;;0,0;0,0;chai;;1,0;;;0,0;1;1;0,0
8934868188193;8934868188193;Lau bếp bọt tuyết Sunlight chai 500ml;Sunlight;35.000,0;27.714,00;2,0;;;0,0;0,0;chai;;1,0;;;0,0;1;1;0,0
8934868182665;8934868182665;NRC Sunlight thiên nhiên lô hội túi 720g;Sunlight;28.000,0;23.027,00;8,0;;;0,0;0,0;túi;;1,0;;;0,0;1;1;0,0
8934868182603;8934868182603;NRC Sunlight Matcha trà xanh túi 720g;Sunlight;28.000,0;23.027,00;7,0;;;0,0;0,0;túi;;1,0;;;0,0;1;1;0,0
8934868172703;8934868172703;NLS Sunlight hương chanh yuzu sả túi 3.4kg;Sunlight;65.000,0;56.454,00;3,0;;;0,0;0,0;túi;;1,0;;;0,0;1;1;0,0
8934868196181;8934868196181;NRC Sunlight hương chanh túi 3.1kg;Sunlight;64.000,0;58.390,00;11,0;;;0,0;0,0;túi;;1,0;;;0,0;1;1;0,0
8934868182627;8934868182627;NRC Sunlight Matcha trà xanh túi 3.3kg;Sunlight;89.000,0;83.291,00;1,0;;;0,0;0,0;túi;;1,0;;;0,0;1;1;0,0
8934868182689;8934868182689;NRC Sunlight thiên nhiên lô hội túi 3.3kg;Sunlight;89.000,0;82.275,00;1,0;;;0,0;0,0;túi;;1,0;;;0,0;1;1;0,0
PVN9469;8934868199830;Bộ NRC Sunlight hương thiên nhiên lô hội 3.1kg+NLS hương chanh yuzu sả chai 1kg;;118.000,0;106.893,00;5,0;;;0,0;0,0;túi;;1,0;;;0,0;1;1;0,0
PVN156;8850228003510;NTL Warrior vị dâu lon 325ml;Warrior;9.000,0;7.293,00;0,0;;;0,0;0,0;lon;;1,0;;;0,0;1;1;0,0
PVN156-1;PVN490;NTL Warrior vị dâu lon 325ml;Warrior;47.000,0;43.758,00;0,0;;;0,0;0,0;lóc;PVN156;6,0;;PVN156;0,0;1;1;0,0
PVN156-2;PVN9456;NTL Warrior vị dâu lon 325ml;Warrior;178.000,0;175.032,00;0,0;;;0,0;0,0;thùng;PVN156;24,0;;PVN156;0,0;1;1;0,0
PVN158;8850228003541;NTL Warrior vị dâu chai 330ml;Warrior;8.500,0;6.747,00;79,0;;;0,0;0,0;chai;;1,0;;;0,0;1;1;0,0
PVN158-1;PVN489;NTL Warrior vị dâu chai 330ml;Warrior;45.000,0;40.482,00;13,167;;;0,0;0,0;lóc;PVN158;6,0;;PVN158;0,0;1;1;0,0
PVN158-2;PVN1061;NTL Warrior vị dâu chai 330ml;Warrior;168.000,0;161.928,00;3,292;;;0,0;0,0;thùng;PVN158;24,0;;PVN158;0,0;1;1;0,0
PVN162;8850228005446;NTL Warrior vị nho chai 330ml;Warrior;8.500,0;6.747,00;96,0;;;0,0;0,0;chai;;1,0;;;0,0;1;1;0,0
PVN162-1;PVN497;NTL Warrior vị nho chai 330ml;Warrior;45.000,0;40.482,00;16,0;;;0,0;0,0;lóc;PVN162;6,0;;PVN162;0,0;1;1;0,0
PVN162-2;PVN1063;NTL Warrior vị nho chai 330ml;Warrior;168.000,0;161.928,00;4,0;;;0,0;0,0;thùng;PVN162;24,0;;PVN162;0,0;1;1;0,0
PVN2474;8850228006733;NTL Warrior vị nho lon 325ml;Warrior;9.000,0;7.061,00;0,0;;;0,0;0,0;lon;;1,0;;;0,0;1;1;0,0
PVN2474-1;PVN2475;NTL Warrior vị nho lon 325ml;Warrior;47.000,0;42.366,00;0,0;;;0,0;0,0;lóc;PVN2474;6,0;;PVN2474;0,0;1;1;0,0
PVN2474-2;PVN2476;NTL Warrior vị nho lon 325ml;Warrior;178.000,0;169.464,00;0,0;;;0,0;0,0;thùng;PVN2474;24,0;;PVN2474;0,0;1;1;0,0
PVN701;8936013254098;Lao sàn Gift Iris 1l;;28.000,0;22.500,00;7,0;;;0,0;0,0;chai;;1,0;;;0,0;1;1;0,0
8936013254012;8936013254012;NLS Gift hương Ylang chai 1L;;28.000,0;22.500,00;8,0;;;0,0;0,0;chai;;1,0;;;0,0;1;1;0,0
PVN2361;8936013254029;Lau sàn Gift hương lily 1L;;28.000,0;22.500,00;10,0;;;0,0;0,0;chai;;1,0;;;0,0;1;1;0,0
PVN2362;8936013254180;Lau sàn Gift hương hoa tulip 1L;;28.000,0;22.500,00;5,0;;;0,0;0,0;chai;;1,0;;;0,0;1;1;0,0
PVN2832;8936013254456;Lau sàn Gift baby Smile 1L;;28.000,0;22.500,00;7,0;;;0,0;0,0;chai;;1,0;;;0,0;1;1;0,0
PVN2833;8936013254036;NLS Gift hương bạc hà chai 1L;Gift;28.000,0;22.500,00;13,0;;;0,0;0,0;chai;;1,0;;;0,0;1;1;0,0
PVN2958;8936013254203;Nước lao sàn Gift hương hoa Tulip 3.8kg;Gift;65.000,0;58.154,00;2,0;;;0,0;0,0;chai;;1,0;;;0,0;1;1;0,0
PVN2959;8936013254081;Nước lao sàn Gift hương bạc hà 3.8kg;Gift;65.000,0;58.154,00;8,0;;;0,0;0,0;chai;;1,0;;;0,0;1;1;0,0
PVN2960;8936013254463;Nước lao sàn Gift Baby smile 3.8kg;Gift;65.000,0;58.154,00;0,0;;;0,0;0,0;chai;;1,0;;;0,0;1;1;0,0
PVN2961;8936013254104;Nước lao sàn Gift Sweet Iris 3.8kg;Gift;65.000,0;58.154,00;4,0;;;0,0;0,0;chai;;1,0;;;0,0;1;1;0,0
PVN3174;8936013254067;Lau sàn Gift hương lily 3.8kg;;65.000,0;58.154,00;6,0;;;0,0;0,0;can;;1,0;;;0,0;1;1;0,0
PVN3175;8936013254050;Lau sàn Gift hương Ylang 3.8kg;;65.000,0;58.154,00;5,0;;;0,0;0,0;can;;1,0;;;0,0;1;1;0,0
PVN3342;8936013253923;Gift lau sàn bột trà xanh chiếc xuất lô hội 3.8kg;;62.000,0;58.154,00;0,0;;;0,0;0,0;can;;1,0;;;0,0;1;1;0,0
PVN3343;8936013253909;Gift lau sàn bột than và chiếc xuất tre 3.8kg;;65.000,0;58.154,00;0,0;;;0,0;0,0;can;;1,0;;;0,0;1;1;0,0
PVN3391;8936013254951;Gift lau kính 580ml;;23.000,0;18.000,00;0,0;;;0,0;0,0;chai;;1,0;;;0,0;1;1;0,0
PVN4709;8936013254005;Gift lau sàn sakura 1l;;28.000,0;22.500,00;8,0;;;0,0;0,0;chai;;1,0;;;0,0;1;1;0,0
PVN5704;8936013254272;Lau sàn Gift yuzu 1l;;28.000,0;23.500,00;0,0;;;0,0;0,0;chai;;1,0;;;0,0;1;1;0,0
PVN5705;8936013254289;Lau sàn gift Trà xanh 1l;;28.000,0;22.500,00;1,0;;;0,0;0,0;chai;;1,0;;;0,0;1;1;0,0
8936013254265;8936013254265;LS Gift bột than & tre chai 1L;;28.000,0;22.500,00;0,0;;;0,0;0,0;chai;;1,0;;;0,0;1;1;0,0
PVN6714;8936013254074;Nước lao sàn Gift hương hoa Sakura can 3.8kg;Gift;65.000,0;58.154,00;0,0;;;0,0;0,0;can;;1,0;;;0,0;1;1;0,0
PVN6344;8936036026153;Bánh C'est bon sợi gà bịch 85g;Chocopie;20.000,0;16.000,00;23,0;;;0,0;0,0;bịch;;1,0;;;0,0;1;1;0,0
PVN6344-1;PVN6344;Bánh C'est bon sợi gà bịch 85g;Chocopie;336.000,0;320.000,00;1,150;;;0,0;0,0;thùng;PVN6344;20,0;;PVN6344;0,0;1;1;0,0
PVN2052;8936036027464;Bánh C'est bon sốt kem phô mai bịch 85g;Chocopie;20.000,0;16.000,00;0,0;;;0,0;0,0;bịch;;1,0;;;0,0;1;1;0,0
PVN2052-1;PVN6345;Bánh C'est bon sốt kem phô mai bịch 85g;Chocopie;336.000,0;320.000,00;0,0;;;0,0;0,0;thùng;PVN2052;20,0;;PVN2052;0,0;1;1;0,0
PVN7938;8936036029376;C'est bon Sandwich sốt bơ phô mai chà bông bịch 147g;Chocopie;29.000,0;25.576,00;3,0;;;0,0;0,0;bịch;;1,0;;;0,0;1;1;0,0
PVN7938-1;PVN7939;C'est bon Sandwich sốt bơ phô mai chà bông bịch 147g;Chocopie;320.000,0;306.912,00;0,250;;;0,0;0,0;thùng;PVN7938;12,0;;PVN7938;0,0;1;1;0,0
PVN8238;8936036029901;Bánh C'est bon Baguette vị bơ tỏi đút lò bịch 108g;Chocopie;20.000,0;15.980,00;5,0;;;0,0;0,0;bịch;;1,0;;;0,0;1;1;0,0
PVN8238-1;PVN8241;Bánh C'est bon Baguette vị bơ tỏi đút lò bịch 108g;Chocopie;349.000,0;319.600,00;0,250;;;0,0;0,0;thùng;PVN8238;20,0;;PVN8238;0,0;1;1;0,0
PVN8446;8936029422030;C'est bon sandwich bịch 98g;Chocopie;20.000,0;17.700,00;0,0;;;0,0;0,0;bịch;;1,0;;;0,0;1;1;0,0
PVN8446-1;PVN8608;C'est bon sandwich bịch 98g;Chocopie;370.000,0;354.000,00;0,0;;;0,0;0,0;thùng;PVN8446;20,0;;PVN8446;0,0;1;1;0,0
PVN5906;8936036026191;Bánh gạo An vị tảo biển gói 111.3g;Chocopie;18.000,0;13.682,00;0,0;;;0,0;0,0;bịch;;1,0;;;0,0;1;1;0,0
PVN5906-1;PVN5906;Bánh gạo An vị tảo biển gói 111.3g;Chocopie;283.000,0;273.640,00;0,0;;;0,0;0,0;thùng;PVN5906;20,0;;PVN5906;0,0;1;1;0,0
PVN5522;8936036026177;Bánh gạo An vị tự nhiên bịch 151,2g;Chocopie;18.000,0;15.832,00;8,0;;;0,0;0,0;bịch;;1,0;;;0,0;1;1;0,0
PVN5522-1;PVN5522;Bánh gạo An vị tự nhiên bịch 151,2g;Chocopie;275.000,0;316.640,00;0,40;;;0,0;0,0;thùng;PVN5522;20,0;;PVN5522;0,0;1;1;0,0
PVN4651;8936036028300;Bánh gạo An vị khoai tây phô mai nướng bịch 100.8g;Chocopie;18.000,0;13.106,00;6,0;;;0,0;0,0;bịch;;1,0;;;0,0;1;1;0,0
PVN4651-1;PVN6199;Bánh gạo An vị khoai tây phô mai nướng bịch 100.8g;Chocopie;279.000,0;262.120,00;0,30;;;0,0;0,0;thùng;PVN4651;20,0;;PVN4651;0,0;1;1;0,0
PVN5759;8936036026542;Bánh gạo An vị tảo biển gói gói 174.9g;Chocopie;23.000,0;18.888,00;25,0;;;0,0;0,0;bịch;;1,0;;;0,0;1;1;0,0
PVN5759-1;PVN5907;Bánh gạo An vị tảo biển gói gói 174.9g;Chocopie;395.000,0;377.760,00;1,250;;;0,0;0,0;thùng;PVN5759;20,0;;PVN5759;0,0;1;1;0,0
PVN5900;8936036026535;Bánh gạo An vị tự nhiên gói 226,8g;Chocopie;23.000,0;18.888,00;5,0;;;0,0;0,0;bịch;;1,0;;;0,0;1;1;0,0
PVN5900-1;PVN5901;Bánh gạo An vị tự nhiên gói 226,8g;Chocopie;395.000,0;377.760,00;0,250;;;0,0;0,0;thùng;PVN5900;20,0;;PVN5900;0,0;1;1;0,0
PVN6571;8936036029932;Bánh gạo An chà bông ruốc thịt đậm đà bịch 145.6g;Chocopie;28.000,0;23.769,00;20,0;;;0,0;0,0;bịch;;1,0;;;0,0;1;1;0,0
PVN6571-1;PVN6572;Bánh gạo An chà bông ruốc thịt đậm đà bịch 145.6g;Chocopie;258.000,0;237.690,00;2,0;;;0,0;0,0;thùng;PVN6571;10,0;;PVN6571;0,0;1;1;0,0
PVN7999;8936029421033;Bánh gạo an cốm sen bịch 168g;Chocopie;23.000,0;20.223,00;7,0;;;0,0;0,0;bịch;;1,0;;;0,0;1;1;0,0
PVN7999-1;PVN8000;Bánh gạo an cốm sen bịch 168g;Chocopie;220.000,0;202.230,00;0,70;;;0,0;0,0;thùng;PVN7999;10,0;;PVN7999;0,0;1;1;0,0
PVN9026;8936029422542;Bánh gạo An vị ngô nướng bơ bịch 120g;Chocopie;23.000,0;19.150,00;5,0;;;0,0;0,0;bịch;;1,0;;;0,0;1;1;0,0
PVN9026-1;PVN9027;Bánh gạo An vị ngô nướng bơ bịch 120g;Chocopie;395.000,0;383.000,00;0,250;;;0,0;0,0;thùng;PVN9026;20,0;;PVN9026;0,0;1;1;0,0
PVN9261;8936029424966;Bánh gạo An vị sườn nướng tảng bịch 105.8g;Chocopie;18.000,0;13.000,00;15,0;;;0,0;0,0;bịch;;1,0;;;0,0;1;1;0,0
PVN9261-1;PVN9262;Bánh gạo An vị sườn nướng tảng bịch 105.8g;Chocopie;278.000,0;260.000,00;0,750;;;0,0;0,0;thùng;PVN9261;20,0;;PVN9261;0,0;1;1;0,0
PVN9431;8936029425840;Bánh gạo An vị nấm hương om nước tương bịch 140g (14 gói x 10g);Chocopie;28.000,0;23.620,00;0,0;;;0,0;0,0;bịch;;1,0;;;0,0;1;1;0,0
PVN9431-1;PVN9432;Bánh gạo An vị nấm hương om nước tương bịch 140g (14 gói x 10g);Chocopie;246.000,0;236.200,00;0,0;;;0,0;0,0;thùng;PVN9431;10,0;;PVN9431;0,0;1;1;0,0
PVN1469;8936036020120;Bánh Custas nhân kem 6 bánh hộp 141g;Chocopie;30.000,0;24.844,00;0,0;;;0,0;0,0;hộp;;1,0;;;0,0;1;1;0,0
PVN1469-1;PVN3555;Bánh Custas nhân kem 6 bánh hộp 141g;Chocopie;422.000,0;198.752,00;0,0;;;0,0;0,0;thùng;PVN1469;8,0;;PVN1469;0,0;1;1;0,0
PVN2837;8936036020137;Bánh Custas kem trứng 12 bánh hộp 329g;Chocopie;52.000,0;47.500,00;0,0;;;0,0;0,0;hộp;;1,0;;;0,0;1;1;0,0
PVN2837-1;PVN5523;Bánh Custas kem trứng 12 bánh hộp 329g;Chocopie;396.000,0;380.000,00;0,0;;;0,0;0,0;thùng;PVN2837;8,0;;PVN2837;0,0;1;1;0,0
PVN4906;8936036020274;Bánh Custas kem trứng hộp 47g (2 cái);Chocopie;10.000,0;7.913,00;6,0;;;0,0;0,0;hộp;;1,0;;;0,0;1;1;0,0
PVN4906-1;PVN7388;Bánh Custas kem trứng hộp 47g (2 cái);Chocopie;110.000,0;94.956,00;0,50;;;0,0;0,0;lóc;PVN4906;12,0;;PVN4906;0,0;1;1;0,0
PVN4906-2;PVN7389;Bánh Custas kem trứng hộp 47g (2 cái);Chocopie;388.000,0;379.824,00;0,125;;;0,0;0,0;thùng;PVN4906;48,0;;PVN4906;0,0;1;1;0,0
PVN6053;8935049501688;Fanta hương nho chai 300ml;Coca;5.000,0;3.667,00;12,0;;;0,0;0,0;chai;;1,0;;;0,0;1;1;0,0
PVN6053-1;PVN6054;Fanta hương nho chai 300ml;Coca;26.000,0;22.002,00;2,0;;;0,0;0,0;lóc;PVN6053;6,0;;PVN6053;0,0;1;1;0,0
PVN6053-2;PVN6117;Fanta hương nho chai 300ml;Coca;90.000,0;88.008,00;0,50;;;0,0;0,0;thùng;PVN6053;24,0;;PVN6053;0,0;1;1;0,0
PVN6211;8935049501671;Fanta hương nho chai 1.5L;Coca;16.000,0;15.167,00;16,0;;;0,0;0,0;chai;;1,0;;;0,0;1;1;0,0
PVN6211-1;PVN6212;Fanta hương nho chai 1.5L;Coca;158.000,0;182.004,00;1,333;;;0,0;0,0;thùng;PVN6211;12,0;;PVN6211;0,0;1;1;0,0
PVN4790;8936036020380;Bánh ChocoPie 12 bánh hộp 396g;Chocopie;49.000,0;46.175,00;0,0;;;0,0;0,0;hộp;;1,0;;;0,0;1;1;0,0
PVN4790-1;PVN4790;Bánh ChocoPie 12 bánh hộp 396g;Chocopie;380.000,0;369.400,00;0,0;;;0,0;0,0;thùng;PVN4790;8,0;;PVN4790;0,0;1;1;0,0
PVN1470;8936036020373;Bánh ChocoPie 6 bánh hộp 198g;Chocopie;30.000,0;25.050,00;65,0;;;0,0;0,0;Hộp;;1,0;;;0,0;1;1;0,0
PVN1470-1;PVN3554;Bánh ChocoPie 6 bánh hộp 198g;Chocopie;210.000,0;200.400,00;8,125;;;0,0;0,0;thùng;PVN1470;8,0;;PVN1470;0,0;1;1;0,0
PVN4907;8936036020403;Bánh ChocoPie hộp 66g (2 cái);Chocopie;10.000,0;8.144,00;7,0;;;0,0;0,0;hộp;;1,0;;;0,0;1;1;0,0
PVN4907-1;PVN7361;Bánh ChocoPie hộp 66g (2 cái);Chocopie;110.000,0;97.728,00;0,583;;;0,0;0,0;lóc;PVN4907;12,0;;PVN4907;0,0;1;1;0,0
PVN4907-2;PVN7362;Bánh ChocoPie hộp 66g (2 cái);Chocopie;402.000,0;390.912,00;0,146;;;0,0;0,0;thùng;PVN4907;48,0;;PVN4907;0,0;1;1;0,0
RD330;8934564660016;Nước tăng lục Rồng đỏ vị dâu chai 330ml;C2;6.500,0;4.917,00;69,0;;;0,0;0,0;chai;;1,0;;;0,0;1;1;0,0
RD330-1;RD330L;Nước tăng lục Rồng đỏ vị dâu chai 330ml;C2;33.000,0;29.502,00;11,50;;;0,0;0,0;lóc;RD330;6,0;;RD330;0,0;1;1;0,0
RD330-2;RD330T;Nước tăng lục Rồng đỏ vị dâu chai 330ml;C2;124.000,0;118.008,00;2,875;;;0,0;0,0;thùng;RD330;24,0;;RD330;0,0;1;1;0,0
PVN3162;8934564660047;Nước tăng lực Rồng Đỏ vị Nho chai 330ml;C2;6.500,0;4.917,00;72,0;;;0,0;0,0;chai;;1,0;;;0,0;1;1;0,0
PVN3162-1;PVN3162;Nước tăng lực Rồng Đỏ vị Nho chai 330ml;C2;33.000,0;29.502,00;12,0;;;0,0;0,0;lóc;PVN3162;6,0;;PVN3162;0,0;1;1;0,0
PVN3162-2;PVN3163;Nước tăng lực Rồng Đỏ vị Nho chai 330ml;C2;124.000,0;118.008,00;3,0;;;0,0;0,0;thùng;PVN3162;24,0;;PVN3162;0,0;1;1;0,0
PVN9213;8934564660139;Rồng đỏ hương vải anh đào chai 330ml;C2;6.500,0;4.917,00;113,0;;;0,0;0,0;chai;;1,0;;;0,0;1;1;0,0
PVN9213-1;PVN9214;Rồng đỏ hương vải anh đào chai 330ml;C2;33.000,0;29.502,00;18,833;;;0,0;0,0;lóc;PVN9213;6,0;;PVN9213;0,0;1;1;0,0
PVN9213-2;PVN9215;Rồng đỏ hương vải anh đào chai 330ml;C2;124.000,0;118.008,00;4,708;;;0,0;0,0;thùng;PVN9213;24,0;;PVN9213;0,0;1;1;0,0
PVN81;8934564600173;Trà C2 vị táo chai 360ml;C2;7.000,0;5.625,00;0,0;;;0,0;0,0;Chai;;1,0;;;0,0;1;1;0,0
PVN81-1;PVN383;Trà C2 vị táo chai 360ml;C2;37.000,0;33.750,00;0,0;;;0,0;0,0;lóc;PVN81;6,0;;PVN81;0,0;1;1;0,0
PVN81-2;PVN1941;Trà C2 vị táo chai 360ml;C2;142.000,0;135.000,00;0,0;;;0,0;0,0;thùng;PVN81;24,0;;PVN81;0,0;1;1;0,0
PVN83;8934564600128;Trà C2 vị chanh chai 360ml;C2;7.000,0;5.417,00;3,0;;;0,0;0,0;chai;;1,0;;;0,0;1;1;0,0
PVN83-1;PVN592;Trà C2 vị chanh chai 360ml;C2;39.000,0;32.502,00;0,50;;;0,0;0,0;lóc;PVN83;6,0;;PVN83;0,0;1;1;0,0
PVN83-2;PVN3158;Trà C2 vị chanh chai 360ml;C2;144.000,0;130.008,00;0,125;;;0,0;0,0;thùng;PVN83;24,0;;PVN83;0,0;1;1;0,0
PVN86;8934564600692;Trà C2 vị đào chai 455ml;C2;9.000,0;7.375,00;48,0;;;0,0;0,0;Chai;;1,0;;;0,0;1;1;0,0
PVN86-1;PVN589;Trà C2 vị đào chai 455ml;C2;47.000,0;44.250,00;8,0;;;0,0;0,0;lóc;PVN86;6,0;;PVN86;0,0;1;1;0,0
PVN86-2;PVN1536;Trà C2 vị đào chai 455ml;C2;180.000,0;177.000,00;2,0;;;0,0;0,0;thùng;PVN86;24,0;;PVN86;0,0;1;1;0,0
PVN87;8934564600807;Trà C2 vị vải chai 455ml;C2;9.000,0;7.209,00;21,0;;;0,0;0,0;Chai;;1,0;;;0,0;1;1;0,0
PVN87-1;PVN588;Trà C2 vị vải chai 455ml;C2;47.000,0;43.254,00;3,50;;;0,0;0,0;lóc;PVN87;6,0;;PVN87;0,0;1;1;0,0
PVN87-2;PVN1538;Trà C2 vị vải chai 455ml;C2;178.000,0;173.016,00;0,875;;;0,0;0,0;thùng;PVN87;24,0;;PVN87;0,0;1;1;0,0
PVN88;8934564600357;Trà C2 vị chanh chai 455ml;C2;9.000,0;7.250,00;162,0;;;0,0;0,0;chai;;1,0;;;0,0;1;1;0,0
PVN88-1;PVN587;Trà C2 vị chanh chai 455ml;C2;47.000,0;43.500,00;27,0;;;0,0;0,0;lóc;PVN88;6,0;;PVN88;0,0;1;1;0,0
PVN88-2;PVN1537;Trà C2 vị chanh chai 455ml;C2;180.000,0;174.000,00;6,750;;;0,0;0,0;thùng;PVN88;24,0;;PVN88;0,0;1;1;0,0
PVN1099;8934564600913;Trà C2 vị táo chai 230ml;C2;5.000,0;3.625,00;18,0;;;0,0;0,0;chai;;1,0;;;0,0;1;1;0,0
PVN1099-1;PVN1100;Trà C2 vị táo chai 230ml;C2;25.000,0;21.750,00;3,0;;;0,0;0,0;lóc;PVN1099;6,0;;PVN1099;0,0;1;1;0,0
PVN1099-2;PVN1101;Trà C2 vị táo chai 230ml;C2;92.000,0;87.000,00;0,750;;;0,0;0,0;thùng;PVN1099;24,0;;PVN1099;0,0;1;1;0,0
PVN1102;8934564600920;Trà C2 vị chanh chai 230ml;C2;5.000,0;3.625,00;26,0;;;0,0;0,0;chai;;1,0;;;0,0;1;1;0,0
PVN1102-1;PVN1103;Trà C2 vị chanh chai 230ml;C2;25.000,0;21.750,00;4,333;;;0,0;0,0;lóc;PVN1102;6,0;;PVN1102;0,0;1;1;0,0
PVN1102-2;PVN1104;Trà C2 vị chanh chai 230ml;C2;92.000,0;87.000,00;1,083;;;0,0;0,0;thùng;PVN1102;24,0;;PVN1102;0,0;1;1;0,0
PVN3128;8934564600838;Trà C2 vị Chanh tuyết bạc hà chai 455ml;C2;9.000,0;7.375,00;57,0;;;0,0;0,0;chai;;1,0;;;0,0;1;1;0,0
PVN3128-1;PVN3156;Trà C2 vị Chanh tuyết bạc hà chai 455ml;C2;47.000,0;44.250,00;9,50;;;0,0;0,0;lóc;PVN3128;6,0;;PVN3128;0,0;1;1;0,0
PVN3128-2;PVN3157;Trà C2 vị Chanh tuyết bạc hà chai 455ml;C2;178.000,0;177.000,00;2,375;;;0,0;0,0;thùng;PVN3128;24,0;;PVN3128;0,0;1;1;0,0
PVN4831;8934564600937;Trà C2 vị đào chai 230ml;C2;5.000,0;3.709,00;0,0;;;0,0;0,0;chai;;1,0;;;0,0;1;1;0,0
PVN4831-1;PVN4832;Trà C2 vị đào chai 230ml;C2;25.000,0;22.254,00;0,0;;;0,0;0,0;lóc;PVN4831;6,0;;PVN4831;0,0;1;1;0,0
PVN4831-2;PVN4833;Trà C2 vị đào chai 230ml;C2;92.000,0;89.016,00;0,0;;;0,0;0,0;thùng;PVN4831;24,0;;PVN4831;0,0;1;1;0,0
PVN4899;8934564600869;Trà C2 vị dâu anh đào chai 455ml;C2;9.000,0;7.192,00;73,0;;;0,0;0,0;chai;;1,0;;;0,0;1;1;0,0
PVN4899-1;PVN4908;Trà C2 vị dâu anh đào chai 455ml;C2;47.000,0;43.152,00;12,167;;;0,0;0,0;lóc;PVN4899;6,0;;PVN4899;0,0;1;1;0,0
PVN4899-2;PVN4909;Trà C2 vị dâu anh đào chai 455ml;C2;180.000,0;172.608,00;3,042;;;0,0;0,0;thùng;PVN4899;24,0;;PVN4899;0,0;1;1;0,0
PVN6309;8934564600883;Trà C2 dưa lưới bạc hà chai 455ml;C2;9.000,0;7.375,00;44,0;;;0,0;0,0;chai;;1,0;;;0,0;1;1;0,0
PVN6309-1;PVN6310;Trà C2 dưa lưới bạc hà chai 455ml;C2;47.000,0;44.250,00;7,333;;;0,0;0,0;lóc;PVN6309;6,0;;PVN6309;0,0;1;1;0,0
PVN6309-2;PVN6311;Trà C2 dưa lưới bạc hà chai 455ml;C2;180.000,0;177.000,00;1,833;;;0,0;0,0;thùng;PVN6309;24,0;;PVN6309;0,0;1;1;0,0
PVN97;8935049501718;Sprite lon 320ml;Coca;8.500,0;6.084,00;0,0;;;0,0;0,0;lon;;1,0;;;0,0;1;1;0,0
PVN97-1;PVN584;Sprite lon 320ml;Coca;42.000,0;36.504,00;0,0;;;0,0;0,0;lóc;PVN97;6,0;;PVN97;0,0;1;1;0,0
PVN97-2;PVN1140;Sprite lon 320ml;Coca;150.000,0;146.016,00;0,0;;;0,0;0,0;thùng;PVN97;24,0;;PVN97;0,0;1;1;0,0
PVN4975;8935049500469;Sprite chai 1.5L;Coca;16.000,0;12.917,00;2,0;;;0,0;0,0;chai;;1,0;;;0,0;1;1;0,0
PVN4975-1;PVN5338;Sprite chai 1.5L;Coca;158.000,0;155.004,00;0,167;;;0,0;0,0;Thùng;PVN4975;12,0;;PVN4975;0,0;1;1;0,0
PVN5074;8935049510604;Sprite chai 390ml;Coca;6.500,0;5.334,00;36,0;;;0,0;0,0;chai;;1,0;;;0,0;1;1;0,0
PVN5074-1;PVN5075;Sprite chai 390ml;Coca;36.000,0;32.004,00;6,0;;;0,0;0,0;lóc;PVN5074;6,0;;PVN5074;0,0;1;1;0,0
PVN5074-2;PVN5076;Sprite chai 390ml;Coca;129.000,0;128.016,00;1,50;;;0,0;0,0;thùng;PVN5074;24,0;;PVN5074;0,0;1;1;0,0
PVN7586;8935049500407;Sprite lon 235ml;Coca;6.000,0;5.875,00;0,0;;;0,0;0,0;lon;;1,0;;;0,0;1;1;0,0
PVN7586-1;PVN7587;Sprite lon 235ml;Coca;36.000,0;35.250,00;0,0;;;0,0;0,0;lóc;PVN7586;6,0;;PVN7586;0,0;1;1;0,0
PVN7586-2;PVN7588;Sprite lon 235ml;Coca;120.000,0;141.000,00;0,0;;;0,0;0,0;thùng;PVN7586;24,0;;PVN7586;0,0;1;1;0,0
PVN145;8935049511021;Nutriboost hương cam chai 297ml;Coca;9.000,0;7.625,00;4,0;;;0,0;0,0;chai;;1,0;;;0,0;1;1;0,0
PVN145-1;PVN493;Nutriboost hương cam chai 297ml;Coca;48.000,0;45.750,00;0,667;;;0,0;0,0;lóc;PVN145;6,0;;PVN145;0,0;1;1;0,0
PVN145-2;PVN5603;Nutriboost hương cam chai 297ml;Coca;178.000,0;183.000,00;0,167;;;0,0;0,0;thùng;PVN145;24,0;;PVN145;0,0;1;1;0,0
PVN146;8935049500131;Nutriboost hương dâu chai 297ml;Coca;9.000,0;7.500,00;0,0;;;0,0;0,0;chai;;1,0;;;0,0;1;1;0,0
PVN146-1;PVN492;Nutriboost hương dâu chai 297ml;Coca;48.000,0;45.000,00;0,0;;;0,0;0,0;lóc;PVN146;6,0;;PVN146;0,0;1;1;0,0
PVN146-2;PVN2443;Nutriboost hương dâu chai 297ml;Coca;178.000,0;180.000,00;0,0;;;0,0;0,0;thùng;PVN146;24,0;;PVN146;0,0;1;1;0,0
PVN149;8935049511038;Nutriboost hương cam chai 1L;Coca;23.000,0;20.167,00;7,0;;;0,0;0,0;chai;;1,0;;;0,0;1;1;0,0
PVN149-1;PVN6058;Nutriboost hương cam chai 1L;Coca;248.000,0;242.004,00;0,583;;;0,0;0,0;thùng;PVN149;12,0;;PVN149;0,0;1;1;0,0
PVN2320;8935049500100;Nutriboost hương dâu chai 1L;Coca;23.000,0;20.167,00;2,0;;;0,0;0,0;chai;;1,0;;;0,0;1;1;0,0
PVN2320-1;PVN2322;Nutriboost hương dâu chai 1L;Coca;248.000,0;242.004,00;0,167;;;0,0;0,0;thùng;PVN2320;12,0;;PVN2320;0,0;1;1;0,0
PVN7098;8935049510024;Nutriboost hương bánh quy kem chai 297ml;Coca;9.000,0;7.875,00;21,0;;;0,0;0,0;chai;;1,0;;;0,0;1;1;0,0
PVN7098-1;PVN7099;Nutriboost hương bánh quy kem chai 297ml;Coca;48.000,0;47.250,00;3,50;;;0,0;0,0;lóc;PVN7098;6,0;;PVN7098;0,0;1;1;0,0
PVN7098-2;PVN7100;Nutriboost hương bánh quy kem chai 297ml;Coca;178.000,0;189.000,00;0,875;;;0,0;0,0;thùng;PVN7098;24,0;;PVN7098;0,0;1;1;0,0
PVN133;8935049501398;Coca vị nguyên bản chai 2.25L;Coca;22.000,0;19.667,00;8,0;;;0,0;0,0;chai;;1,0;;;0,0;1;1;0,0
PVN133-1;PVN5086;Coca vị nguyên bản chai 2.25L;Coca;252.000,0;236.004,00;0,667;;;0,0;0,0;thùng;PVN133;12,0;;PVN133;0,0;1;1;0,0
PVN138;8935049501381;Coca ít đường vị nguyên bản 1.5L;Coca;16.000,0;13.667,00;36,0;;;0,0;0,0;chai;;1,0;;;0,0;1;1;0,0
PVN138-1;PVN5087;Coca ít đường vị nguyên bản 1.5L;Coca;174.000,0;164.004,00;3,0;;;0,0;0,0;thùng;PVN138;12,0;;PVN138;0,0;1;1;0,0
PVN139;8935049501374;Coca vị nguyên bản chai 600ml;Coca;9.000,0;7.084,00;18,0;;;0,0;0,0;chai;;1,0;;;0,0;1;1;0,0
PVN139-1;PVN499;Coca vị nguyên bản chai 600ml;Coca;46.000,0;42.504,00;3,0;;;0,0;0,0;lóc;PVN139;6,0;;PVN139;0,0;1;1;0,0
PVN139-2;PVN1149;Coca vị nguyên bản chai 600ml;Coca;168.000,0;170.016,00;0,750;;;0,0;0,0;thùng;PVN139;24,0;;PVN139;0,0;1;1;0,0
PVN1245;8935049501503;Coca Cola lon 320ml;Coca;9.000,0;7.917,00;0,0;;;0,0;0,0;lon;;1,0;;;0,0;1;1;0,0
PVN1245-1;PVN1246;Coca Cola lon 320ml;Coca;46.000,0;47.502,00;0,0;;;0,0;0,0;lóc;PVN1245;6,0;;PVN1245;0,0;1;1;0,0
PVN1245-2;PVN1247;Coca Cola lon 320ml;Coca;175.000,0;190.008,00;0,0;;;0,0;0,0;thùng;PVN1245;24,0;;PVN1245;0,0;1;1;0,0
PVN5077;8935049510673;Coca chai 390ml;Coca;6.000,0;5.000,00;0,0;;;0,0;0,0;chai;;1,0;;;0,0;1;1;0,0
PVN5077-1;PVN5078;Coca chai 390ml;Coca;34.000,0;30.000,00;0,0;;;0,0;0,0;lóc;PVN5077;6,0;;PVN5077;0,0;1;1;0,0
PVN5077-2;PVN5079;Coca chai 390ml;Coca;126.000,0;120.000,00;0,0;;;0,0;0,0;thùng;PVN5077;24,0;;PVN5077;0,0;1;1;0,0
PVN5607;8935049501534;Coca Zero Sugar lon 330ml;Coca;9.000,0;7.063,00;0,0;;;0,0;0,0;lon;;1,0;;;0,0;1;1;0,0
PVN5607-1;PVN5608;Coca Zero Sugar lon 330ml;Coca;46.000,0;42.378,00;0,0;;;0,0;0,0;lóc;PVN5607;6,0;;PVN5607;0,0;1;1;0,0
PVN5607-2;PVN5609;Coca Zero Sugar lon 330ml;Coca;175.000,0;169.512,00;0,0;;;0,0;0,0;thùng;PVN5607;24,0;;PVN5607;0,0;1;1;0,0
PVN6218;8935049500735;Coca chai 300ml;Coca;5.000,0;4.000,00;14,0;;;0,0;0,0;chai;;1,0;;;0,0;1;1;0,0
PVN6218-1;PVN6219;Coca chai 300ml;Coca;27.000,0;24.000,00;2,333;;;0,0;0,0;lóc;PVN6218;6,0;;PVN6218;0,0;1;1;0,0
PVN6218-2;PVN7578;Coca chai 300ml;Coca;88.000,0;96.000,00;0,583;;;0,0;0,0;thùng;PVN6218;24,0;;PVN6218;0,0;1;1;0,0
PVN7489;8935049501404;Coca lon 235ml;Coca;7.500,0;5.917,00;0,0;;;0,0;0,0;lon;;1,0;;;0,0;1;1;0,0
PVN7489-1;PVN7490;Coca lon 235ml;Coca;40.000,0;35.502,00;0,0;;;0,0;0,0;lóc;PVN7489;6,0;;PVN7489;0,0;1;1;0,0
PVN7489-2;PVN7491;Coca lon 235ml;Coca;148.000,0;142.008,00;0,0;;;0,0;0,0;thùng;PVN7489;24,0;;PVN7489;0,0;1;1;0,0
YC1;;Sữa YoMost vị Cam hộp 100ml;Cô gái Hà Lan;6.000,0;4.480,00;92,0;;;0,0;0,0;hộp;;1,0;;;0,0;1;1;0,0
YC1-1;8934841901139;Sữa YoMost vị Cam hộp 100ml;Cô gái Hà Lan;20.000,0;17.920,00;23,0;;;0,0;0,0;lóc;YC1;4,0;;YC1;0,0;1;1;0,0
YC1-2;YC1T;Sữa YoMost vị Cam hộp 100ml;Cô gái Hà Lan;215.000,0;215.040,00;1,917;;;0,0;0,0;thùng;YC1;48,0;;YC1;0,0;1;1;0,0
YD1;;Sữa YoMost vị Dâu hộp 100ml;Cô gái Hà Lan;6.000,0;4.480,00;84,0;;;0,0;0,0;hộp;;1,0;;;0,0;1;1;0,0
YD1-1;8934841903089;Sữa YoMost vị Dâu hộp 100ml;Cô gái Hà Lan;20.000,0;17.920,00;21,0;;;0,0;0,0;lóc;YD1;4,0;;YD1;0,0;1;1;0,0
YD1-2;YD1T;Sữa YoMost vị Dâu hộp 100ml;Cô gái Hà Lan;215.000,0;215.040,00;1,750;;;0,0;0,0;thùng;YD1;48,0;;YD1;0,0;1;1;0,0
YL17;;Sữa YoMost vị Lựu hộp 170ml;Cô gái Hà Lan;8.000,0;7.041,00;132,0;;;0,0;0,0;hộp;;1,0;;;0,0;1;1;0,0
YL17-1;8934841900446;Sữa YoMost vị Lựu hộp 170ml;Cô gái Hà Lan;30.000,0;28.164,00;33,0;;;0,0;0,0;lóc;YL17;4,0;;YL17;0,0;1;1;0,0
YL17-2;YL17T;Sữa YoMost vị Lựu hộp 170ml;Cô gái Hà Lan;306.000,0;337.968,00;2,750;;;0,0;0,0;thùng;YL17;48,0;;YL17;0,0;1;1;0,0
YD17;;Sữa YoMost vị Dâu hộp 170ml;Cô gái Hà Lan;8.000,0;0,00;124,0;;;0,0;0,0;hộp;;1,0;;;0,0;1;1;0,0
YD17-1;8934841900293;Sữa YoMost vị Dâu hộp 170ml;Cô gái Hà Lan;30.000,0;0,00;31,0;;;0,0;0,0;lóc;YD17;4,0;;YD17;0,0;1;1;0,0
YD17-2;YD17T;Sữa YoMost vị Dâu hộp 170ml;Cô gái Hà Lan;310.000,0;0,00;2,583;;;0,0;0,0;thùng;YD17;48,0;;YD17;0,0;1;1;0,0
YV17;;Sữa YoMost vị Việt Quất hộp 170ml;Cô gái Hà Lan;8.000,0;6.625,00;178,0;;;0,0;0,0;hộp;;1,0;;;0,0;1;1;0,0
YV17-1;8934841901641;Sữa YoMost vị Việt Quất hộp 170ml;Cô gái Hà Lan;30.000,0;26.500,00;44,50;;;0,0;0,0;lóc;YV17;4,0;;YV17;0,0;1;1;0,0
YV17-2;YV17T;Sữa YoMost vị Việt Quất hộp 170ml;Cô gái Hà Lan;310.000,0;318.000,00;3,708;;;0,0;0,0;thùng;YV17;48,0;;YV17;0,0;1;1;0,0
YC17;;Sữa YoMost vị Cam hộp 170ml;Cô gái Hà Lan;8.000,0;7.297,00;92,0;;;0,0;0,0;hộp;;1,0;;;0,0;1;1;0,0
YC17-1;8934841900286;Sữa YoMost vị Cam hộp 170ml;Cô gái Hà Lan;30.000,0;29.188,00;23,0;;;0,0;0,0;lóc;YC17;4,0;;YC17;0,0;1;1;0,0
YC17-2;YC17T;Sữa YoMost vị Cam hộp 170ml;Cô gái Hà Lan;310.000,0;350.256,00;1,917;;;0,0;0,0;thùng;YC17;48,0;;YC17;0,0;1;1;0,0
YN17;YN17;Sữa Yomost vị nho hộp 170ml;Cô gái Hà Lan;8.000,0;6.250,00;76,0;;;0,0;0,0;hộp;;1,0;;;0,0;1;1;0,0
YN17-1;8934841903676;Sữa Yomost vị nho hộp 170ml;Cô gái Hà Lan;30.000,0;25.000,00;19,0;;;0,0;0,0;lóc;YN17;4,0;;YN17;0,0;1;1;0,0
YN17-2;YN17T;Sữa Yomost vị nho hộp 170ml;Cô gái Hà Lan;310.000,0;300.000,00;1,583;;;0,0;0,0;thùng;YN17;48,0;;YN17;0,0;1;1;0,0
PVN119;8934588870552;Trà ô long Tea Plus chai 450ml;pepsi;8.500,0;6.978,00;134,0;;;0,0;0,0;chai;;1,0;;;0,0;1;1;0,0
PVN119-1;PVN509;Trà ô long Tea Plus chai 450ml;pepsi;48.000,0;41.868,00;22,333;;;0,0;0,0;lóc;PVN119;6,0;;PVN119;0,0;1;1;44.000,0
PVN119-2;PVN2107;Trà ô long Tea Plus chai 450ml;pepsi;172.000,0;167.472,00;5,583;;;0,0;0,0;thùng;PVN119;24,0;;PVN119;0,0;1;1;173.000,0
PVN125;8934588870118;Trà ô long Tea Plus chai 320ml;pepsi;7.000,0;5.483,00;49,0;;;0,0;0,0;chai;;1,0;;;0,0;1;1;0,0
PVN125-1;PVN505;Trà ô long Tea Plus chai 320ml;pepsi;40.000,0;32.898,00;8,167;;;0,0;0,0;lóc;PVN125;6,0;;PVN125;0,0;1;1;0,0
PVN125-2;PVN894;Trà ô long Tea Plus chai 320ml;pepsi;138.000,0;131.592,00;2,042;;;0,0;0,0;thùng;PVN125;24,0;;PVN125;0,0;1;1;0,0
PVN2135;8934588870101;Trà Ô Long Tea Plus chai 1L;pepsi;15.000,0;13.125,00;30,0;;;0,0;0,0;chai;;1,0;;;0,0;1;1;0,0
PVN2135-1;PVN4882;Trà Ô Long Tea Plus chai 1L;pepsi;170.000,0;157.500,00;2,50;;;0,0;0,0;thùng;PVN2135;12,0;;PVN2135;0,0;1;1;0,0
olc455;8934588290558;Trà ô long Tea Plus hương chanh chai 450ml;pepsi;9.000,0;6.984,00;14,0;;;0,0;0,0;chai;;1,0;;;0,0;1;1;0,0
olc455-1;olc455l;Trà ô long Tea Plus hương chanh chai 450ml;pepsi;48.000,0;41.904,00;2,333;;;0,0;0,0;lóc;olc455;6,0;;olc455;0,0;1;1;0,0
olc455-2;olc455t;Trà ô long Tea Plus hương chanh chai 450ml;pepsi;172.000,0;167.616,00;0,583;;;0,0;0,0;thùng;olc455;24,0;;olc455;0,0;1;1;0,0
PVN7190;8936010532120;Cozy trà ô long xoài chai 455ml;Cozy;8.500,0;7.250,00;0,0;;;0,0;0,0;chai;;1,0;;;0,0;1;1;0,0
PVN7190-1;PVN7191;Cozy trà ô long xoài chai 455ml;Cozy;46.000,0;43.500,00;0,0;;;0,0;0,0;lóc;PVN7190;6,0;;PVN7190;0,0;1;1;0,0
PVN7190-2;PVN7192;Cozy trà ô long xoài chai 455ml;Cozy;166.000,0;174.000,00;0,0;;;0,0;0,0;thùng;PVN7190;24,0;;PVN7190;0,0;1;1;0,0
PVN7444;8934588290107;Trà Ô long Tea Plus hương chanh chai 1L;pepsi;15.000,0;13.667,00;6,0;;;0,0;0,0;chai;;1,0;;;0,0;1;1;0,0
PVN7444-1;PVN7445;Trà Ô long Tea Plus hương chanh chai 1L;pepsi;170.000,0;164.004,00;0,50;;;0,0;0,0;thùng;PVN7444;12,0;;PVN7444;0,0;1;1;0,0
PVN7875;8936048474768;Trà mật ong Boncha vị Ô long đào chai 450ml;Boncha;9.000,0;7.272,00;0,0;;;0,0;0,0;chai;;1,0;;;0,0;1;1;0,0
PVN7875-1;PVN7876;Trà mật ong Boncha vị Ô long đào chai 450ml;Boncha;48.000,0;43.632,00;0,0;;;0,0;0,0;lóc;PVN7875;6,0;;PVN7875;0,0;1;1;0,0
PVN7875-2;PVN7877;Trà mật ong Boncha vị Ô long đào chai 450ml;Boncha;180.000,0;174.528,00;0,0;;;0,0;0,0;thùng;PVN7875;24,0;;PVN7875;0,0;1;1;0,0
PVN8321;8934588763557;Trà Ô Long xanh Tea Plus hương vị chanh chai 450ml;pepsi;8.500,0;7.160,00;0,0;;;0,0;0,0;chai;;1,0;;;0,0;1;1;0,0
PVN8321-1;PVN8322;Trà Ô Long xanh Tea Plus hương vị chanh chai 450ml;pepsi;48.000,0;42.960,00;0,0;;;0,0;0,0;lóc;PVN8321;6,0;;PVN8321;0,0;1;1;0,0
PVN8321-2;PVN8323;Trà Ô Long xanh Tea Plus hương vị chanh chai 450ml;pepsi;176.000,0;171.840,00;0,0;;;0,0;0,0;thùng;PVN8321;24,0;;PVN8321;0,0;1;1;0,0
PVN8594;8934588763106;Trà Ô long Tea Plus trà xanh hương chanh chai 1L;pepsi;15.000,0;12.550,00;3,0;;;0,0;0,0;chai;;1,0;;;0,0;1;1;0,0
PVN8594-1;PVN8595;Trà Ô long Tea Plus trà xanh hương chanh chai 1L;pepsi;166.000,0;150.600,00;0,250;;;0,0;0,0;thùng;PVN8594;12,0;;PVN8594;0,0;1;1;0,0
PVN8828;8934588793554;Trà Ô Long Tea Plus vị đào nhiệt đới chai 450ml;pepsi;8.500,0;6.978,00;45,0;;;0,0;0,0;chai;;1,0;;;0,0;1;1;0,0
PVN8828-1;PVN8829;Trà Ô Long Tea Plus vị đào nhiệt đới chai 450ml;pepsi;48.000,0;41.868,00;7,50;;;0,0;0,0;lóc;PVN8828;6,0;;PVN8828;0,0;1;1;0,0
PVN8828-2;PVN8830;Trà Ô Long Tea Plus vị đào nhiệt đới chai 450ml;pepsi;172.000,0;167.472,00;1,875;;;0,0;0,0;thùng;PVN8828;24,0;;PVN8828;0,0;1;1;0,0
PVN8835;8934588793103;Trà Ô long Tea Plus vị đào nhiệt đới chai 1L;pepsi;15.000,0;13.375,00;20,0;;;0,0;0,0;chai;;1,0;;;0,0;1;1;0,0
PVN8835-1;PVN8836;Trà Ô long Tea Plus vị đào nhiệt đới chai 1L;pepsi;166.000,0;160.500,00;1,667;;;0,0;0,0;thùng;PVN8835;12,0;;PVN8835;0,0;1;1;0,0
PVN124;8934588063053;Nước Aquafina chai 500ml;pepsi;5.000,0;370,00;356,0;;;0,0;0,0;chai;;1,0;;;0,0;1;1;0,0
PVN124-1;PVN506;Nước Aquafina chai 500ml;pepsi;26.000,0;2.220,00;59,333;;;0,0;0,0;lóc;PVN124;6,0;;PVN124;0,0;1;1;0,0
PVN124-2;PVN5388;Nước Aquafina chai 500ml;pepsi;93.000,0;8.880,00;14,833;;;0,0;0,0;Thùng;PVN124;24,0;;PVN124;0,0;1;1;0,0
PVN128;8934588063060;Nước Aquafina 1.5L;pepsi;9.000,0;7.750,00;58,0;;;0,0;0,0;chai;;1,0;;;0,0;1;1;0,0
PVN128-1;PVN3616;Nước Aquafina 1.5L;pepsi;98.000,0;93.000,00;4,833;;;0,0;0,0;thùng;PVN128;12,0;;PVN128;0,0;1;1;0,0
PVN2825;8934588063176;Nước Aquafina 5L;pepsi;26.000,0;23.250,00;8,0;;;0,0;0,0;chai;;1,0;;;0,0;1;1;0,0
PVN2825-1;PVN5734;Nước Aquafina 5L;pepsi;98.000,0;93.000,00;2,0;;;0,0;0,0;thùng;PVN2825;4,0;;PVN2825;0,0;1;1;0,0
PVN5722;8934588063145;Nước Aquafina chai 355ml;pepsi;4.000,0;3.334,00;194,0;;;0,0;0,0;chai;;1,0;;;0,0;1;1;0,0
PVN5722-2;PVN5725;Nước Aquafina chai 355ml;pepsi;88.000,0;80.016,00;8,083;;;0,0;0,0;thùng;PVN5722;24,0;;PVN5722;0,0;1;1;0,0
PVN5722-1;PVN5726;Nước Aquafina chai 355ml;pepsi;22.000,0;20.004,00;32,333;;;0,0;0,0;lóc;PVN5722;6,0;;PVN5722;0,0;1;1;0,0
PVN6055;8935049510871;Aquarius chai 390ml;Coca;7.500,0;5.750,00;16,0;;;0,0;0,0;chai;;1,0;;;0,0;1;1;0,0
PVN6055-1;PVN6056;Aquarius chai 390ml;Coca;40.000,0;34.500,00;2,667;;;0,0;0,0;lóc;PVN6055;6,0;;PVN6055;0,0;1;1;0,0
PVN6055-2;PVN6057;Aquarius chai 390ml;Coca;148.000,0;138.000,00;0,667;;;0,0;0,0;thùng;PVN6055;24,0;;PVN6055;0,0;1;1;0,0
PVN120;8934588183133;Revive chanh muối chai 390ml;pepsi;8.000,0;6.484,00;76,0;;;0,0;0,0;chai;;1,0;;;0,0;1;1;0,0
PVN120-1;PVN508;Revive chanh muối chai 390ml;pepsi;44.000,0;38.904,00;12,667;;;0,0;0,0;Lóc;PVN120;6,0;;PVN120;0,0;1;1;0,0
PVN120-2;PVN2490;Revive chanh muối chai 390ml;pepsi;160.000,0;155.616,00;3,167;;;0,0;0,0;thùng;PVN120;24,0;;PVN120;0,0;1;1;0,0
PVN122;8934588843051;Revive trắng bù muối khoáng 500ml;pepsi;8.000,0;6.768,00;105,0;;;0,0;0,0;chai;;1,0;;;0,0;1;1;0,0
PVN122-1;PVN507;Revive trắng bù muối khoáng 500ml;pepsi;46.000,0;40.608,00;17,50;;;0,0;0,0;lóc;PVN122;6,0;;PVN122;0,0;1;1;0,0
PVN122-2;PVN2491;Revive trắng bù muối khoáng 500ml;pepsi;168.000,0;162.432,00;4,375;;;0,0;0,0;thùng;PVN122;24,0;;PVN122;0,0;1;1;0,0
PVN23;8934588503559;Good Mood vị sữa chua chai 455ml;pepsi;7.500,0;6.580,00;0,0;;;0,0;0,0;chai;;1,0;;;0,0;1;1;0,0
PVN23-1;PVN637;Good Mood vị sữa chua chai 455ml;pepsi;42.000,0;39.480,00;0,0;;;0,0;0,0;lóc;PVN23;6,0;;PVN23;0,0;1;1;0,0
PVN23-2;PVN1116;Good Mood vị sữa chua chai 455ml;pepsi;152.000,0;157.920,00;0,0;;;0,0;0,0;thùng;PVN23;24,0;;PVN23;0,0;1;1;0,0
PVN5646;8934588273551;Good Mood vị dâu chai 455ml;pepsi;7.500,0;6.167,00;71,0;;;0,0;0,0;chai;;1,0;;;0,0;1;1;0,0
PVN5646-1;PVN5808;Good Mood vị dâu chai 455ml;pepsi;42.000,0;37.002,00;11,833;;;0,0;0,0;lóc;PVN5646;6,0;;PVN5646;0,0;1;1;0,0
PVN5646-2;PVN5809;Good Mood vị dâu chai 455ml;pepsi;154.000,0;148.008,00;2,958;;;0,0;0,0;thùng;PVN5646;24,0;;PVN5646;0,0;1;1;0,0
PVN131;8934588233074;Sting dâu chai 330ml;pepsi;9.000,0;7.443,00;484,340;;;0,0;0,0;chai;;1,0;;;0,0;1;1;0,0
PVN131-1;PVN502;Sting dâu chai 330ml;pepsi;48.000,0;44.658,00;80,723;;;0,0;0,0;lóc;PVN131;6,0;;PVN131;0,0;1;1;0,0
PVN131-2;PVN1119;Sting dâu chai 330ml;pepsi;182.000,0;178.632,00;20,181;;;0,0;0,0;thùng;PVN131;24,0;;PVN131;0,0;1;1;0,0
PVN619;8934588232114;Sting vị dâu lon 330ml;pepsi;9.000,0;7.769,00;56,0;;;0,0;0,0;lon;;1,0;;;0,0;1;1;0,0
PVN619-1;PVN620;Sting vị dâu lon 330ml;pepsi;50.000,0;46.614,00;9,333;;;0,0;0,0;lóc;PVN619;6,0;;PVN619;0,0;1;1;0,0
PVN619-2;PVN895;Sting vị dâu lon 330ml;pepsi;192.000,0;186.456,00;2,333;;;0,0;0,0;thùng;PVN619;24,0;;PVN619;0,0;1;1;0,0
PVN1242;8934588173073;Sting vàng chai 330ml;pepsi;8.500,0;7.385,00;33,0;;;0,0;0,0;chai;;1,0;;;0,0;1;1;0,0
PVN1242-1;PVN1243;Sting vàng chai 330ml;pepsi;48.000,0;44.310,00;5,50;;;0,0;0,0;lóc;PVN1242;6,0;;PVN1242;0,0;1;1;0,0
PVN1242-2;PVN1244;Sting vàng chai 330ml;pepsi;182.000,0;177.240,00;1,375;;;0,0;0,0;thùng;PVN1242;24,0;;PVN1242;0,0;1;1;0,0
PVN8890;8934588452116;Sting xanh hương việt quốc lon 320ml;pepsi;9.000,0;7.405,00;45,0;;;0,0;0,0;lon;;1,0;;;0,0;1;1;0,0
PVN8890-1;PVN8891;Sting xanh hương việt quốc lon 320ml;pepsi;50.000,0;44.430,00;7,50;;;0,0;0,0;Lóc;PVN8890;6,0;;PVN8890;0,0;1;1;0,0
PVN8890-2;PVN8892;Sting xanh hương việt quốc lon 320ml;pepsi;186.000,0;177.720,00;1,875;;;0,0;0,0;thùng;PVN8890;24,0;;PVN8890;0,0;1;1;0,0
PVN8893;8934588233050;Sting dâu chai 500ml;pepsi;11.000,0;8.890,00;165,0;;;0,0;0,0;chai;;1,0;;;0,0;1;1;0,0
PVN8893-1;PVN8894;Sting dâu chai 500ml;pepsi;58.000,0;53.340,00;27,50;;;0,0;0,0;lóc;PVN8893;6,0;;PVN8893;0,0;1;1;0,0
PVN8893-2;PVN8895;Sting dâu chai 500ml;pepsi;220.000,0;213.360,00;6,875;;;0,0;0,0;thùng;PVN8893;24,0;;PVN8893;0,0;1;1;0,0
PVN26;8934588883132;Mirinda cam chai 390ml;pepsi;6.000,0;5.164,00;75,0;;;0,0;0,0;chai;;1,0;;;0,0;1;1;0,0
PVN26-1;PVN636;Mirinda cam chai 390ml;pepsi;34.000,0;30.984,00;12,50;;;0,0;0,0;lóc;PVN26;6,0;;PVN26;0,0;1;1;0,0
PVN26-2;PVN2549;Mirinda cam chai 390ml;pepsi;128.000,0;123.936,00;3,125;;;0,0;0,0;thùng;PVN26;24,0;;PVN26;0,0;1;1;0,0
PVN95;8934588132117;Mirinda xá xị lon 320ml;pepsi;8.000,0;6.418,00;24,0;;;0,0;0,0;lon;;1,0;;;0,0;1;1;0,0
PVN95-1;PVN903;Mirinda xá xị lon 320ml;pepsi;44.000,0;38.508,00;4,0;;;0,0;0,0;lóc;PVN95;6,0;;PVN95;0,0;1;1;0,0
PVN95-2;PVN2492;Mirinda xá xị lon 320ml;pepsi;162.000,0;154.032,00;1,0;;;0,0;0,0;thùng;PVN95;24,0;;PVN95;0,0;1;1;0,0
PVN109;8934588133138;Mirinda xá xị chai 390ml;pepsi;6.000,0;5.164,00;91,0;;;0,0;0,0;chai;;1,0;;;0,0;1;1;0,0
PVN109-1;PVN573;Mirinda xá xị chai 390ml;pepsi;34.000,0;30.984,00;15,167;;;0,0;0,0;lóc;PVN109;6,0;;PVN109;0,0;1;1;0,0
PVN109-2;PVN1118;Mirinda xá xị chai 390ml;pepsi;128.000,0;123.936,00;3,792;;;0,0;0,0;thùng;PVN109;24,0;;PVN109;0,0;1;1;0,0
PVN111;8934588883064;Mirinda cam chai 1.5L;pepsi;16.000,0;13.284,00;22,0;;;0,0;0,0;chai;;1,0;;;0,0;1;1;0,0
PVN111-1;PVN3615;Mirinda cam chai 1.5L;pepsi;165.000,0;159.408,00;1,833;;;0,0;0,0;thùng;PVN111;12,0;;PVN111;0,0;1;1;0,0
SP000010;;Mirinda cam chai 1.5L;pepsi;83.000,0;79.704,00;3,667;;;0,0;0,0;Lóc;PVN111;6,0;;PVN111;0,0;1;1;0,0
PVN115;8934588133060;Mirinda xá xị chai 1.5L;pepsi;16.000,0;13.284,00;33,0;;;0,0;0,0;chai;;1,0;;;0,0;1;1;0,0
PVN115-1;PVN4807;Mirinda xá xị chai 1.5L;pepsi;165.000,0;159.408,00;2,750;;;0,0;0,0;thùng;PVN115;12,0;;PVN115;0,0;1;1;0,0
SP000011;;Mirinda xá xị chai 1.5L;pepsi;83.000,0;79.704,00;5,50;;;0,0;0,0;Lóc;PVN115;6,0;;PVN115;0,0;1;1;0,0
PVN129;8934588882111;Mirinda cam lon 320ml;pepsi;9.000,0;7.167,00;48,0;;;0,0;0,0;lon;;1,0;;;0,0;1;1;0,0
PVN129-1;PVN635;Mirinda cam lon 320ml;pepsi;46.000,0;43.002,00;8,0;;;0,0;0,0;lóc;PVN129;6,0;;PVN129;0,0;1;1;0,0
PVN129-2;PVN902;Mirinda cam lon 320ml;pepsi;160.000,0;172.008,00;2,0;;;0,0;0,0;thùng;PVN129;24,0;;PVN129;0,0;1;1;0,0
PVN130;8934588362118;Mirinda soda kem lon 320ml;pepsi;9.000,0;6.829,00;66,0;;;0,0;0,0;lon;;1,0;;;0,0;1;1;0,0
PVN130-1;PVN501;Mirinda soda kem lon 320ml;pepsi;46.000,0;40.974,00;11,0;;;0,0;0,0;lóc;PVN130;6,0;;PVN130;0,0;1;1;0,0
PVN130-2;PVN905;Mirinda soda kem lon 320ml;pepsi;168.000,0;163.896,00;2,750;;;0,0;0,0;thùng;PVN130;24,0;;PVN130;0,0;1;1;0,0
PVN618;8934588363061;Mirinda soda kem chai 1.5L;pepsi;16.000,0;13.284,00;70,0;;;0,0;0,0;chai;;1,0;;;0,0;1;1;0,0
PVN618-1;PVN4808;Mirinda soda kem chai 1.5L;pepsi;165.000,0;159.408,00;5,833;;;0,0;0,0;thùng;PVN618;12,0;;PVN618;0,0;1;1;0,0
PVN93;8934588022111;7up lon 320ml;pepsi;9.000,0;6.944,00;37,0;;;0,0;0,0;lon;;1,0;;;0,0;1;1;0,0
PVN93-1;PVN585;7up lon 320ml;pepsi;46.000,0;41.664,00;6,167;;;0,0;0,0;lóc;PVN93;6,0;;PVN93;0,0;1;1;0,0
PVN93-2;PVN901;7up lon 320ml;pepsi;172.000,0;166.656,00;1,542;;;0,0;0,0;thùng;PVN93;24,0;;PVN93;0,0;1;1;0,0
PVN108;8934588023132;7up chai 390ml;pepsi;6.000,0;5.164,00;71,0;;;0,0;0,0;chai;;1,0;;;0,0;1;1;0,0
PVN108-1;PVN574;7up chai 390ml;pepsi;34.000,0;30.984,00;11,833;;;0,0;0,0;lóc;PVN108;6,0;;PVN108;0,0;1;1;0,0
PVN108-2;PVN1954;7up chai 390ml;pepsi;128.000,0;123.936,00;2,958;;;0,0;0,0;thùng;PVN108;24,0;;PVN108;0,0;1;1;0,0
PVN112;8934588023064;7up chai 1.5L;pepsi;16.000,0;13.284,00;22,0;;;0,0;0,0;chai;;1,0;;;0,0;1;1;0,0
PVN112-1;PVN4636;7up chai 1.5L;pepsi;165.000,0;159.408,00;1,833;;;0,0;0,0;thùng;PVN112;12,0;;PVN112;0,0;1;1;0,0
PVN22;8934588013133;Pepsi chai 390ml;pepsi;6.000,0;5.164,00;98,0;;;0,0;0,0;chai;;1,0;;;0,0;1;1;0,0
PVN22-1;PVN654;Pepsi chai 390ml;pepsi;34.000,0;30.984,00;16,333;;;0,0;0,0;lóc;PVN22;6,0;;PVN22;0,0;1;1;0,0
PVN22-2;PVN1117;Pepsi chai 390ml;pepsi;128.000,0;123.936,00;4,083;;;0,0;0,0;thùng;PVN22;24,0;;PVN22;0,0;1;1;0,0
PVN92;8934588012112;Pepsi lon 320ml;pepsi;8.000,0;6.401,51;69,0;;;0,0;0,0;lon;;1,0;;;0,0;1;1;0,0
PVN92-1;PVN874;Pepsi lon 320ml;pepsi;46.000,0;38.409,06;11,50;;;0,0;0,0;lóc;PVN92;6,0;;PVN92;0,0;1;1;0,0
PVN92-2;PVN7777;Pepsi lon 320ml;pepsi;172.000,0;153.636,24;2,875;;;0,0;0,0;thùng;PVN92;24,0;;PVN92;0,0;1;1;0,0
PVN114;8934588013065;Pepsi chai 1.5L;pepsi;16.000,0;13.284,00;21,0;;;0,0;0,0;chai;;1,0;;;0,0;1;1;0,0
PVN114-1;PVN4806;Pepsi chai 1.5L;pepsi;165.000,0;159.408,00;1,750;;;0,0;0,0;thùng;PVN114;12,0;;PVN114;0,0;1;1;0,0
SP000009;;Pepsi chai 1.5L;pepsi;83.000,0;79.704,00;3,50;;;0,0;0,0;Lóc;PVN114;6,0;;PVN114;0,0;1;1;0,0
PVN6784;8934588013669;Pepsi chai 600ml;pepsi;8.500,0;6.359,00;118,0;;;0,0;0,0;chai;;1,0;;;0,0;1;1;0,0
PVN6784-1;PVN6785;Pepsi chai 600ml;pepsi;44.000,0;38.154,00;19,667;;;0,0;0,0;lóc;PVN6784;6,0;;PVN6784;0,0;1;1;0,0
PVN6784-2;PVN6786;Pepsi chai 600ml;pepsi;158.000,0;152.616,00;4,917;;;0,0;0,0;thùng;PVN6784;24,0;;PVN6784;0,0;1;1;0,0
PVN1516;8936000829254;Mì Unif bò rau thơm gói 72g;Tiểu nhị;3.500,0;3.034,00;151,0;;;0,0;0,0;gói;;1,0;;;0,0;1;1;0,0
PVN1516-1;PVN1517;Mì Unif bò rau thơm gói 72g;Tiểu nhị;96.000,0;91.020,00;5,033;;;0,0;0,0;thùng;PVN1516;30,0;;PVN1516;0,0;1;1;0,0
PVN7886;8936000820329;Mì Unif vị bò cay gói 72g;Tiểu nhị;3.500,0;3.267,00;0,0;;;0,0;0,0;gói;;1,0;;;0,0;1;1;0,0
PVN7886-1;PVN7887;Mì Unif vị bò cay gói 72g;Tiểu nhị;102.000,0;98.010,00;0,0;;;0,0;0,0;thùng;PVN7886;30,0;;PVN7886;0,0;1;1;0,0
PVN1512;8936000829285;Mì tiểu nhị thịt sốt chua cay 72g;Tiểu nhị;3.500,0;3.033,00;69,0;;;0,0;0,0;gói;;1,0;;;0,0;1;1;0,0
PVN1512-1;PVN1513;Mì tiểu nhị thịt sốt chua cay 72g;Tiểu nhị;96.000,0;90.990,00;2,30;;;0,0;0,0;thùng;PVN1512;30,0;;PVN1512;0,0;1;1;0,0
PVN1514;8936000820053;Mì tiểu nhị hải sản sốt me 72g;Tiểu nhị;3.500,0;3.063,00;84,0;;;0,0;0,0;gói;;1,0;;;0,0;1;1;0,0
PVN1514-1;PVN1519;Mì tiểu nhị hải sản sốt me 72g;Tiểu nhị;95.000,0;91.890,00;2,80;;;0,0;0,0;thùng;PVN1514;30,0;;PVN1514;0,0;1;1;0,0
PVN1520;8936000829278;Mì xào tiểu nhị thịt xào sốt hành 72g;Tiểu nhị;3.500,0;3.234,00;119,0;;;0,0;0,0;gói;;1,0;;;0,0;1;1;0,0
PVN1520-1;PVN1521;Mì xào tiểu nhị thịt xào sốt hành 72g;Tiểu nhị;96.000,0;97.020,00;3,967;;;0,0;0,0;thùng;PVN1520;30,0;;PVN1520;0,0;1;1;0,0
PVN1702;8936000820183;Mì Tiểu nhị Spaghetti bò xốt chua cay hộp 105g;Tiểu nhị;15.000,0;12.000,00;45,0;;;0,0;0,0;hộp;;1,0;;;0,0;1;1;0,0
PVN1702-1;PVN5820;Mì Tiểu nhị Spaghetti bò xốt chua cay hộp 105g;Tiểu nhị;144.000,0;144.000,00;3,750;;;0,0;0,0;thùng;PVN1702;12,0;;PVN1702;0,0;1;1;0,0
PVN5456;8936000820077;Mì Tiểu nhị Spaghetti bò hầm xốt cà chua hộp 105g;Tiểu nhị;15.000,0;11.231,00;32,0;;;0,0;0,0;hộp;;1,0;;;0,0;1;1;0,0
PVN5456-1;PVN5457;Mì Tiểu nhị Spaghetti bò hầm xốt cà chua hộp 105g;Tiểu nhị;144.000,0;134.772,00;2,667;;;0,0;0,0;thùng;PVN5456;12,0;;PVN5456;0,0;1;1;0,0
PVN2412;8935004010217;Mắm tôm bắc Trí Hải 115g;Trí hải;8.000,0;5.750,00;5,0;;;0,0;0,0;chai;;1,0;;;0,0;1;1;0,0
PVN2768;8935004070518;Mắm tôm trí hải đại 225g;Trí hải;16.000,0;14.917,00;6,0;;;0,0;0,0;chai;;1,0;;;0,0;1;1;0,0
PVN9007;8935004078873;Mắm ruốc trí hải có gia vị 408g;Trí hải;42.000,0;36.334,00;24,0;;;0,0;0,0;hũ;;1,0;;;0,0;1;1;0,0
TH9;TH90g;Mắm ruốc trí hải có gia vị hũ 90g;Trí hải;12.000,0;8.584,00;31,0;;;0,0;0,0;hũ;;1,0;;;0,0;1;1;0,0
PVN9285;8935004030994;Mắm ruốc xào sả có gia vị trí hải 192g;Trí hải;25.000,0;20.834,00;30,0;;;0,0;0,0;hũ;;1,0;;;0,0;1;1;0,0
PVN413;8934637212531;Tương cà Cholimex 270g;Cholimex;12.000,0;11.000,00;20,0;;;0,0;0,0;chai;;1,0;;;0,0;1;1;0,0
PVN413-1;PVN6476;Tương cà Cholimex 270g;Cholimex;274.000,0;264.000,00;0,833;;;0,0;0,0;thùng;PVN413;24,0;;PVN413;0,0;1;1;0,0
PVN471;8934637513362;Tương đen Cholimex chai 230g;Cholimex;12.000,0;9.500,00;21,0;;;0,0;0,0;chai;;1,0;;;0,0;1;1;0,0
PVN471-1;PVN6686;Tương đen Cholimex chai 230g;Cholimex;336.000,0;228.000,00;0,875;;;0,0;0,0;thùng;PVN471;24,0;;PVN471;0,0;1;1;0,0
PVN472;8934637042534;Tương ớt xí muội Cholimex chai 270g;Cholimex;12.000,0;11.000,00;0,0;;;0,0;0,0;chai;;1,0;;;0,0;1;1;0,0
PVN472-1;PVN6932;Tương ớt xí muội Cholimex chai 270g;Cholimex;268.000,0;264.000,00;0,0;;;0,0;0,0;thùng;PVN472;24,0;;PVN472;0,0;1;1;0,0
PVN477;8934637513621;Sa tế tôm XO Cholimex chai 100g;Cholimex;11.000,0;10.500,00;0,0;;;0,0;0,0;chai;;1,0;;;0,0;1;1;0,0
11901114;8934637514062;Tương cà Ketchup Cholimex chai 330g;Cholimex;26.000,0;22.500,00;2,0;;;0,0;0,0;chai;;1,0;;;0,0;1;1;0,0
8934637514871;8934637514871;Xốt ướp thịt nướng Cholimex gói 70g;Cholimex;8.000,0;6.635,00;0,0;;;0,0;0,0;bịch;;1,0;;;0,0;1;1;0,0
8934637514925;8934637514925;Tương hột cholimex 250g;Cholimex;12.000,0;9.500,00;24,0;;;0,0;0,0;hộp;;1,0;;;0,0;1;1;0,0
8934637515397;8934637515397;Nước tương đậu nành đậm đặc cholimex 300ml;Cholimex;16.000,0;13.100,00;14,0;;;0,0;0,0;chai;;1,0;;;0,0;1;1;0,0
PVN1661;8934637011523;Tương ớt Cholimex chai 270g;Cholimex;12.000,0;11.000,00;8,0;;;0,0;0,0;chai;;1,0;;;0,0;1;1;0,0
PVN1661-1;PVN6303;Tương ớt Cholimex chai 270g;Cholimex;264.000,0;264.000,00;0,333;;;0,0;0,0;thùng;PVN1661;24,0;;PVN1661;0,0;1;1;0,0
PVN1662;8934637514413;Tương ớt cholimex nắp xuôi chai 250g;Cholimex;14.000,0;12.000,00;5,0;;;0,0;0,0;chai;;1,0;;;0,0;1;1;0,0
PVN6989;8934637516318;Nước mắm chay cholimex 245ml;Cholimex;22.000,0;18.500,00;0,0;;;0,0;0,0;chai;;1,0;;;0,0;1;1;0,0
PVN6989-1;PVN6989;Nước mắm chay cholimex 245ml;Cholimex;455.000,0;444.000,00;0,0;;;0,0;0,0;Thùng;PVN6989;24,0;;PVN6989;0,0;1;1;0,0
PVN1901;8934637516073;Dầu hào Cholimex chai 170g;Cholimex;12.000,0;10.000,00;16,0;;;0,0;0,0;chai;;1,0;;;0,0;1;1;0,0
PVN1901-1;PVN6754;Dầu hào Cholimex chai 170g;Cholimex;492.000,0;480.000,00;0,333;;;0,0;0,0;thùng;PVN1901;48,0;;PVN1901;0,0;1;1;0,0
PVN2118;8934637515731;Xốt ướp bò kho Cholimex gói 90g;Cholimex;10.000,0;9.000,00;25,0;;;0,0;0,0;bịch;;1,0;;;0,0;1;1;0,0
PVN2119;8934637515236;Xốt ướp thịt xá xíu Cholimex gói 70g;Cholimex;8.000,0;6.800,00;48,0;;;0,0;0,0;bịch;;1,0;;;0,0;1;1;0,0
PVN2257;8934637515663;Dầu hào Cholimex chai 350g;Cholimex;22.000,0;19.600,00;6,0;;;0,0;0,0;chai;;1,0;;;0,0;1;1;0,0
PVN2257-1;PVN6934;Dầu hào Cholimex chai 350g;Cholimex;482.000,0;470.400,00;0,250;;;0,0;0,0;thùng;PVN2257;24,0;;PVN2257;0,0;1;1;0,0
PVN2424;8934637515465;Gia vị thịt kho Cholimex gói 50g;Cholimex;7.000,0;5.500,00;11,0;;;0,0;0,0;gói;;1,0;;;0,0;1;1;0,0
PVN2425;8934637515441;Gia vị kho cá Cholimex gói 50g;Cholimex;7.000,0;5.500,00;7,0;;;0,0;0,0;gói;;1,0;;;0,0;1;1;0,0
PVN3292;8934637515403;Nước tương lên men Cholimex đậm đặc 700ml;Cholimex;28.000,0;24.500,00;7,0;;;0,0;0,0;chai;;1,0;;;0,0;1;1;0,0
PVN3293;8934637515670;Dầu hào cholimex chai 820g;Cholimex;45.000,0;41.000,00;0,0;;;0,0;0,0;chai;;1,0;;;0,0;1;1;0,0
PVN3293-1;PVN6933;Dầu hào cholimex chai 820g;Cholimex;505.000,0;492.000,00;0,0;;;0,0;0,0;thùng;PVN3293;12,0;;PVN3293;0,0;1;1;0,0
PVN3411;8934637515014;Nước mắm Cholimex 35 độ chai 750ml;Cholimex;76.000,0;72.500,00;0,0;;;0,0;0,0;chai;;1,0;;;0,0;1;1;0,0
PVN4631;8934637514734;Xốt ướp thịt nướng Cholimex hũ 200g;Cholimex;25.000,0;21.000,00;0,0;;;0,0;0,0;hũ;;1,0;;;0,0;1;1;0,0
PVN4704;8934637513423;Tương ớt Cholimex chai 830g;Cholimex;30.000,0;27.800,00;10,0;;;0,0;0,0;chai;;1,0;;;0,0;1;1;0,0
PVN4704-1;PVN6935;Tương ớt Cholimex chai 830g;Cholimex;344.000,0;333.600,00;0,833;;;0,0;0,0;thùng;PVN4704;12,0;;PVN4704;0,0;1;1;0,0
PVN4773;8934637514932;Lẩu thái Cholimex chai 280g;Cholimex;20.000,0;17.200,00;23,0;;;0,0;0,0;chai;;1,0;;;0,0;1;1;0,0
PVN4773-1;PVN6936;Lẩu thái Cholimex chai 280g;Cholimex;435.000,0;412.800,00;0,958;;;0,0;0,0;thùng;PVN4773;24,0;;PVN4773;0,0;1;1;0,0
PVN5095;8935025531401;Heo 2 lát Cholimex hộp 160g;Cholimex;19.000,0;16.000,00;6,0;;;0,0;0,0;hộp;;1,0;;;0,0;1;1;0,0
PVN5848;10267141;Sate tôm Cholimex 100g;Cholimex;12.000,0;10.500,00;99,0;;;0,0;0,0;chai;;1,0;;;0,0;1;1;0,0
PVN5917;8934637514314;Sa tế tôm Cholimex chai 90g;Cholimex;9.000,0;6.857,00;31,0;;;0,0;0,0;chai;;1,0;;;0,0;1;1;0,0
PVN6536;8934637516660;Xốt ướp thịt Hàn Quốc vị cay Cholimex gói 70g;Cholimex;12.000,0;10.000,00;4,0;;;0,0;0,0;gói;;1,0;;;0,0;1;1;0,0
PVN7482;8934637517216;Sốt sườn xào chua ngọt Cholimex bịch 90g;Cholimex;12.000,0;9.400,00;7,0;;;0,0;0,0;bịch;;1,0;;;0,0;1;1;0,0
PVN7483;8934637517209;Xốt gà chiên nước mắm 90g CHOLIMEX;Cholimex;9.000,0;7.200,00;13,0;;;0,0;0,0;bịch;;1,0;;;0,0;1;1;0,0
PVN7527;8934637517247;Nước mắm Cholimex 30 độ đạm chai 500ml;Cholimex;48.000,0;43.500,00;5,0;;;0,0;0,0;chai;;1,0;;;0,0;1;1;0,0
PVN7814;8934637517308;Nước mắm Cholimex 30 độ đạm chai 750ml;Cholimex;68.000,0;63.500,00;2,0;;;0,0;0,0;chai;;1,0;;;0,0;1;1;0,0
PVN7815;8934637517315;Nước mắm Cholimex 40 độ đạm chai 750ml;Cholimex;84.000,0;78.500,00;0,0;;;0,0;0,0;chai;;1,0;;;0,0;1;1;0,0
PVN7980;8934637517254;Nước mắm Cholimex 40 độ đạm chai 500ml;Cholimex;62.000,0;58.500,00;5,0;;;0,0;0,0;chai;;1,0;;;0,0;1;1;0,0
PVN8246;8934637517834;Nước mắm Cholimex tinh túy cá cơm 40 độ đạm chai 60ml;Cholimex;15.000,0;12.500,00;10,0;;;0,0;0,0;chai;;1,0;;;0,0;1;1;0,0
PVN8246-1;PVN8247;Nước mắm Cholimex tinh túy cá cơm 40 độ đạm chai 60ml;Cholimex;158.000,0;150.000,00;0,833;;;0,0;0,0;lóc;PVN8246;12,0;;PVN8246;0,0;1;1;0,0
PVN8401;8934637517193;Xốt cá chiên cholimex bịch 90g;Cholimex;9.000,0;7.000,00;17,0;;;0,0;0,0;bịch;;1,0;;;0,0;1;1;0,0
PVN8741;8934637515229;Xốt ướp xá xíu Cholimex hũ 200g;Cholimex;24.000,0;21.000,00;21,0;;;0,0;0,0;hũ;;1,0;;;0,0;1;1;0,0
PVN8774;8934637517650;Nước mắm Cholimex 40 độ đạm chai 150ml;Cholimex;26.000,0;23.500,00;10,0;;;0,0;0,0;chai;;1,0;;;0,0;1;1;0,0
PVN8933;8934637515588;Nước mắm Cholimex 35 độ đạm chai 150ml;Cholimex;22.000,0;18.500,00;15,0;;;0,0;0,0;chai;;1,0;;;0,0;1;1;0,0
PVN9003;8934637515656;Nước tương đậu nành Cholimex chai 150ml;Cholimex;10.000,0;7.500,00;0,0;;;0,0;0,0;chai;;1,0;;;0,0;1;1;0,0
PVN9105;8934637519234;Xốt ướp bò né Cholimex 90g;Cholimex;10.000,0;9.000,00;56,0;;;0,0;0,0;bịch;;1,0;;;0,0;1;1;0,0
PVN9241;8934637513553;Sa tế tôm XO Cholimex hũ 170g;Cholimex;27.000,0;23.400,00;30,0;;;0,0;0,0;hũ;;1,0;;;0,0;1;1;0,0
PVN9265;8934637519463;Xốt chấm thịt nướng Cholimex chai 270g;Cholimex;28.000,0;24.500,00;6,0;;;0,0;0,0;chai;;1,0;;;0,0;1;1;0,0
PVN9301;8934637516400;Nước mắm nguyên chất 40 độ đạm Cholimex chai 150ml;Cholimex;50.000,0;44.500,00;6,0;;;0,0;0,0;chai;;1,0;;;0,0;1;1;0,0
PVN9341;8934637515007;Nước mắm Cholimex 35 độ chai 500ml;Cholimex;56.000,0;52.000,00;5,0;;;0,0;0,0;chai;;1,0;;;0,0;1;1;0,0
PVN9513;8934637515359;Tương cà cholimex 830g;Cholimex;30.000,0;27.800,00;16,0;;;0,0;0,0;chai;;1,0;;;0,0;1;1;0,0
PVN9513-1;PVN9559;Tương cà cholimex 830g;Cholimex;350.000,0;333.600,00;1,333;;;0,0;0,0;thùng;PVN9513;12,0;;PVN9513;0,0;1;1;0,0
PVN1060;8936010681675;Hủ tiếu nam vang cung đình gói 70g;Cung đình;9.000,0;7.603,00;175,0;;;0,0;0,0;gói;;1,0;;;0,0;1;1;0,0
PVN1060-2;PVN1160;Hủ tiếu nam vang cung đình gói 70g;Cung đình;255.000,0;182.472,00;7,292;;;0,0;0,0;thùng;PVN1060;24,0;;PVN1060;0,0;1;1;0,0
PVN1060-1;PVN4978;Hủ tiếu nam vang cung đình gói 70g;Cung đình;87.000,0;76.030,00;17,50;;;0,0;0,0;lóc;PVN1060;10,0;;PVN1060;0,0;1;1;0,0
PVN2376;8936010681415;Phở bò cung đình gói 68g;Cung đình;9.000,0;7.800,00;85,0;;;0,0;0,0;gói;;1,0;;;0,0;1;1;0,0
PVN2376-2;PVN2736;Phở bò cung đình gói 68g;Cung đình;236.000,0;234.000,00;2,833;;;0,0;0,0;thùng;PVN2376;30,0;;PVN2376;0,0;1;1;0,0
PVN2376-1;PVN3573;Phở bò cung đình gói 68g;Cung đình;82.000,0;78.000,00;8,50;;;0,0;0,0;lóc;PVN2376;10,0;;PVN2376;0,0;1;1;0,0
PVN2383;8936104380057;Mì Cung Đình hương vị tôm chua cay ly 71g;Cung đình;9.000,0;7.750,00;11,0;;;0,0;0,0;ly;;1,0;;;0,0;1;1;0,0
PVN2383-1;PVN2384;Mì Cung Đình hương vị tôm chua cay ly 71g;Cung đình;85.000,0;77.500,00;1,10;;;0,0;0,0;lóc;PVN2383;10,0;;PVN2383;0,0;1;1;0,0
PVN2383-2;PVN2385;Mì Cung Đình hương vị tôm chua cay ly 71g;Cung đình;192.000,0;186.000,00;0,458;;;0,0;0,0;thùng;PVN2383;24,0;;PVN2383;0,0;1;1;0,0
PVN3654;8936104380316;Mì tô kool cung đình vị nướng BBQ hộp 105g;Cung đình;16.000,0;12.917,00;9,0;;;0,0;0,0;hộp;;1,0;;;0,0;1;1;0,0
PVN3654-1;PVN3654;Mì tô kool cung đình vị nướng BBQ hộp 105g;Cung đình;160.000,0;155.004,00;0,750;;;0,0;0,0;thùng;PVN3654;12,0;;PVN3654;0,0;1;1;0,0
PVN6148;8936010682122;Hủ tiếu sườn heo cung đình gói 84g;Cung đình;9.000,0;7.603,00;74,0;;;0,0;0,0;gói;;1,0;;;0,0;1;1;0,0
PVN6148-1;PVN6149;Hủ tiếu sườn heo cung đình gói 84g;Cung đình;87.000,0;76.030,00;7,40;;;0,0;0,0;lóc;PVN6148;10,0;;PVN6148;0,0;1;1;0,0
PVN6148-2;PVN6150;Hủ tiếu sườn heo cung đình gói 84g;Cung đình;255.000,0;228.090,00;2,467;;;0,0;0,0;thùng;PVN6148;30,0;;PVN6148;0,0;1;1;0,0
PVN6904;8936104380439;Mì cung đình vị bò hầm ly 64g;Cung đình;9.000,0;7.750,00;20,0;;;0,0;0,0;ly;;1,0;;;0,0;1;1;0,0
PVN6904-2;PVN6905;Mì cung đình vị bò hầm ly 64g;Cung đình;192.000,0;186.000,00;0,833;;;0,0;0,0;thùng;PVN6904;24,0;;PVN6904;0,0;1;1;0,0
PVN9542-1;PVN9542;Mì cung đình vị bò hầm ly 64g;Cung đình;85.000,0;77.500,00;2,0;;;0,0;0,0;10;PVN6904;10,0;;PVN6904;0,0;1;1;0,0
PVN9271;8936010683204;Hủ tiếu bò kho cung đình 85g;Cung đình;9.000,0;7.603,00;0,0;;;0,0;0,0;gói;;1,0;;;0,0;1;1;0,0
PVN9271-1;PVN9272;Hủ tiếu bò kho cung đình 85g;Cung đình;87.000,0;76.030,00;0,0;;;0,0;0,0;10;PVN9271;10,0;;PVN9271;0,0;1;1;0,0
PVN9271-2;PVN9273;Hủ tiếu bò kho cung đình 85g;Cung đình;255.000,0;228.090,00;0,0;;;0,0;0,0;thùng;PVN9271;30,0;;PVN9271;0,0;1;1;0,0
PVN9092;8934663192562;Mì Yes Mom vị tôm chua cay ly 79.2g;Vị hương;8.000,0;6.960,00;20,0;;;0,0;0,0;ly;;1,0;;;0,0;1;1;0,0
PVN9092-1;PVN9093;Mì Yes Mom vị tôm chua cay ly 79.2g;Vị hương;172.000,0;69.600,00;2,0;;;0,0;0,0;thùng;PVN9092;10,0;;PVN9092;0,0;1;1;0,0
PVN9092-2;PVN9094;Mì Yes Mom vị tôm chua cay ly 79.2g;Vị hương;76.000,0;167.040,00;0,833;;;0,0;0,0;10 ly;PVN9092;24,0;;PVN9092;0,0;1;1;0,0
PVN9095;8934663192708;Mì Yes Mom hương vị sườn heo ly 79.2g;Vị hương;8.000,0;6.858,00;39,0;;;0,0;0,0;ly;;1,0;;;0,0;1;1;0,0
PVN9095-1;PVN9096;Mì Yes Mom hương vị sườn heo ly 79.2g;Vị hương;76.000,0;68.580,00;3,90;;;0,0;0,0;10 ly;PVN9095;10,0;;PVN9095;0,0;1;1;0,0
PVN9095-2;PVN9097;Mì Yes Mom hương vị sườn heo ly 79.2g;Vị hương;172.000,0;164.592,00;1,625;;;0,0;0,0;thùng;PVN9095;24,0;;PVN9095;0,0;1;1;0,0
PVN9098;8934663192586;Hủ tiếu mì Yes Mom hương vị thịt bầm ly 79.2g;Vị hương;8.000,0;6.858,00;0,0;;;0,0;0,0;ly;;1,0;;;0,0;1;1;0,0
PVN9098-1;PVN9099;Hủ tiếu mì Yes Mom hương vị thịt bầm ly 79.2g;Vị hương;76.000,0;68.580,00;0,0;;;0,0;0,0;10 ly;PVN9098;10,0;;PVN9098;0,0;1;1;0,0
PVN9098-2;PVN9100;Hủ tiếu mì Yes Mom hương vị thịt bầm ly 79.2g;Vị hương;172.000,0;164.592,00;0,0;;;0,0;0,0;thùng;PVN9098;24,0;;PVN9098;0,0;1;1;0,0
PVN229;8934663103025;Mì 1kg Vị hương;Vị hương;32.000,0;30.500,00;10,0;;;0,0;0,0;gói;;1,0;;;0,0;1;1;0,0
PVN229-1;PVN9386;Mì 1kg Vị hương;Vị hương;310.000,0;305.000,00;1,0;;;0,0;0,0;thùng;PVN229;10,0;;PVN229;0,0;1;1;0,0
PVN9082;8934663102288;Mì vị hương 6 tôm gói 65g;Vị hương;3.000,0;2.635,00;253,0;;;0,0;0,0;gói;;1,0;;;0,0;1;1;0,0
PVN9082-1;PVN9083;Mì vị hương 6 tôm gói 65g;Vị hương;28.000,0;26.350,00;25,30;;;0,0;0,0;10 gói;PVN9082;10,0;;PVN9082;0,0;1;1;0,0
PVN9082-2;PVN9084;Mì vị hương 6 tôm gói 65g;Vị hương;269.000,0;263.500,00;2,530;;;0,0;0,0;thùng;PVN9082;100,0;;PVN9082;0,0;1;1;0,0
PVN9253;8934663102721;Mì vị hương 2 tôm gói 60g;Vị hương;3.000,0;2.455,00;161,0;;;0,0;0,0;gói;;1,0;;;0,0;1;1;0,0
PVN9253-1;PVN9254;Mì vị hương 2 tôm gói 60g;Vị hương;28.000,0;24.550,00;16,10;;;0,0;0,0;10 gói;PVN9253;10,0;;PVN9253;0,0;1;1;0,0
PVN9253-2;PVN9255;Mì vị hương 2 tôm gói 60g;Vị hương;258.000,0;245.500,00;1,610;;;0,0;0,0;thùng;PVN9253;100,0;;PVN9253;0,0;1;1;0,0
PVN2137;8934683008737;Ngũ cốc dinh dưỡng B'fast bịch 500g;Chinsu;54.000,0;51.100,00;27,0;;;0,0;0,0;gói;;1,0;;;0,0;1;1;0,0
PVN2137-1;PVN6075;Ngũ cốc dinh dưỡng B'fast bịch 500g;Chinsu;734.000,0;715.400,00;1,929;;;0,0;0,0;thùng;PVN2137;14,0;;PVN2137;0,0;1;1;0,0
PVN7905;8934683001257;Cà phê Chất cà phê sữa đá sài gòn hộp 290g (10gói x 29gr);Chinsu;50.000,0;47.100,00;11,0;;;0,0;0,0;hộp;;1,0;;;0,0;1;1;0,0
8935024163504;8935024163504;Cà phê Trung nguyên Sáng Tạo 1 gói 340g;Trung nguyên;84.000,0;79.500,00;2,0;;;0,0;0,0;bịch;;1,0;;;0,0;1;1;0,0
S500g;8935024115169;Cà phê Trung Nguyên S gói 500g;Trung nguyên;74.000,0;70.200,00;12,0;;;0,0;0,0;bịch;;1,0;;;0,0;1;1;0,0
PVN1903;8935024163528;Cà phê Trung nguyên Sáng tạo 3 gói 340g;Trung nguyên;118.000,0;112.000,00;0,0;;;0,0;0,0;bịch;;1,0;;;0,0;1;1;0,0
s100g;8935024111154;Cà phê Trung nguyên S Chinh phục gói 100g;Trung nguyên;17.000,0;15.300,00;100,0;;;0,0;0,0;bịch;;1,0;;;0,0;1;1;0,0
s100g-1;PVN3044;Cà phê Trung nguyên S Chinh phục gói 100g;Trung nguyên;80.000,0;153.000,00;10,0;;;0,0;0,0;lóc;s100g;10,0;;s100g;0,0;1;1;0,0
8935024163511;8935024163511;Cà phê Trung Nguyên sáng tạo 2 gói 340g;Trung nguyên;98.000,0;93.000,00;0,0;;;0,0;0,0;bịch;;1,0;;;0,0;1;1;0,0
PVN5762;8935024123287;Cà phê G7 3in1 hộp 336g (21gói x 16g);Trung nguyên;70.000,0;66.240,00;21,0;;;0,0;0,0;hộp;;1,0;;;0,0;1;1;0,0
PVN5762-1;PVN5762;Cà phê G7 3in1 hộp 336g (21gói x 16g);Trung nguyên;1.650.000,0;1.589.760,00;0,875;;;0,0;0,0;thùng;PVN5762;24,0;;PVN5762;0,0;1;1;0,0
PVN658;;Cafe G7 gói 16g;Trung nguyên;4.000,0;3.185,00;469,0;;;0,0;0,0;gói;;1,0;;;0,0;1;1;0,0
PVN658-1;8935024120330;Cafe G7 gói 16g;Trung nguyên;36.000,0;31.850,00;46,90;;;0,0;0,0;dây;PVN658;10,0;;PVN658;0,0;1;1;0,0
PVN1628;8935024129357;Cà phê G7 3in1 bịch 800g (50 gói x 16g);Trung nguyên;172.000,0;163.000,00;1,0;;;0,0;0,0;bịch;;1,0;;;0,0;1;1;0,0
PVN1628-1;PVN6951;Cà phê G7 3in1 bịch 800g (50 gói x 16g);Trung nguyên;1.640.000,0;1.630.000,00;0,10;;;0,0;0,0;thùng;PVN1628;10,0;;PVN1628;0,0;1;1;0,0
PVN1905;8935024122396;Cà phê đen G7 2in1 hộp 240g;Trung nguyên;70.000,0;68.000,00;15,0;;;0,0;0,0;hộp;;1,0;;;0,0;1;1;0,0
PVN1905-1;PVN5873;Cà phê đen G7 2in1 hộp 240g;Trung nguyên;1.650.000,0;1.632.000,00;0,625;;;0,0;0,0;thùng;PVN1905;24,0;;PVN1905;0,0;1;1;0,0
PVN1972;8935024173084;Cà phê G7 3in1 bịch 320g (20 gói x 16g);Trung nguyên;78.000,0;75.000,00;0,0;;;0,0;0,0;bịch;;1,0;;;0,0;1;1;0,0
PVN1972-1;PVN7089;Cà phê G7 3in1 bịch 320g (20 gói x 16g);Trung nguyên;1.520.000,0;1.800.000,00;0,0;;;0,0;0,0;thùng;PVN1972;24,0;;PVN1972;0,0;1;1;0,0
PVN1376;8938553164592;Cà phê bảo minh 2 bịch 500g;Bảo minh;74.000,0;70.000,00;49,0;;;0,0;0,0;bich;;1,0;;;0,0;1;1;0,0
PVN2417;8936010170124;Cà phê Bảo Minh bịch 100g;Bảo minh;16.000,0;14.200,00;181,0;;;0,0;0,0;bịch;;1,0;;;0,0;1;1;0,0
PVN2417-1;PVN2417;Cà phê Bảo Minh bịch 100g;Bảo minh;75.000,0;71.000,00;36,20;;;0,0;0,0;lốc;PVN2417;5,0;;PVN2417;0,0;1;1;0,0
PVN8888;8934833470124;Cà phê sữa Ngon More in 1 bịch 480g (24góix20g);Trần quang;42.000,0;39.381,00;47,0;;;0,0;0,0;bịch;;1,0;;;0,0;1;1;0,0
PVN8888-1;PVN8889;Cà phê sữa Ngon More in 1 bịch 480g (24góix20g);Trần quang;850.000,0;827.001,00;2,238;;;0,0;0,0;thùng;PVN8888;21,0;;PVN8888;0,0;1;1;0,0
PVN1920;8934833470025;Cafe sữa hòa tan 3in1 Good Morning;Trần quang;39.000,0;37.858,00;108,0;;;0,0;0,0;gói;;1,0;;;0,0;1;1;0,0
PVN1920-1;PVN1920;Cafe sữa hòa tan 3in1 Good Morning;Trần quang;790.000,0;795.018,00;5,143;;;0,0;0,0;thùng;PVN1920;21,0;;PVN1920;0,0;1;1;0,0
sm-83-38486;8936024241667;Cà phê Phố sữa đá hộp 240g;Cafe Phố;48.000,0;45.000,00;3,0;;;0,0;0,0;hộp;;1,0;;;0,0;1;1;0,0
PVN8109;PVN8109;Cà phê phố đen đá gói 16g;Cafe Phố;4.000,0;3.500,00;25,0;;;0,0;0,0;gói;;1,0;;;0,0;1;1;0,0
PVN8109-1;8936024243968;Cà phê phố đen đá gói 16g;Cafe Phố;38.000,0;35.000,00;2,50;;;0,0;0,0;dây;PVN8109;10,0;;PVN8109;0,0;1;1;0,0
PVN8109-2;8936024241629;Cà phê phố đen đá gói 16g;Cafe Phố;175.000,0;175.000,00;0,50;;;0,0;0,0;bịch;PVN8109;50,0;;PVN8109;0,0;1;1;0,0
sm-83-38485;8936024243975;Cà phê Phố đen đá hộp 160g;Cafe Phố;42.000,0;32.000,00;35,0;;;0,0;0,0;hộp;;1,0;;;0,0;1;1;0,0
PVN659;;Cà phê Phố sữa đá gói 24g;Cafe Phố;5.000,0;4.365,00;687,0;;;0,0;0,0;gói;;1,0;;;0,0;1;1;0,0
PVN659-1;8936024241650;Cà phê Phố sữa đá gói 24g;Cafe Phố;46.000,0;43.650,00;68,70;;;0,0;0,0;dây;PVN659;10,0;;PVN659;0,0;1;1;0,0
PVN659-2;PVN7718;Cà phê Phố sữa đá gói 24g;Cafe Phố;2.660.000,0;2.619.000,00;1,145;;;0,0;0,0;thùng;PVN659;600,0;;PVN659;0,0;1;1;0,0
PVN2840;8936024244101;Cà phê Phố sữa đá bịch 720g (30gói/24g);Cafe Phố;140.000,0;133.000,00;11,0;;;0,0;0,0;bịch;;1,0;;;0,0;1;1;0,0
PVN8984;8936024241766;Cà phê phố sữa nóng hộp 160g (10 gói x 16g);Cafe Phố;42.000,0;38.000,00;10,0;;;0,0;0,0;hộp;;1,0;;;0,0;1;1;0,0
PVN2138;8934683007655;Cà phê Phil 2in1 hộp 240g (15góix16g);Chinsu;60.000,0;57.200,00;9,0;;;0,0;0,0;hộp;;1,0;;;0,0;1;1;0,0
PVN5982;8934683008614;Vinacafe bịch 480g (24 gói x 20g);Chinsu;72.000,0;70.700,00;29,0;;;0,0;0,0;bịch;;1,0;;;0,0;1;1;0,0
PVN5982-1;PVN5983;Vinacafe bịch 480g (24 gói x 20g);Chinsu;1.428.000,0;1.414.000,00;1,450;;;0,0;0,0;thùng;PVN5982;20,0;;PVN5982;0,0;1;1;0,0
PVN6336;8934683009444;VinaCafe Gold hộp 360g (18gx20gr);Chinsu;58.000,0;55.600,00;0,0;;;0,0;0,0;hộp;;1,0;;;0,0;1;1;0,0
PVN9150;8934683011225;Vinacafe Special đỏ hộp 306g (18gói x 17g);Chinsu;55.000,0;52.900,00;6,0;;;0,0;0,0;hộp;;1,0;;;0,0;1;1;0,0
PVN6122;8934683007044;Wakeup cafe cà phê Sài Gòn bịch 494g (26 gói x19);Chinsu;47.000,0;45.000,00;12,0;;;0,0;0,0;bịch;;1,0;;;0,0;1;1;0,0
PVN6122-1;PVN6122;Wakeup cafe cà phê Sài Gòn bịch 494g (26 gói x19);Chinsu;920.000,0;900.000,00;0,60;;;0,0;0,0;thùng;PVN6122;20,0;;PVN6122;0,0;1;1;0,0
PVN2856;8934683008867;NTL Wakeup 247 vị cà phê chai 330ml;Chinsu;9.000,0;7.280,00;144,0;;;0,0;0,0;chai;;1,0;;;0,0;1;1;0,0
PVN2856-1;PVN2857;NTL Wakeup 247 vị cà phê chai 330ml;Chinsu;48.000,0;43.680,00;24,0;;;0,0;0,0;lóc;PVN2856;6,0;;PVN2856;0,0;1;1;0,0
PVN2856-2;PVN2858;NTL Wakeup 247 vị cà phê chai 330ml;Chinsu;188.000,0;174.720,00;6,0;;;0,0;0,0;thùng;PVN2856;24,0;;PVN2856;0,0;1;1;0,0
PVN8372;8934683010679;Cafe Wakeup Mekong cam bịch 432g;Chinsu;38.000,0;34.000,00;10,0;;;0,0;0,0;bịch;;1,0;;;0,0;1;1;0,0
PVN8372-1;PVN9109;Cafe Wakeup Mekong cam bịch 432g;Chinsu;720.000,0;680.000,00;0,50;;;0,0;0,0;thùng;PVN8372;20,0;;PVN8372;0,0;1;1;0,0
PVN8373;8934683010662;Cafe Wakeup Mekong xanh bịch 432g;Chinsu;38.000,0;34.000,00;6,0;;;0,0;0,0;bịch;;1,0;;;0,0;1;1;0,0
PVN8373-1;PVN9405;Cafe Wakeup Mekong xanh bịch 432g;Chinsu;720.000,0;680.000,00;0,30;;;0,0;0,0;thùng;PVN8373;20,0;;PVN8373;0,0;1;1;0,0
PVN781;8936035100397;Bơ thực vật Tường An hộp 80g;Tường an;9.000,0;6.819,00;1,0;;;0,0;999.999.999,0;hộp;;1,0;;;0,0;1;1;0,0
PVN782;8936035100403;Bơ thực vật Tường An 200g;Tường an;18.000,0;14.091,00;0,0;;;0,0;999.999.999,0;hộp;;1,0;;;0,0;1;1;0,0
PVN6688;8936035100311;Dầu đậu nành Tường An chai 1L;Tường an;52.000,0;46.560,00;10,0;;;0,0;999.999.999,0;chai;;1,0;;;0,0;1;1;0,0
PVN6688-1;PVN6930;Dầu đậu nành Tường An chai 1L;Tường an;568.000,0;558.720,00;0,833;;;0,0;83.333.333,250;thùng;PVN6688;12,0;;PVN6688;0,0;1;1;0,0
PVN6689;8936035100328;Dầu đậu nành Tường An chai 2L;Tường an;102.000,0;109.769,00;13,0;;;0,0;999.999.999,0;chai;;1,0;;;0,0;1;1;0,0
PVN6689-1;PVN6931;Dầu đậu nành Tường An chai 2L;Tường an;563.000,0;658.614,00;2,167;;;0,0;166.666.666,50;thùng;PVN6689;6,0;;PVN6689;0,0;1;1;0,0
PVN8365;8936035100038;Dầu Tường An Cooking Oil chai 1L;Tường an;46.000,0;43.000,00;16,0;;;0,0;999.999.999,0;chai;;1,0;;;0,0;1;1;0,0
PVN8365-1;PVN8366;Dầu Tường An Cooking Oil chai 1L;Tường an;528.000,0;516.000,00;1,333;;;0,0;83.333.333,250;thùng;PVN8365;12,0;;PVN8365;0,0;1;1;0,0
PVN4841;8936035100588;Dầu tường an Olita chai 1L;Tường an;40.000,0;38.600,00;34,0;;;0,0;999.999.999,0;chai;;1,0;;;0,0;1;1;0,0
PVN4841-1;PVN5448;Dầu tường an Olita chai 1L;Tường an;480.000,0;463.200,00;2,833;;;0,0;83.333.333,250;thùng;PVN4841;12,0;;PVN4841;0,0;1;1;0,0
PVN4842;8936035100595;Dầu tường an Olita chai 2L;Tường an;79.000,0;77.300,00;14,0;;;0,0;999.999.999,0;chai;;1,0;;;0,0;1;1;0,0
PVN4842-1;PVN7010;Dầu tường an Olita chai 2L;Tường an;474.000,0;463.800,00;2,333;;;0,0;166.666.666,50;thùng;PVN4842;6,0;;PVN4842;0,0;1;1;0,0
PVN4993;8936035100571;Dầu tường an Olita chai 400ml;Tường an;20.000,0;17.500,00;94,0;;;0,0;999.999.999,0;chai;;1,0;;;0,0;1;1;0,0
PVN4993-1;PVN7985;Dầu tường an Olita chai 400ml;Tường an;480.000,0;420.000,00;3,917;;;0,0;41.666.666,625;thùng;PVN4993;24,0;;PVN4993;0,0;1;1;0,0
PVN5707;8936035100601;Dầu tường an Olita chai 5L;Tường an;180.000,0;176.750,00;7,0;;;0,0;999.999.999,0;chai;;1,0;;;0,0;1;1;0,0
PVN5707-1;PVN5708;Dầu tường an Olita chai 5L;Tường an;746.000,0;707.000,00;1,750;;;0,0;249.999.999,750;thùng;PVN5707;4,0;;PVN5707;0,0;1;1;0,0
PVN8629;8934988040043;Dầu Orchid can 5L;Cái Lân;172.000,0;168.000,00;0,0;;;0,0;999.999.999,0;can;;1,0;;;0,0;1;1;0,0
PVN8629-1;PVN8630;Dầu Orchid can 5L;Cái Lân;680.000,0;672.000,00;0,0;;;0,0;249.999.999,750;thùng;PVN8629;4,0;;PVN8629;0,0;1;1;0,0
PVN1064;8934988062021;Dầu đậu nành Meizan chai 1L;Cái Lân;47.000,0;44.800,00;48,0;;;0,0;999.999.999,0;chai;;1,0;;;0,0;1;1;0,0
PVN1064-1;PVN7462;Dầu đậu nành Meizan chai 1L;Cái Lân;544.000,0;537.600,00;4,0;;;0,0;83.333.333,250;thùng;PVN1064;12,0;;PVN1064;0,0;1;1;0,0
PVN1065;8934988063028;Dầu Meizan Gold chai 1L;Cái Lân;44.000,0;42.000,00;31,0;;;0,0;999.999.999,0;chai;;1,0;;;0,0;1;1;0,0
PVN1065-1;PVN6608;Dầu Meizan Gold chai 1L;Cái Lân;514.000,0;504.000,00;2,583;;;0,0;83.333.333,250;thùng;PVN1065;12,0;;PVN1065;0,0;1;1;0,0
PVN5931;PVN5931;Nui cao cấp Meizan ống dài bịch 200g - thùng;;308.000,0;298.000,00;0,0;;;0,0;999.999.999,0;thùng;;1,0;;;0,0;1;1;0,0
PVN1315;8938509627157;Nui cao cấp Meizan ống dài bịch 200g;Cái Lân;12.000,0;9.466,00;0,0;;;0,0;999.999.999,0;bịch;;1,0;;;0,0;1;1;0,0
PVN1431;8934988070101;Bơ thực vật Meizan hộp 80g;Cái Lân;8.000,0;5.917,00;10,0;;;0,0;999.999.999,0;hộp;;1,0;;;0,0;1;1;0,0
PVN6882;8934988062038;Dầu đậu nành Meizan chai 2L;Cái Lân;92.000,0;90.034,00;16,0;;;0,0;999.999.999,0;can;;1,0;;;0,0;1;1;0,0
PVN6882-1;PVN6882;Dầu đậu nành Meizan chai 2L;Cái Lân;532.000,0;540.204,00;2,667;;;0,0;166.666.666,50;thùng;PVN6882;6,0;;PVN6882;0,0;1;1;0,0
PVN2324;8934988063035;Dầu Meizan Gold chai 2L;Cái Lân;85.000,0;81.000,00;13,0;;;0,0;999.999.999,0;can;;1,0;;;0,0;1;1;0,0
PVN2324-1;PVN6609;Dầu Meizan Gold chai 2L;Cái Lân;508.000,0;486.000,00;2,167;;;0,0;166.666.666,50;thùng;PVN2324;6,0;;PVN2324;0,0;1;1;0,0
PVN5403;8936055280642;Bột mì đa dụng Meizan bịch 500g;Cái Lân;10.000,0;8.623,00;126,0;;;0,0;999.999.999,0;bịch;;1,0;;;0,0;1;1;0,0
PVN5403-1;PVN5408;Bột mì đa dụng Meizan bịch 500g;Cái Lân;178.000,0;172.460,00;6,30;;;0,0;49.999.999,950;thùng;PVN5403;20,0;;PVN5403;0,0;1;1;0,0
PVN5586;8938509627232;Mì trứng Meizan gói 250g;Cái Lân;16.000,0;12.974,00;5,0;;;0,0;999.999.999,0;túi;;1,0;;;0,0;1;1;0,0
PVN5586-1;PVN5930;Mì trứng Meizan gói 250g;Cái Lân;342.000,0;311.376,00;0,208;;;0,0;41.666.666,625;thùng;PVN5586;24,0;;PVN5586;0,0;1;1;0,0
PVN6641;8938509627140;Nui cao cấp Meizan chữ C bịch 200g;Cái Lân;12.000,0;9.540,00;0,0;;;0,0;999.999.999,0;bịch;;1,0;;;0,0;1;1;0,0
PVN6658;8934988070118;Bơ thực vật Meizan hộp 200g;Cái Lân;15.000,0;12.584,00;16,0;;;0,0;999.999.999,0;hộp;;1,0;;;0,0;1;1;0,0
PVN7874;8938509627195;Mì trứng Meizan sợi nhỏ gói 500g;;27.000,0;24.700,00;0,0;;;0,0;999.999.999,0;gói;;1,0;;;0,0;1;1;0,0
PVN7962;8938509627256;Nui gạo Meizan chữ C bịch 200g;Cái Lân;12.000,0;9.750,00;0,0;;;0,0;999.999.999,0;bịch;;1,0;;;0,0;1;1;0,0
PVN8080;8938509627744;Nui rau củ Meizan bịch 200g;Cái Lân;13.000,0;9.750,00;0,0;;;0,0;999.999.999,0;bịch;;1,0;;;0,0;1;1;0,0
8938509627553;8938509627553;Nui cao cấp Meizan hình sao bịch 200g;Cái Lân;12.000,0;9.466,00;6,0;;;0,0;999.999.999,0;bịch;;1,0;;;0,0;1;1;0,0
PVN6991;8934988020021;Dầu đậu nành Simply chai 1L;Cái Lân;54.000,0;52.500,00;132,0;;;0,0;999.999.999,0;chai;;1,0;;;0,0;1;1;0,0
PVN6991-1;PVN6991;Dầu đậu nành Simply chai 1L;Cái Lân;640.000,0;630.000,00;11,0;;;0,0;83.333.333,250;thùng;PVN6991;12,0;;PVN6991;0,0;1;1;0,0
PVN1178;8934988020038;Dầu đậu nành Simply chai 2L;Cái Lân;106.000,0;104.800,00;27,0;;;0,0;999.999.999,0;chai;;1,0;;;0,0;1;1;0,0
PVN1178-1;PVN6220;Dầu đậu nành Simply chai 2L;Cái Lân;634.000,0;628.800,00;4,50;;;0,0;166.666.666,50;thùng;PVN1178;6,0;;PVN1178;0,0;1;1;0,0
PVN1429;8934988021028;Dầu gạo lứt Simply chai 1L;Cái Lân;60.000,0;58.075,00;26,0;;;0,0;999.999.999,0;chai;;1,0;;;0,0;1;1;0,0
PVN1429-1;PVN7634;Dầu gạo lứt Simply chai 1L;Cái Lân;708.000,0;696.900,00;2,167;;;0,0;83.333.333,250;thùng;PVN1429;12,0;;PVN1429;0,0;1;1;0,0
PVN35;8936221048076;Nước mắm Nam Ngư đỏ chai 500ml;Chinsu;33.000,0;32.500,00;0,0;;;0,0;999.999.999,0;chai;;1,0;;;0,0;1;1;0,0
PVN35-1;PVN6409;Nước mắm Nam Ngư đỏ chai 500ml;Chinsu;742.000,0;780.000,00;0,0;;;0,0;41.666.666,625;thùng;PVN35;24,0;;PVN35;0,0;1;1;0,0
PVN1957;8936221048083;Nước mắm Nam Ngư đỏ chai 750ml;Chinsu;45.000,0;43.200,00;50,0;;;0,0;999.999.999,0;chai;;1,0;;;0,0;1;1;0,0
PVN1957-1;PVN1957;Nước mắm Nam Ngư đỏ chai 750ml;Chinsu;794.000,0;777.600,00;2,778;;;0,0;55.555.555,50;thùng;PVN1957;18,0;;PVN1957;0,0;1;1;0,0
PVN1769;8936017369231;Nước mắm Nam Ngư nhãn vàng chai 650ml;Chinsu;45.000,0;43.000,00;13,0;;;0,0;999.999.999,0;chai;;1,0;;;0,0;1;1;0,0
PVN1769-1;PVN6284;Nước mắm Nam Ngư nhãn vàng chai 650ml;Chinsu;524.000,0;516.000,00;1,083;;;0,0;83.333.333,250;thùng;PVN1769;12,0;;PVN1769;0,0;1;1;0,0
PVN2785;8936017366605;Nước mắm nam ngư siêu tiết kiệm chai 800ml;Chinsu;13.000,0;11.800,00;49,0;;;0,0;999.999.999,0;chai;;1,0;;;0,0;1;1;0,0
PVN2785-1;PVN5774;Nước mắm nam ngư siêu tiết kiệm chai 800ml;Chinsu;218.000,0;212.400,00;2,722;;;0,0;55.555.555,50;thùng;PVN2785;18,0;;PVN2785;0,0;1;1;0,0
PVN6843;8936221044382;Nước mắm Nam Ngư ớt tỏi Lý Sơn chai 300ml;Chinsu;32.000,0;27.500,00;11,0;;;0,0;999.999.999,0;chai;;1,0;;;0,0;1;1;0,0
PVN6843-1;PVN6844;Nước mắm Nam Ngư ớt tỏi Lý Sơn chai 300ml;Chinsu;342.000,0;330.000,00;0,917;;;0,0;83.333.333,250;thùng;PVN6843;12,0;;PVN6843;0,0;1;1;0,0
PVN9506;8936236470978;Nước mắm Nam Ngư đỏ thủy tinh chai 500ml;Chinsu;33.000,0;31.000,00;13,0;;;0,0;999.999.999,0;chai;;1,0;;;0,0;1;1;0,0
PVN215;8936017361914;Nước chấm Nam Ngư Đệ Nhị chai 900ml;Chinsu;22.000,0;20.985,00;298,0;;;0,0;999.999.999,0;chai;;1,0;;;0,0;1;1;0,0
PVN215-1;PVN1955;Nước chấm Nam Ngư Đệ Nhị chai 900ml;Chinsu;322.000,0;314.775,00;19,867;;;0,0;66.666.666,60;thùng;PVN215;15,0;;PVN215;0,0;1;1;0,0
PVN4782;8936017367169;Nước tương Tam Thái Tử nhị ca chai 500ml;Chinsu;8.000,0;5.952,00;0,0;;;0,0;999.999.999,0;chai;;1,0;;;0,0;1;1;0,0
PVN4782-1;PVN4782;Nước tương Tam Thái Tử nhị ca chai 500ml;Chinsu;42.000,0;35.712,00;0,0;;;0,0;166.666.666,50;lóc;PVN4782;6,0;;PVN4782;0,0;1;1;0,0
PVN4782-2;PVN6550;Nước tương Tam Thái Tử nhị ca chai 500ml;Chinsu;155.000,0;142.848,00;0,0;;;0,0;41.666.666,625;thùng;PVN4782;24,0;;PVN4782;0,0;1;1;0,0
PVN6552;8936017367091;Nước tương Tam Thái Tử nhất ca chai 500ml;Chinsu;20.000,0;18.500,00;81,0;;;0,0;999.999.999,0;chai;;1,0;;;0,0;1;1;0,0
PVN6552-2;PVN6231;Nước tương Tam Thái Tử nhất ca chai 500ml;Chinsu;454.000,0;444.000,00;3,375;;;0,0;41.666.666,625;thùng;PVN6552;24,0;;PVN6552;0,0;1;1;0,0
PVN6551-1;PVN6551;Nước tương Tam Thái Tử nhất ca chai 500ml;Chinsu;118.000,0;111.000,00;13,50;;;0,0;166.666.666,50;lóc;PVN6552;6,0;;PVN6552;0,0;1;1;0,0
PVN2784;8936017367107;Nước tương tam thái tử nhất ca chai 650ml;Chinsu;23.000,0;20.800,00;16,0;;;0,0;999.999.999,0;chai;;1,0;;;0,0;1;1;0,0
PVN2784-2;PVN6232;Nước tương tam thái tử nhất ca chai 650ml;Chinsu;255.000,0;249.600,00;1,333;;;0,0;83.333.333,250;thùng;PVN2784;12,0;;PVN2784;0,0;1;1;0,0
PVN6552-1;PVN6552;Nước tương tam thái tử nhất ca chai 650ml;Chinsu;130.000,0;124.800,00;2,667;;;0,0;166.666.666,50;lóc 6c;PVN2784;6,0;;PVN2784;0,0;1;1;0,0
PVN470;8936017363505;Tương ớt Chinsu chai 250g;Chinsu;17.000,0;15.000,00;72,0;;;0,0;999.999.999,0;chai;;1,0;;;0,0;1;1;0,0
PVN470-1;PVN5124;Tương ớt Chinsu chai 250g;Chinsu;126.000,0;90.000,00;12,0;;;0,0;166.666.666,50;lóc;PVN470;6,0;;PVN470;0,0;1;1;0,0
PVN470-2;PVN5776;Tương ớt Chinsu chai 250g;Chinsu;376.000,0;360.000,00;3,0;;;0,0;41.666.666,625;thùng;PVN470;24,0;;PVN470;0,0;1;1;0,0
PVN3150;8936136161143;Tương ớt Chinsu chai 500g;Chinsu;30.000,0;28.200,00;34,0;;;0,0;999.999.999,0;chai;;1,0;;;0,0;1;1;0,0
PVN3150-1;PVN5775;Tương ớt Chinsu chai 500g;Chinsu;348.000,0;338.400,00;2,833;;;0,0;83.333.333,250;thùng;PVN3150;12,0;;PVN3150;0,0;1;1;0,0
PVN3155;8936136167343;Nước mắm Chinsu cá cơm chai 720ml;Chinsu;59.000,0;56.000,00;6,0;;;0,0;999.999.999,0;chai;;1,0;;;0,0;1;1;0,0
PVN3155-1;PVN6121;Nước mắm Chinsu cá cơm chai 720ml;Chinsu;685.000,0;672.000,00;0,50;;;0,0;83.333.333,250;thùng;PVN3155;12,0;;PVN3155;0,0;1;1;0,0
PVN4868;8936136163734;Nước tương Chinsu tỏi ớt chai 330ml;Chinsu;18.000,0;16.500,00;12,0;;;0,0;999.999.999,0;chai;;1,0;;;0,0;1;1;0,0
PVN4868-1;PVN7800;Nước tương Chinsu tỏi ớt chai 330ml;Chinsu;409.000,0;396.000,00;0,50;;;0,0;41.666.666,625;thùng;PVN4868;24,0;;PVN4868;0,0;1;1;0,0
PVN5374;8936017367046;Tương cà chinsu chai 250g;Chinsu;17.000,0;15.400,00;32,0;;;0,0;999.999.999,0;chai;;1,0;;;0,0;1;1;0,0
PVN5374-1;PVN6076;Tương cà chinsu chai 250g;Chinsu;383.000,0;369.600,00;1,333;;;0,0;41.666.666,625;thùng;PVN5374;24,0;;PVN5374;0,0;1;1;0,0
PVN6322;8936136168616;Hạt nêm Chinsu hảo hạng bịch 500g;Chinsu;32.000,0;26.000,00;18,0;;;0,0;999.999.999,0;bịch;;1,0;;;0,0;1;1;0,0
PVN6322-1;PVN6323;Hạt nêm Chinsu hảo hạng bịch 500g;Chinsu;425.000,0;416.000,00;1,125;;;0,0;62.499.999,938;thùng;PVN6322;16,0;;PVN6322;0,0;1;1;0,0
PVN7352;8936136168449;Sa tế tôm Chinsu chai 90g;Chinsu;10.000,0;8.000,00;22,0;;;0,0;999.999.999,0;chai;;1,0;;;0,0;1;1;0,0
PVN7798;8936136163017;Nước tương Chinsu nấm Shitake chai 330ml;Chinsu;18.000,0;14.500,00;12,0;;;0,0;999.999.999,0;chai;;1,0;;;0,0;1;1;0,0
PVN7798-1;PVN7799;Nước tương Chinsu nấm Shitake chai 330ml;Chinsu;358.000,0;348.000,00;0,50;;;0,0;41.666.666,625;thùng;PVN7798;24,0;;PVN7798;0,0;1;1;0,0
PVN7960;8936136163925;Tương ớt Chinsu chai 1kg;Chinsu;51.000,0;47.300,00;9,0;;;0,0;999.999.999,0;chai;;1,0;;;0,0;1;1;0,0
PVN7960-1;PVN8707;Tương ớt Chinsu chai 1kg;Chinsu;578.000,0;567.600,00;0,750;;;0,0;83.333.333,250;thùng;PVN7960;12,0;;PVN7960;0,0;1;1;0,0
PVN9304;8936221043545;Xốt muối ớt CHINSU xanh chai 200g;Chinsu;25.000,0;20.000,00;0,0;;;0,0;999.999.999,0;chai;;1,0;;;0,0;1;1;0,0
PVN9305;8936221043552;Xốt muối ớt CHINSU đỏ chai 200g;Chinsu;25.000,0;20.000,00;12,0;;;0,0;999.999.999,0;chai;;1,0;;;0,0;1;1;0,0
PVN9428;8936221044306;Tương ớt Chinsu CAY chai 110g;;18.000,0;16.500,00;31,0;;;0,0;999.999.999,0;chai;;1,0;;;0,0;1;1;0,0
PVN5967;8934804051345;Nescafe đỏ 3in1 đậm đà hài hòa hộp 340g;Nestle;65.000,0;61.000,00;11,0;;;0,0;999.999.999,0;hộp;;1,0;;;0,0;1;1;0,0
PVN5967-1;PVN5967;Nescafe đỏ 3in1 đậm đà hài hòa hộp 340g;Nestle;1.480.000,0;1.464.000,00;0,458;;;0,0;41.666.666,625;thùng;PVN5967;24,0;;PVN5967;0,0;1;1;0,0
NDD;DD-01;Nescafe cafe Việt cà phê đen đá gói 16g;Nestle;4.000,0;3.600,00;868,0;;;0,0;999.999.999,0;gói;;1,0;;;0,0;1;1;0,0
NDD-1;8934804044415;Nescafe cafe Việt cà phê đen đá gói 16g;Nestle;37.000,0;36.000,00;86,80;;;0,0;99.999.999,90;dây;NDD;10,0;;NDD;0,0;1;1;0,0
NDD-2;PVN6405;Nescafe cafe Việt cà phê đen đá gói 16g;Nestle;2.250.000,0;2.160.000,00;1,447;;;0,0;1.666.666,665;thùng;NDD;600,0;;NDD;0,0;1;1;0,0
PVN1686;8934804028064;Nescafe đỏ 3in1 rang xay hoà tan bịch 782g (46 gói);Nestle;148.000,0;145.000,00;15,0;;;0,0;999.999.999,0;bịch;;1,0;;;0,0;1;1;0,0
PVN1686-1;PVN8791;Nescafe đỏ 3in1 rang xay hoà tan bịch 782g (46 gói);Nestle;2.040.000,0;2.030.000,00;1,071;;;0,0;71.428.571,357;thùng;PVN1686;14,0;;PVN1686;0,0;1;1;0,0
NS2;;Nescafe cà phê sữa đá gói 24g;Nestle;5.000,0;4.300,00;211,0;;;0,0;999.999.999,0;gói;;1,0;;;0,0;1;1;0,0
NS2-1;PVN6723;Nescafe cà phê sữa đá gói 24g;Nestle;1.740.000,0;1.548.000,00;0,586;;;0,0;2.777.777,775;thùng;NS2;360,0;;NS2;0,0;1;1;0,0
NS2-2;8934804030692;Nescafe cà phê sữa đá gói 24g;Nestle;46.000,0;43.000,00;21,10;;;0,0;99.999.999,90;hộp;NS2;10,0;;NS2;0,0;1;1;0,0
PVN7878;NNG;Nescafe cà phê sữa đá gói 24g;Nestle;6.000,0;4.800,00;140,0;;;0,0;999.999.999,0;gói;;1,0;;;0,0;1;1;0,0
PVN7878-1;8934804031309;Nescafe cà phê sữa đá gói 24g;Nestle;54.000,0;48.000,00;14,0;;;0,0;99.999.999,90;dây;PVN7878;10,0;;PVN7878;0,0;1;1;0,0
PVN7878-2;PVN7880;Nescafe cà phê sữa đá gói 24g;Nestle;2.940.000,0;2.880.000,00;0,233;;;0,0;1.666.666,665;thùng;PVN7878;600,0;;PVN7878;0,0;1;1;0,0
PVN8723;8934804028002;Nescafe 3in1 xanh đậm vị cà phê bịch 782g;Nestle;148.000,0;145.000,00;8,0;;;0,0;999.999.999,0;bịch;;1,0;;;0,0;1;1;0,0
PVN8723-1;PVN8724;Nescafe 3in1 xanh đậm vị cà phê bịch 782g;Nestle;2.050.000,0;2.030.000,00;0,571;;;0,0;71.428.571,357;thùng;PVN8723;14,0;;PVN8723;0,0;1;1;0,0
PVN8971;8934804053721;Nescafe kem sữa bịch 384g (24 gói X 16g);Nestle;70.000,0;68.000,00;6,0;;;0,0;999.999.999,0;bịch;;1,0;;;0,0;1;1;0,0
PVN9108;8934804054315;Nescafe cà phê đen hộp 105g (10gói x 10.5g);Nestle;50.000,0;45.000,00;2,0;;;0,0;999.999.999,0;hộp;;1,0;;;0,0;1;1;0,0
M1;;Milo hộp 110ml;Nestle;6.000,0;4.750,00;366,0;;;0,0;999.999.999,0;hộp;;1,0;;;0,0;1;1;0,0
M1-1;8934804025742;Milo hộp 110ml;Nestle;20.000,0;19.000,00;91,50;;;0,0;249.999.999,750;lóc;M1;4,0;;M1;0,0;1;1;0,0
M1-2;PVN1337;Milo hộp 110ml;Nestle;220.000,0;228.000,00;7,625;;;0,0;20.833.333,313;thùng;M1;48,0;;M1;0,0;1;1;0,0
sm-86-29142;8934804025780;Bột Milo Active-Go hũ 400g;Nestle;78.000,0;75.000,00;12,0;;;0,0;999.999.999,0;hũ;;1,0;;;0,0;1;1;0,0
M18;M18;Milo hộp 180ml;Nestle;9.000,0;6.770,00;137,0;;;0,0;999.999.999,0;hộp;;1,0;;;0,0;1;1;0,0
M18-1;8934804025766;Milo hộp 180ml;Nestle;30.000,0;27.080,00;34,250;;;0,0;249.999.999,750;lóc;M18;4,0;;M18;0,0;1;1;0,0
M18-2;M18T;Milo hộp 180ml;Nestle;328.000,0;324.960,00;2,854;;;0,0;20.833.333,313;Thùng;M18;48,0;;M18;0,0;1;1;0,0
PVN9447;8992696527591;Kẹo milo - bịch 67.5g;Nestle;35.000,0;25.000,00;5,0;;;0,0;999.999.999,0;bịch;;1,0;;;0,0;1;1;0,0
PVN1547;9556001216236;Thanh Milo choco bar 30g;Nestle;18.000,0;14.500,00;88,0;;;0,0;999.999.999,0;thanh;;1,0;;;0,0;1;1;0,0
PVN1547-1;PVN2495;Thanh Milo choco bar 30g;Nestle;360.000,0;348.000,00;3,667;;;0,0;41.666.666,625;hộp;PVN1547;24,0;;PVN1547;0,0;1;1;0,0
PVN5422;PVN5422;Milo gói 22g;Nestle;4.000,0;3.600,00;239,0;;;0,0;999.999.999,0;gói;;1,0;;;0,0;1;1;0,0
PVN5422-1;8934804030913;Milo gói 22g;Nestle;38.000,0;36.000,00;23,90;;;0,0;99.999.999,90;dây;PVN5422;10,0;;PVN5422;0,0;1;1;0,0
PVN5422-2;PVN6404;Milo gói 22g;Nestle;1.550.000,0;1.512.000,00;0,569;;;0,0;2.380.952,379;thùng;PVN5422;420,0;;PVN5422;0,0;1;1;0,0
PVN8042;8934804025636;Nestle Milo hộp giấy 285g;Nestle;58.000,0;55.000,00;19,0;;;0,0;999.999.999,0;hộp;;1,0;;;0,0;1;1;0,0
MID18;8934804034058;Milo ít đường hộp 180ml;Nestle;9.000,0;7.000,00;204,0;;;0,0;999.999.999,0;hộp;;1,0;;;0,0;1;1;0,0
MID18-1;PVN8762;Milo ít đường hộp 180ml;Nestle;30.000,0;28.000,00;51,0;;;0,0;249.999.999,750;lóc;MID18;4,0;;MID18;0,0;1;1;0,0
MID18-2;PVN8763;Milo ít đường hộp 180ml;Nestle;344.000,0;336.000,00;4,250;;;0,0;20.833.333,313;thùng;MID18;48,0;;MID18;0,0;1;1;0,0
A18;PVN8951;Sữa Milo A2 hộp 180ml;Nestle;9.000,0;7.250,00;159,0;;;0,0;999.999.999,0;hộp;;1,0;;;0,0;1;1;0,0
A18-1;8934204014049;Sữa Milo A2 hộp 180ml;Nestle;32.000,0;29.000,00;39,750;;;0,0;249.999.999,750;lóc;A18;4,0;;A18;0,0;1;1;0,0
A18-2;PVN8953;Sữa Milo A2 hộp 180ml;Nestle;355.000,0;348.000,00;3,313;;;0,0;20.833.333,313;thùng;A18;48,0;;A18;0,0;1;1;0,0
A1;PVN8957;Sữa Milo A2 hộp 110ml;Nestle;6.000,0;4.855,00;0,0;;;0,0;999.999.999,0;hộp;;1,0;;;0,0;1;1;0,0
A1-1;8934804054018;Sữa Milo A2 hộp 110ml;Nestle;22.000,0;19.420,00;0,0;;;0,0;249.999.999,750;lóc;A1;4,0;;A1;0,0;1;1;0,0
A1-2;PVN8959;Sữa Milo A2 hộp 110ml;Nestle;240.000,0;233.040,00;0,0;;;0,0;20.833.333,313;thùng;A1;48,0;;A1;0,0;1;1;0,0
PVN7312;8934804020389;Nước tương đậm đặc Maggi chai 300ml;Nestle;18.000,0;16.000,00;91,0;;;0,0;999.999.999,0;chai;;1,0;;;0,0;1;1;0,0
PVN7312-1;PVN7312;Nước tương đậm đặc Maggi chai 300ml;Nestle;394.000,0;384.000,00;3,792;;;0,0;41.666.666,625;thùng;PVN7312;24,0;;PVN7312;0,0;1;1;0,0
PVN7313;8934804055831;Nước tương Maggi đậm đặc chai 700ml;Nestle;34.000,0;30.331,00;47,0;;;0,0;999.999.999,0;chai;;1,0;;;0,0;1;1;0,0
PVN7313-1;PVN7313;Nước tương Maggi đậm đặc chai 700ml;Nestle;385.000,0;363.972,00;3,917;;;0,0;83.333.333,250;thùng;PVN7313;12,0;;PVN7313;0,0;1;1;0,0
PVN656;8934804021317;Hạt nêm nấm hương Maggi bịch 200g;Nestle;25.000,0;22.500,00;33,0;;;0,0;999.999.999,0;gói;;1,0;;;0,0;1;1;0,0
PVN656-1;PVN7314;Hạt nêm nấm hương Maggi bịch 200g;Nestle;820.000,0;810.000,00;0,917;;;0,0;27.777.777,750;thùng;PVN656;36,0;;PVN656;0,0;1;1;0,0
PVN875;8934804006444;Dầu hào Maggi chai 150g;Nestle;14.000,0;11.500,00;24,0;;;0,0;999.999.999,0;chai;;1,0;;;0,0;1;1;0,0
PVN875-1;PVN6403;Dầu hào Maggi chai 150g;Nestle;286.000,0;276.000,00;1,0;;;0,0;41.666.666,625;thùng;PVN875;24,0;;PVN875;0,0;1;1;0,0
PVN1212;8934804023359;Hạt nêm nấm hương Maggi bịch 450g;Nestle;52.000,0;43.000,00;6,0;;;0,0;999.999.999,0;bịch;;1,0;;;0,0;1;1;0,0
PVN1212-1;PVN8624;Hạt nêm nấm hương Maggi bịch 450g;Nestle;880.000,0;860.000,00;0,30;;;0,0;49.999.999,950;thùng;PVN1212;20,0;;PVN1212;0,0;1;1;0,0
PVN3033;8934804004044;Dầu hào Maggi chai 350ml;Nestle;30.000,0;26.000,00;8,0;;;0,0;999.999.999,0;chai;;1,0;;;0,0;1;1;0,0
PVN3033-1;PVN5970;Dầu hào Maggi chai 350ml;Nestle;598.000,0;624.000,00;0,333;;;0,0;41.666.666,625;thùng;PVN3033;24,0;;PVN3033;0,0;1;1;0,0
PVN5971;8934804031781;Nước tương Maggi tỏi ớt tươi chai 200ml;Nestle;18.000,0;15.000,00;6,0;;;0,0;999.999.999,0;chai;;1,0;;;0,0;1;1;0,0
PVN5971-1;PVN7105;Nước tương Maggi tỏi ớt tươi chai 200ml;Nestle;380.000,0;360.000,00;0,250;;;0,0;41.666.666,625;thùng;PVN5971;24,0;;PVN5971;0,0;1;1;0,0
PVN6880;8934804021997;Dầu hào Maggi chai 820g;Nestle;49.000,0;45.000,00;9,0;;;0,0;999.999.999,0;chai;;1,0;;;0,0;1;1;0,0
PVN6880-1;PVN6881;Dầu hào Maggi chai 820g;Nestle;562.000,0;540.000,00;0,750;;;0,0;83.333.333,250;thùng;PVN6880;12,0;;PVN6880;0,0;1;1;0,0
PVN7487;8934804048277;Hạt nêm Maggi nấm hương gói 900g;Nestle;89.000,0;85.000,00;12,0;;;0,0;999.999.999,0;gói;;1,0;;;0,0;1;1;0,0
PVN7487-1;PVN7488;Hạt nêm Maggi nấm hương gói 900g;Nestle;910.000,0;1.020.000,00;1,0;;;0,0;83.333.333,250;thùng;PVN7487;12,0;;PVN7487;0,0;1;1;0,0
PVN8792;8934804052144;Dầu hào Maggi bào ngư chai 350g;Nestle;27.000,0;25.000,00;25,0;;;0,0;999.999.999,0;chai;;1,0;;;0,0;1;1;0,0
PVN8792-1;PVN8793;Dầu hào Maggi bào ngư chai 350g;Nestle;624.000,0;600.000,00;1,042;;;0,0;41.666.666,625;thùng;PVN8792;24,0;;PVN8792;0,0;1;1;0,0
PVN6350;8936127794008;Sữa trái cây TH True Milk vị cam chai 300ml;TH TRUE MILK;10.000,0;8.266,00;2,0;;;0,0;999.999.999,0;chai;;1,0;;;0,0;1;1;0,0
PVN6350-1;PVN6368;Sữa trái cây TH True Milk vị cam chai 300ml;TH TRUE MILK;56.000,0;49.596,00;0,333;;;0,0;166.666.666,50;lóc;PVN6350;6,0;;PVN6350;0,0;1;1;0,0
PVN6350-2;PVN6369;Sữa trái cây TH True Milk vị cam chai 300ml;TH TRUE MILK;208.000,0;198.384,00;0,083;;;0,0;41.666.666,625;thùng;PVN6350;24,0;;PVN6350;0,0;1;1;0,0
TCD18;;Sữa TH True Milk có đường hộp 180ml;TH TRUE MILK;10.000,0;8.585,00;299,0;;;0,0;999.999.999,0;hộp;;1,0;;;0,0;1;1;0,0
TCD18-1;8935217400157;Sữa TH True Milk có đường hộp 180ml;TH TRUE MILK;36.000,0;34.340,00;74,750;;;0,0;249.999.999,750;lóc;TCD18;4,0;;TCD18;0,0;1;1;0,0
TCD18-2;PVN6377;Sữa TH True Milk có đường hộp 180ml;TH TRUE MILK;424.000,0;412.080,00;6,229;;;0,0;20.833.333,313;thùng;TCD18;48,0;;TCD18;0,0;1;1;0,0
PVN6353;8936127794107;Sữa trái cây TH True Milk vị dâu chai 300ml;TH TRUE MILK;10.000,0;8.266,00;3,0;;;0,0;999.999.999,0;chai;;1,0;;;0,0;1;1;0,0
PVN6353-1;PVN6370;Sữa trái cây TH True Milk vị dâu chai 300ml;TH TRUE MILK;56.000,0;49.596,00;0,50;;;0,0;166.666.666,50;lóc;PVN6353;6,0;;PVN6353;0,0;1;1;0,0
PVN6353-2;PVN6371;Sữa trái cây TH True Milk vị dâu chai 300ml;TH TRUE MILK;208.000,0;198.384,00;0,125;;;0,0;41.666.666,625;thùng;PVN6353;24,0;;PVN6353;0,0;1;1;0,0
TCD2;8935217400195;Sữa TH True Milk có đường bịch 220ml;TH TRUE MILK;8.500,0;7.964,00;109,0;;;0,0;999.999.999,0;bịch;;1,0;;;0,0;1;1;0,0
TCD2-1;PVN6382;Sữa TH True Milk có đường bịch 220ml;TH TRUE MILK;82.000,0;79.640,00;10,90;;;0,0;99.999.999,90;lóc;TCD2;10,0;;TCD2;0,0;1;1;0,0
TCD2-2;PVN6383;Sữa TH True Milk có đường bịch 220ml;TH TRUE MILK;385.000,0;382.272,00;2,271;;;0,0;20.833.333,313;thùng;TCD2;48,0;;TCD2;0,0;1;1;0,0
TID2;8935217400393;Sữa TH True Milk ít đường bịch 220ml;TH TRUE MILK;8.500,0;7.883,00;153,0;;;0,0;999.999.999,0;bịch;;1,0;;;0,0;1;1;0,0
TID2-1;PVN6384;Sữa TH True Milk ít đường bịch 220ml;TH TRUE MILK;82.000,0;78.830,00;15,30;;;0,0;99.999.999,90;lóc;TID2;10,0;;TID2;0,0;1;1;0,0
TID2-2;PVN6385;Sữa TH True Milk ít đường bịch 220ml;TH TRUE MILK;385.000,0;378.384,00;3,188;;;0,0;20.833.333,313;thùng;TID2;48,0;;TID2;0,0;1;1;0,0
TID1;;Sữa TH True Milk ít đường hộp 110ml;TH TRUE MILK;7.000,0;5.586,00;100,0;;;0,0;999.999.999,0;hộp;;1,0;;;0,0;1;1;0,0
TID1-1;8935217400362;Sữa TH True Milk ít đường hộp 110ml;TH TRUE MILK;24.000,0;22.344,00;25,0;;;0,0;249.999.999,750;lóc;TID1;4,0;;TID1;0,0;1;1;0,0
TID1-2;PVN6373;Sữa TH True Milk ít đường hộp 110ml;TH TRUE MILK;274.000,0;268.128,00;2,083;;;0,0;20.833.333,313;thùng;TID1;48,0;;TID1;0,0;1;1;0,0
TCD1;;Sữa TH True Milk có đường hộp 110ml;TH TRUE MILK;7.000,0;5.568,00;346,0;;;0,0;999.999.999,0;hộp;;1,0;;;0,0;1;1;0,0
TCD1-1;8935217400164;Sữa TH True Milk có đường hộp 110ml;TH TRUE MILK;24.000,0;22.272,00;86,50;;;0,0;249.999.999,750;lóc;TCD1;4,0;;TCD1;0,0;1;1;0,0
TCD1-2;PVN6381;Sữa TH True Milk có đường hộp 110ml;TH TRUE MILK;274.000,0;267.264,00;7,208;;;0,0;20.833.333,313;thùng;TCD1;48,0;;TCD1;0,0;1;1;0,0
PVN6359;8936127794206;Sữa trái cây TH True Milk vị việt quốc chai 300ml;TH TRUE MILK;10.000,0;8.266,00;0,0;;;0,0;999.999.999,0;chai;;1,0;;;0,0;1;1;0,0
PVN6359-1;PVN6366;Sữa trái cây TH True Milk vị việt quốc chai 300ml;TH TRUE MILK;56.000,0;49.596,00;0,0;;;0,0;166.666.666,50;lóc;PVN6359;6,0;;PVN6359;0,0;1;1;0,0
PVN6359-2;PVN6367;Sữa trái cây TH True Milk vị việt quốc chai 300ml;TH TRUE MILK;208.000,0;198.384,00;0,0;;;0,0;41.666.666,625;thùng;PVN6359;24,0;;PVN6359;0,0;1;1;0,0
TID18;;Sữa TH True Milk ít đường hộp 180ml;TH TRUE MILK;10.000,0;8.674,00;164,0;;;0,0;999.999.999,0;hộp;;1,0;;;0,0;1;1;0,0
TID18-1;8935217400355;Sữa TH True Milk ít đường hộp 180ml;TH TRUE MILK;36.000,0;34.696,00;41,0;;;0,0;249.999.999,750;lóc;TID18;4,0;;TID18;0,0;1;1;0,0
TID18-2;PVN6365;Sữa TH True Milk ít đường hộp 180ml;TH TRUE MILK;424.000,0;416.352,00;3,417;;;0,0;20.833.333,313;thùng;TID18;48,0;;TID18;0,0;1;1;0,0
PVN6361;8936127794404;Sữa trái cây TH True Milk vị chuối chai 300ml;TH TRUE MILK;10.000,0;8.266,00;9,0;;;0,0;999.999.999,0;chai;;1,0;;;0,0;1;1;0,0
PVN6361-1;PVN6362;Sữa trái cây TH True Milk vị chuối chai 300ml;TH TRUE MILK;56.000,0;49.596,00;1,50;;;0,0;166.666.666,50;Lóc;PVN6361;6,0;;PVN6361;0,0;1;1;0,0
PVN6361-2;PVN6363;Sữa trái cây TH True Milk vị chuối chai 300ml;TH TRUE MILK;208.000,0;198.384,00;0,375;;;0,0;41.666.666,625;thùng;PVN6361;24,0;;PVN6361;0,0;1;1;0,0
TD1;TD1;Sữa TH True Milk hương dâu hộp 110ml;TH TRUE MILK;7.000,0;5.568,00;5,0;;;0,0;999.999.999,0;hộp;;1,0;;;0,0;1;1;0,0
TD1-1;8935217400263;Sữa TH True Milk hương dâu hộp 110ml;TH TRUE MILK;24.000,0;22.272,00;1,250;;;0,0;249.999.999,750;lóc;TD1;4,0;;TD1;0,0;1;1;0,0
TD1-2;TD1T;Sữa TH True Milk hương dâu hộp 110ml;TH TRUE MILK;274.000,0;267.264,00;0,104;;;0,0;20.833.333,313;thùng;TD1;48,0;;TD1;0,0;1;1;0,0
TD18;TD18;Sữa TH True Milk hương dâu hộp 180ml;TH TRUE MILK;10.000,0;8.672,00;4,0;;;0,0;999.999.999,0;hộp;;1,0;;;0,0;1;1;0,0
TD18-1;8935217400256;Sữa TH True Milk hương dâu hộp 180ml;TH TRUE MILK;36.000,0;34.688,00;1,0;;;0,0;249.999.999,750;lóc;TD18;4,0;;TD18;0,0;1;1;0,0
TD18-2;TD18T;Sữa TH True Milk hương dâu hộp 180ml;TH TRUE MILK;424.000,0;416.256,00;0,083;;;0,0;20.833.333,313;thùng;TD18;48,0;;TD18;0,0;1;1;0,0
TNC2;8935217400096;Sữa TH True Milk nguyên chất bịch 220ml;TH TRUE MILK;8.500,0;7.964,00;78,0;;;0,0;999.999.999,0;bịch;;1,0;;;0,0;1;1;0,0
TNC2-1;TNC2L;Sữa TH True Milk nguyên chất bịch 220ml;TH TRUE MILK;82.000,0;79.640,00;7,80;;;0,0;99.999.999,90;lóc;TNC2;10,0;;TNC2;0,0;1;1;0,0
TNC2-2;TNC2T;Sữa TH True Milk nguyên chất bịch 220ml;TH TRUE MILK;385.000,0;382.272,00;1,625;;;0,0;20.833.333,313;thùng;TNC2;48,0;;TNC2;0,0;1;1;0,0
PVN8546;8936127794503;Sữa trái cây TH True Milk vị mẳng cầu chai 300ml;TH TRUE MILK;10.000,0;8.252,00;8,0;;;0,0;999.999.999,0;chai;;1,0;;;0,0;1;1;0,0
PVN8546-1;PVN8547;Sữa trái cây TH True Milk vị mẳng cầu chai 300ml;TH TRUE MILK;56.000,0;49.512,00;1,333;;;0,0;166.666.666,50;lóc;PVN8546;6,0;;PVN8546;0,0;1;1;0,0
PVN8546-2;PVN8548;Sữa trái cây TH True Milk vị mẳng cầu chai 300ml;TH TRUE MILK;208.000,0;198.048,00;0,333;;;0,0;41.666.666,625;thùng;PVN8546;24,0;;PVN8546;0,0;1;1;0,0
TC18;TC18;Sữa TH True Milk hương chuối hộp 180ml;TH TRUE MILK;10.000,0;8.764,00;0,0;;;0,0;999.999.999,0;hộp;;1,0;;;0,0;1;1;0,0
TC18-1;8935217400775;Sữa TH True Milk hương chuối hộp 180ml;TH TRUE MILK;36.000,0;35.056,00;0,0;;;0,0;249.999.999,750;lóc;TC18;4,0;;TC18;0,0;1;1;0,0
TC18-2;TC18T;Sữa TH True Milk hương chuối hộp 180ml;TH TRUE MILK;422.000,0;420.672,00;0,0;;;0,0;20.833.333,313;thùng;TC18;48,0;;TC18;0,0;1;1;0,0
PVN9418;8936127790017;Nước tinh khiết TH TRUE MILK Water chai 500ml;TH TRUE MILK;5.000,0;3.622,00;0,0;;;0,0;999.999.999,0;chai;;1,0;;;0,0;1;1;0,0
PVN9418-1;PVN9419;Nước tinh khiết TH TRUE MILK Water chai 500ml;TH TRUE MILK;26.000,0;21.732,00;0,0;;;0,0;166.666.666,50;lóc;PVN9418;6,0;;PVN9418;0,0;1;1;0,0
PVN9418-2;PVN9420;Nước tinh khiết TH TRUE MILK Water chai 500ml;TH TRUE MILK;92.000,0;86.928,00;0,0;;;0,0;41.666.666,625;thùng;PVN9418;24,0;;PVN9418;0,0;1;1;0,0
NS18;;Sữa Nuvi vị Socola hộp 180ml;Nutifood;8.000,0;6.597,00;15,0;;;0,0;999.999.999,0;hộp;;1,0;;;0,0;1;1;0,0
NS18-1;8935049018896;Sữa Nuvi vị Socola hộp 180ml;Nutifood;28.000,0;26.388,00;3,750;;;0,0;249.999.999,750;lóc;NS18;4,0;;NS18;0,0;1;1;0,0
NS18-2;PVN1755;Sữa Nuvi vị Socola hộp 180ml;Nutifood;322.000,0;316.656,00;0,313;;;0,0;20.833.333,313;thùng;NS18;48,0;;NS18;0,0;1;1;0,0
NST18;;Sữa Nuvi lúa mạch thạch lắc cacao hộp 170ml;Nutifood;9.000,0;6.723,00;3,0;;;0,0;999.999.999,0;hộp;;1,0;;;0,0;1;1;0,0
NST18-1;8935049019060;Sữa Nuvi lúa mạch thạch lắc cacao hộp 170ml;Nutifood;30.000,0;26.892,00;0,750;;;0,0;249.999.999,750;lóc;NST18;4,0;;NST18;0,0;1;1;0,0
NST18-2;PVN1758;Sữa Nuvi lúa mạch thạch lắc cacao hộp 170ml;Nutifood;330.000,0;322.704,00;0,063;;;0,0;20.833.333,313;thùng;NST18;48,0;;NST18;0,0;1;1;0,0
ND18;;Sữa Nuvi vị dâu hộp 180ml;Nutifood;8.000,0;5.554,00;38,0;;;0,0;999.999.999,0;hộp;;1,0;;;0,0;1;1;0,0
ND18-1;8935049019268;Sữa Nuvi vị dâu hộp 180ml;Nutifood;25.000,0;22.216,00;9,50;;;0,0;249.999.999,750;lóc;ND18;4,0;;ND18;0,0;1;1;0,0
ND18-2;PVN1761;Sữa Nuvi vị dâu hộp 180ml;Nutifood;274.000,0;266.592,00;0,792;;;0,0;20.833.333,313;thùng;ND18;48,0;;ND18;0,0;1;1;0,0
NCT18;PVN2971;Sữa lắc Nuvi hương cam có thạch hộp 170ml;Nutifood;9.000,0;6.979,00;88,0;;;0,0;999.999.999,0;hộp;;1,0;;;0,0;1;1;0,0
NCT18-1;8935049019046;Sữa lắc Nuvi hương cam có thạch hộp 170ml;Nutifood;30.000,0;27.916,00;22,0;;;0,0;249.999.999,750;lóc;NCT18;4,0;;NCT18;0,0;1;1;0,0
NCT18-2;PVN2978;Sữa lắc Nuvi hương cam có thạch hộp 170ml;Nutifood;332.000,0;334.992,00;1,833;;;0,0;20.833.333,313;thùng;NCT18;48,0;;NCT18;0,0;1;1;0,0
NST1;PVN2972;Sữa Nuvi lúa mạch thạch lắc cacao hộp 100ml;Nutifood;6.000,0;4.481,00;0,0;;;0,0;999.999.999,0;hộp;;1,0;;;0,0;1;1;0,0
NST1-1;8935049019053;Sữa Nuvi lúa mạch thạch lắc cacao hộp 100ml;Nutifood;20.000,0;17.924,00;0,0;;;0,0;249.999.999,750;lóc;NST1;4,0;;NST1;0,0;1;1;0,0
NST1-2;PVN2976;Sữa Nuvi lúa mạch thạch lắc cacao hộp 100ml;Nutifood;222.000,0;215.088,00;0,0;;;0,0;20.833.333,313;thùng;NST1;48,0;;NST1;0,0;1;1;0,0
NDT18;PVN3642;Sữa Nuvi hương dâu có thạch hộp 170ml;Nutifood;9.000,0;6.723,00;26,0;;;0,0;999.999.999,0;hộp;;1,0;;;0,0;1;1;0,0
NDT18-1;8935049018988;Sữa Nuvi hương dâu có thạch hộp 170ml;Nutifood;30.000,0;26.892,00;6,50;;;0,0;249.999.999,750;lóc;NDT18;4,0;;NDT18;0,0;1;1;0,0
NDT18-2;PVN3644;Sữa Nuvi hương dâu có thạch hộp 170ml;Nutifood;332.000,0;322.704,00;0,542;;;0,0;20.833.333,313;thùng;NDT18;48,0;;NDT18;0,0;1;1;0,0
NN18;NN18;Sữa Nuvi vị nho hộp 180ml;Nutifood;8.000,0;6.375,00;17,0;;;0,0;999.999.999,0;hộp;;1,0;;;0,0;1;1;0,0
NN18-1;8935049018742;Sữa Nuvi vị nho hộp 180ml;Nutifood;25.000,0;25.500,00;4,250;;;0,0;249.999.999,750;lóc;NN18;4,0;;NN18;0,0;1;1;0,0
NN18-2;NN18T;Sữa Nuvi vị nho hộp 180ml;Nutifood;274.000,0;306.000,00;0,354;;;0,0;20.833.333,313;thùng;NN18;48,0;;NN18;0,0;1;1;0,0
NN1;NN1;Sữa Nuvi nho hộp 110ml;Nutifood;5.000,0;3.518,00;37,0;;;0,0;999.999.999,0;hộp;;1,0;;;0,0;1;1;0,0
NN1-1;8935049018735;Sữa Nuvi nho hộp 110ml;Nutifood;18.000,0;14.072,00;9,250;;;0,0;249.999.999,750;lóc;NN1;4,0;;NN1;0,0;1;1;0,0
NN1-2;NN1T;Sữa Nuvi nho hộp 110ml;Nutifood;174.000,0;168.864,00;0,771;;;0,0;20.833.333,313;thùng;NN1;48,0;;NN1;0,0;1;1;0,0
NC18;PVN6677;Sữa Nuvi vị cam hộp 180ml;Nutifood;8.000,0;5.554,00;34,0;;;0,0;999.999.999,0;hộp;;1,0;;;0,0;1;1;0,0
NC18-1;8935049018711;Sữa Nuvi vị cam hộp 180ml;Nutifood;25.000,0;22.216,00;8,50;;;0,0;249.999.999,750;lóc;NC18;4,0;;NC18;0,0;1;1;0,0
NC18-2;PVN6679;Sữa Nuvi vị cam hộp 180ml;Nutifood;274.000,0;266.592,00;0,708;;;0,0;20.833.333,313;thùng;NC18;48,0;;NC18;0,0;1;1;0,0
NDT1;PVN7083;Sữa Nuvi hương dâu có thạch hộp 100ml;Nutifood;6.000,0;4.390,00;2,0;;;0,0;999.999.999,0;hộp;;1,0;;;0,0;1;1;0,0
NDT1-1;8935049018995;Sữa Nuvi hương dâu có thạch hộp 100ml;Nutifood;20.000,0;17.560,00;0,50;;;0,0;249.999.999,750;lóc;NDT1;4,0;;NDT1;0,0;1;1;0,0
NDT1-2;PVN7085;Sữa Nuvi hương dâu có thạch hộp 100ml;Nutifood;222.000,0;210.720,00;0,042;;;0,0;20.833.333,313;thùng;NDT1;48,0;;NDT1;0,0;1;1;0,0
NCT1;PVN7086;Sữa lắc Nuvi hương cam có thạch hộp 100ml;Nutifood;6.000,0;4.313,00;35,0;;;0,0;999.999.999,0;hộp;;1,0;;;0,0;1;1;0,0
NCT1-1;8935049019039;Sữa lắc Nuvi hương cam có thạch hộp 100ml;Nutifood;20.000,0;17.252,00;8,750;;;0,0;249.999.999,750;lóc;NCT1;4,0;;NCT1;0,0;1;1;0,0
NCT1-2;PVN7088;Sữa lắc Nuvi hương cam có thạch hộp 100ml;Nutifood;222.000,0;207.024,00;0,729;;;0,0;20.833.333,313;thùng;NCT1;48,0;;NCT1;0,0;1;1;0,0
NNT18;PVN9178;Sữa Nuvi hương nho có thạch hộp 170ml;Nutifood;9.000,0;6.720,00;15,0;;;0,0;999.999.999,0;hộp;;1,0;;;0,0;1;1;0,0
NNT18-1;8935049020189;Sữa Nuvi hương nho có thạch hộp 170ml;Nutifood;30.000,0;26.880,00;3,750;;;0,0;249.999.999,750;lóc;NNT18;4,0;;NNT18;0,0;1;1;0,0
NNT18-2;PVN9180;Sữa Nuvi hương nho có thạch hộp 170ml;Nutifood;329.000,0;322.560,00;0,313;;;0,0;20.833.333,313;thùng;NNT18;48,0;;NNT18;0,0;1;1;0,0
ND1H;ND1H;Sữa Nuvi vị dâu hộp 110ml;Nutifood;5.000,0;3.518,00;44,0;;;0,0;999.999.999,0;hộp;;1,0;;;0,0;1;1;0,0
ND1H-1;8935049019251;Sữa Nuvi vị dâu hộp 110ml;Nutifood;18.000,0;14.072,00;11,0;;;0,0;249.999.999,750;lóc;ND1H;4,0;;ND1H;0,0;1;1;0,0
ND1H-2;ND1TH;Sữa Nuvi vị dâu hộp 110ml;Nutifood;175.000,0;168.864,00;0,917;;;0,0;20.833.333,313;thùng;ND1H;48,0;;ND1H;0,0;1;1;0,0
GPX1;GX1;Sữa Grow Plus+ xanh hộp 110ml;Nutifood;8.000,0;6.875,00;88,0;;;0,0;999.999.999,0;hộp;;1,0;;;0,0;1;1;0,0
GPX1-1;8935049018780;Sữa Grow Plus+ xanh hộp 110ml;Nutifood;30.000,0;27.500,00;22,0;;;0,0;249.999.999,750;lóc;GPX1;4,0;;GPX1;0,0;1;1;0,0
GPX1-2;GX1T;Sữa Grow Plus+ xanh hộp 110ml;Nutifood;345.000,0;330.000,00;1,833;;;0,0;20.833.333,313;thùng;GPX1;48,0;;GPX1;0,0;1;1;0,0
GX18;;Sữa Grow Plus+ xanh hộp 180ml;Nutifood;11.000,0;9.792,00;44,0;;;0,0;999.999.999,0;hộp;;1,0;;;0,0;1;1;0,0
GX18-1;8935049018797;Sữa Grow Plus+ xanh hộp 180ml;Nutifood;40.000,0;39.168,00;11,0;;;0,0;249.999.999,750;lóc;GX18;4,0;;GX18;0,0;1;1;0,0
GX18-2;PVN1734;Sữa Grow Plus+ xanh hộp 180ml;Nutifood;480.000,0;470.016,00;0,917;;;0,0;20.833.333,313;thùng;GX18;48,0;;GX18;0,0;1;1;0,0
GD1;;Sữa Grow Plus+ đỏ hộp 110ml;Nutifood;9.000,0;7.667,00;238,0;;;0,0;999.999.999,0;hộp;;1,0;;;0,0;1;1;0,0
GD1-1;8935049016663;Sữa Grow Plus+ đỏ hộp 110ml;Nutifood;34.000,0;30.668,00;59,50;;;0,0;249.999.999,750;lóc;GD1;4,0;;GD1;0,0;1;1;0,0
GD1-2;;Sữa Grow Plus+ đỏ hộp 110ml;Nutifood;360.000,0;368.016,00;4,958;;;0,0;20.833.333,313;thùng;GD1;48,0;;GD1;0,0;1;1;0,0
GD18;;Sữa Grow Plus+ đỏ hộp 180ml;Nutifood;12.000,0;11.042,00;163,0;;;0,0;999.999.999,0;hộp;;1,0;;;0,0;1;1;0,0
GD18-1;8935049016670;Sữa Grow Plus+ đỏ hộp 180ml;Nutifood;46.000,0;44.168,00;40,750;;;0,0;249.999.999,750;lóc;GD18;4,0;;GD18;0,0;1;1;0,0
GD18-2;GD18T;Sữa Grow Plus+ đỏ hộp 180ml;Nutifood;530.000,0;530.016,00;3,396;;;0,0;20.833.333,313;thùng;GD18;48,0;;GD18;0,0;1;1;0,0
NNB;8935049006053;Sữa đậu nành nuti nguyên chất bịch 200ml;Nutifood;4.000,0;2.992,00;22,50;;;0,0;999.999.999,0;bịch;;1,0;;;0,0;1;1;0,0
NNB-1;PVN1717;Sữa đậu nành nuti nguyên chất bịch 200ml;Nutifood;36.000,0;29.920,00;2,250;;;0,0;99.999.999,90;lóc;NNB;10,0;;NNB;0,0;1;1;0,0
NNB-2;PVN1718;Sữa đậu nành nuti nguyên chất bịch 200ml;Nutifood;116.000,0;107.712,00;0,625;;;0,0;27.777.777,750;thùng;NNB;36,0;;NNB;0,0;1;1;0,0
NCB;8935049006350;Sữa đậu nành Nuti canxi bịch 200ml;Nutifood;4.000,0;3.073,00;102,0;;;0,0;999.999.999,0;bịch;;1,0;;;0,0;1;1;0,0
NCB-1;PVN1720;Sữa đậu nành Nuti canxi bịch 200ml;Nutifood;36.000,0;30.730,00;10,20;;;0,0;99.999.999,90;lóc;NCB;10,0;;NCB;0,0;1;1;0,0
NCB-2;PVN1721;Sữa đậu nành Nuti canxi bịch 200ml;Nutifood;118.000,0;110.628,00;2,833;;;0,0;27.777.777,750;thùng;NCB;36,0;;NCB;0,0;1;1;0,0
PVN3314;8935049002659;Ngũ cốc Nuti Canxi bịch 500g;Nutifood;50.000,0;45.000,00;10,0;;;0,0;999.999.999,0;bịch;;1,0;;;0,0;1;1;0,0
PVN3314-1;PVN6119;Ngũ cốc Nuti Canxi bịch 500g;Nutifood;642.000,0;630.000,00;0,714;;;0,0;71.428.571,357;thùng;PVN3314;14,0;;PVN3314;0,0;1;1;0,0
FN8;;Sữa chua uống Fristi vị Nho chai 80ml;Cô gái Hà Lan;5.000,0;3.667,00;16,0;;;0,0;999.999.999,0;chai;;1,0;;;0,0;1;1;0,0
FN8-1;8934841861112;Sữa chua uống Fristi vị Nho chai 80ml;Cô gái Hà Lan;23.000,0;22.002,00;2,667;;;0,0;166.666.666,50;lóc;FN8;6,0;;FN8;0,0;1;1;0,0
FN8-2;FN8T;Sữa chua uống Fristi vị Nho chai 80ml;Cô gái Hà Lan;178.000,0;176.016,00;0,333;;;0,0;20.833.333,313;thùng;FN8;48,0;;FN8;0,0;1;1;0,0
FT8;;Sữa chua uống Fristi vị Táo chai 80ml;Cô gái Hà Lan;5.000,0;3.584,00;126,0;;;0,0;999.999.999,0;chai;;1,0;;;0,0;1;1;0,0
FT8-1;8934841901207;Sữa chua uống Fristi vị Táo chai 80ml;Cô gái Hà Lan;23.000,0;21.504,00;21,0;;;0,0;166.666.666,50;lóc;FT8;6,0;;FT8;0,0;1;1;0,0
FT8-2;FT8T;Sữa chua uống Fristi vị Táo chai 80ml;Cô gái Hà Lan;178.000,0;172.032,00;2,625;;;0,0;20.833.333,313;thùng;FT8;48,0;;FT8;0,0;1;1;0,0
FD8;;Sữa chua uống Fristi vị Dâu chai 80ml;Cô gái Hà Lan;5.000,0;3.584,00;126,0;;;0,0;999.999.999,0;chai;;1,0;;;0,0;1;1;0,0
FD8-1;8934841862119;Sữa chua uống Fristi vị Dâu chai 80ml;Cô gái Hà Lan;23.000,0;21.504,00;21,0;;;0,0;166.666.666,50;lóc;FD8;6,0;;FD8;0,0;1;1;0,0
FD8-2;FD8T;Sữa chua uống Fristi vị Dâu chai 80ml;Cô gái Hà Lan;178.000,0;172.032,00;2,625;;;0,0;20.833.333,313;thùng;FD8;48,0;;FD8;0,0;1;1;0,0
FC8;;Sữa chua uống Fristi hương Cam chai 80ml;Cô gái Hà Lan;5.000,0;3.584,00;111,0;;;0,0;999.999.999,0;chai;;1,0;;;0,0;1;1;0,0
FC8-1;8934841863116;Sữa chua uống Fristi hương Cam chai 80ml;Cô gái Hà Lan;23.000,0;21.504,00;18,50;;;0,0;166.666.666,50;lóc;FC8;6,0;;FC8;0,0;1;1;0,0
FC8-2;;Sữa chua uống Fristi hương Cam chai 80ml;Cô gái Hà Lan;178.000,0;172.032,00;2,313;;;0,0;20.833.333,313;thùng;FC8;48,0;;FC8;0,0;1;1;0,0
FD80;;Sữa chua uống Fristi vị đào chai 80ml;Cô gái Hà Lan;5.000,0;3.584,00;73,0;;;0,0;999.999.999,0;chai;;1,0;;;0,0;1;1;0,0
FD80-1;8934841902839;Sữa chua uống Fristi vị đào chai 80ml;Cô gái Hà Lan;23.000,0;21.504,00;12,167;;;0,0;166.666.666,50;lóc;FD80;6,0;;FD80;0,0;1;1;0,0
FD80-2;FD80T;Sữa chua uống Fristi vị đào chai 80ml;Cô gái Hà Lan;178.000,0;172.032,00;1,521;;;0,0;20.833.333,313;thùng;FD80;48,0;;FD80;0,0;1;1;0,0
PVN155;8934841128147;Sữa đặc Cô Gái Hà Lan lon 380g;Cô gái Hà Lan;32.000,0;30.355,00;19,0;;;0,0;999.999.999,0;lon;;1,0;;;0,0;1;1;0,0
PVN155-1;PVN4809;Sữa đặc Cô Gái Hà Lan lon 380g;Cô gái Hà Lan;312.000,0;121.420,00;4,750;;;0,0;249.999.999,750;chục;PVN155;4,0;;PVN155;0,0;1;1;0,0
PVN155-2;PVN6193;Sữa đặc Cô Gái Hà Lan lon 380g;Cô gái Hà Lan;1.470.000,0;1.457.040,00;0,396;;;0,0;20.833.333,313;thùng;PVN155;48,0;;PVN155;0,0;1;1;0,0
HL18;;Sữa Cô gái Hà lan có đường hộp 180ml;Cô gái Hà Lan;9.000,0;7.396,00;64,0;;;0,0;999.999.999,0;hộp;;1,0;;;0,0;1;1;0,0
HL18-1;8934841901856;Sữa Cô gái Hà lan có đường hộp 180ml;Cô gái Hà Lan;32.000,0;29.584,00;16,0;;;0,0;249.999.999,750;lóc;HL18;4,0;;HL18;0,0;1;1;0,0
HL18-2;HL180T;Sữa Cô gái Hà lan có đường hộp 180ml;Cô gái Hà Lan;360.000,0;355.008,00;1,333;;;0,0;20.833.333,313;thùng;HL18;48,0;;HL18;0,0;1;1;0,0
HL1;;Sữa Cô Gái Hà Lan có đường hộp 110ml;Cô gái Hà Lan;6.000,0;4.667,00;120,0;;;0,0;999.999.999,0;hộp;;1,0;;;0,0;1;1;0,0
HL1-1;8934841901900;Sữa Cô Gái Hà Lan có đường hộp 110ml;Cô gái Hà Lan;20.000,0;18.668,00;30,0;;;0,0;249.999.999,750;lóc;HL1;4,0;;HL1;0,0;1;1;0,0
HL1-2;CGHL110T;Sữa Cô Gái Hà Lan có đường hộp 110ml;Cô gái Hà Lan;230.000,0;224.016,00;2,50;;;0,0;20.833.333,313;thùng;HL1;48,0;;HL1;0,0;1;1;0,0
Ck1;;Sữa Cô Gái Hà Lan cao khỏe có đường hộp 110ml;Cô gái Hà Lan;5.000,0;4.105,00;106,0;;;0,0;999.999.999,0;hộp;;1,0;;;0,0;1;1;0,0
Ck1-1;8934841901672;Sữa Cô Gái Hà Lan cao khỏe có đường hộp 110ml;Cô gái Hà Lan;18.000,0;16.420,00;26,50;;;0,0;249.999.999,750;lóc;Ck1;4,0;;Ck1;0,0;1;1;0,0
Ck1-2;CK1T;Sữa Cô Gái Hà Lan cao khỏe có đường hộp 110ml;Cô gái Hà Lan;204.000,0;197.040,00;2,208;;;0,0;20.833.333,313;thùng;Ck1;48,0;;Ck1;0,0;1;1;0,0
HLD18;;Sữa Cô Gái Hà Lan hương dâu hộp 180ml;Cô gái Hà Lan;9.000,0;7.396,00;35,0;;;0,0;999.999.999,0;hộp;;1,0;;;0,0;1;1;0,0
HLD18-1;8934841901863;Sữa Cô Gái Hà Lan hương dâu hộp 180ml;Cô gái Hà Lan;32.000,0;29.584,00;8,750;;;0,0;249.999.999,750;lóc;HLD18;4,0;;HLD18;0,0;1;1;0,0
HLD18-2;HLD18T;Sữa Cô Gái Hà Lan hương dâu hộp 180ml;Cô gái Hà Lan;360.000,0;355.008,00;0,729;;;0,0;20.833.333,313;thùng;HLD18;48,0;;HLD18;0,0;1;1;0,0
HLD1;;Sữa Cô Gái Hà Lan hương dâu hộp 110ml;Cô gái Hà Lan;6.000,0;4.667,00;38,0;;;0,0;999.999.999,0;hộp;;1,0;;;0,0;1;1;0,0
HLD1-1;8934841901917;Sữa Cô Gái Hà Lan hương dâu hộp 110ml;Cô gái Hà Lan;20.000,0;18.668,00;9,50;;;0,0;249.999.999,750;lóc;HLD1;4,0;;HLD1;0,0;1;1;0,0
HLD1-2;HLD110MLT;Sữa Cô Gái Hà Lan hương dâu hộp 110ml;Cô gái Hà Lan;230.000,0;224.016,00;0,792;;;0,0;20.833.333,313;thùng;HLD1;48,0;;HLD1;0,0;1;1;0,0
CK18;;Sữa Cô Gái Hà Lan cao khỏe có đường hộp 180ml;Cô gái Hà Lan;8.000,0;6.375,00;104,0;;;0,0;999.999.999,0;hộp;;1,0;;;0,0;1;1;0,0
CK18-1;8934841901665;Sữa Cô Gái Hà Lan cao khỏe có đường hộp 180ml;Cô gái Hà Lan;27.000,0;25.500,00;26,0;;;0,0;249.999.999,750;lóc;CK18;4,0;;CK18;0,0;1;1;0,0
CK18-2;CK18T;Sữa Cô Gái Hà Lan cao khỏe có đường hộp 180ml;Cô gái Hà Lan;314.000,0;306.000,00;2,167;;;0,0;20.833.333,313;thùng;CK18;48,0;;CK18;0,0;1;1;0,0
CKD18;;Sữa Cô gái Hà Lan Cao khoẻ hương dâu hộp 170ml;Cô gái Hà Lan;8.000,0;6.375,00;36,0;;;0,0;999.999.999,0;hộp;;1,0;;;0,0;1;1;0,0
CKD18-1;8934841902099;Sữa Cô gái Hà Lan Cao khoẻ hương dâu hộp 170ml;Cô gái Hà Lan;27.000,0;25.500,00;9,0;;;0,0;249.999.999,750;lóc;CKD18;4,0;;CKD18;0,0;1;1;0,0
CKD18-2;PVN2145;Sữa Cô gái Hà Lan Cao khoẻ hương dâu hộp 170ml;Cô gái Hà Lan;312.000,0;306.000,00;0,750;;;0,0;20.833.333,313;thùng;CKD18;48,0;;CKD18;0,0;1;1;0,0
CKD1;PVN2143;Sữa Cô gái hà lan Cao khoẻ hương dâu hộp 110ml;Cô gái Hà Lan;6.000,0;4.125,00;42,0;;;0,0;999.999.999,0;hộp;;1,0;;;0,0;1;1;0,0
CKD1-1;8934841902105;Sữa Cô gái hà lan Cao khoẻ hương dâu hộp 110ml;Cô gái Hà Lan;18.000,0;16.500,00;10,50;;;0,0;249.999.999,750;lóc;CKD1;4,0;;CKD1;0,0;1;1;0,0
CKD1-2;PVN2872;Sữa Cô gái hà lan Cao khoẻ hương dâu hộp 110ml;Cô gái Hà Lan;204.000,0;198.000,00;0,875;;;0,0;20.833.333,313;thùng;CKD1;48,0;;CKD1;0,0;1;1;0,0
PVN2610;PVN2610;Sữa đặc hà lan gói 40g;Cô gái Hà Lan;4.000,0;2.750,00;748,0;;;0,0;999.999.999,0;bịch;;1,0;;;0,0;1;1;0,0
PVN2610-1;8992753710140;Sữa đặc hà lan gói 40g;Cô gái Hà Lan;19.000,0;16.500,00;124,667;;;0,0;166.666.666,50;dây;PVN2610;6,0;;PVN2610;0,0;1;1;0,0
PVN2610-2;PVN6916;Sữa đặc hà lan gói 40g;Cô gái Hà Lan;338.000,0;330.000,00;6,233;;;0,0;8.333.333,325;thùng;PVN2610;120,0;;PVN2610;0,0;1;1;0,0
HLB2;8934841903607;Sữa Cô Gái Hà lan có đường bịch 220ml;Cô gái Hà Lan;7.000,0;6.208,00;211,0;;;0,0;999.999.999,0;bịch;;1,0;;;0,0;1;1;0,0
HLB2-1;PVN8378;Sữa Cô Gái Hà lan có đường bịch 220ml;Cô gái Hà Lan;66.000,0;62.080,00;21,10;;;0,0;99.999.999,90;lóc;HLB2;10,0;;HLB2;0,0;1;1;0,0
HLB2-2;PVN8379;Sữa Cô Gái Hà lan có đường bịch 220ml;Cô gái Hà Lan;305.000,0;297.984,00;4,396;;;0,0;20.833.333,313;thùng;HLB2;48,0;;HLB2;0,0;1;1;0,0
VN1;;Sữa tươi có đường Vinamilk hộp 110ml;Vinamilk;6.000,0;4.760,00;204,50;;;0,0;999.999.999,0;hộp;;1,0;;;0,0;1;1;0,0
VN1-1;8934673573320;Sữa tươi có đường Vinamilk hộp 110ml;Vinamilk;20.000,0;19.040,00;51,125;;;0,0;249.999.999,750;lóc;VN1;4,0;;VN1;0,0;1;1;0,0
VN1-2;VN1T;Sữa tươi có đường Vinamilk hộp 110ml;Vinamilk;236.000,0;228.480,00;4,260;;;0,0;20.833.333,313;thùng;VN1;48,0;;VN1;0,0;1;1;0,0
VN18;VN18;Sữa tươi có đường Vinamilk hộp 180ml;Vinamilk;9.000,0;7.527,00;292,0;;;0,0;999.999.999,0;hộp;;1,0;;;0,0;1;1;0,0
VN18-1;8934673573344;Sữa tươi có đường Vinamilk hộp 180ml;Vinamilk;32.000,0;30.108,00;73,0;;;0,0;249.999.999,750;lóc;VN18;4,0;;VN18;0,0;1;1;0,0
VN18-2;;Sữa tươi có đường Vinamilk hộp 180ml;Vinamilk;368.000,0;361.296,00;6,083;;;0,0;20.833.333,313;thùng;VN18;48,0;;VN18;0,0;1;1;0,0
ID18;;Sữa tươi ít đường Vinamilk hộp 180ml;Vinamilk;9.000,0;7.385,00;116,0;;;0,0;999.999.999,0;hộp;;1,0;;;0,0;1;1;0,0
ID18-1;8934673581349;Sữa tươi ít đường Vinamilk hộp 180ml;Vinamilk;32.000,0;29.540,00;29,0;;;0,0;249.999.999,750;lóc;ID18;4,0;;ID18;0,0;1;1;0,0
ID18-2;PVN2798;Sữa tươi ít đường Vinamilk hộp 180ml;Vinamilk;364.000,0;354.480,00;2,417;;;0,0;20.833.333,313;thùng;ID18;48,0;;ID18;0,0;1;1;0,0
KD2;8934673501354;Sữa tươi Vinamilk 100% không đường bịch 220ml;Vinamilk;7.500,0;6.750,00;381,80;;;0,0;999.999.999,0;gói;;1,0;;;0,0;1;1;0,0
KD2-1;PVN2801;Sữa tươi Vinamilk 100% không đường bịch 220ml;Vinamilk;72.000,0;67.500,00;38,180;;;0,0;99.999.999,90;lóc;KD2;10,0;;KD2;0,0;1;1;0,0
KD2-2;PVN2806;Sữa tươi Vinamilk 100% không đường bịch 220ml;Vinamilk;332.000,0;324.000,00;7,954;;;0,0;20.833.333,313;thùng;KD2;48,0;;KD2;0,0;1;1;0,0
CD220;8934673500357;Sữa tươi Vinamilk 100% có đường bịch 220ml;Vinamilk;7.500,0;6.771,00;953,70;;;0,0;999.999.999,0;gói;;1,0;;;0,0;1;1;0,0
CD220-1;CD220l;Sữa tươi Vinamilk 100% có đường bịch 220ml;Vinamilk;72.000,0;67.710,00;95,370;;;0,0;99.999.999,90;lóc;CD220;10,0;;CD220;0,0;1;1;0,0
CD220-2;PVN2807;Sữa tươi Vinamilk 100% có đường bịch 220ml;Vinamilk;332.000,0;325.008,00;19,869;;;0,0;20.833.333,313;thùng;CD220;48,0;;CD220;0,0;1;1;0,0
ID2;8934673132343;Sữa tươi Vinamilk 100% ít đường bịch 220ml;Vinamilk;7.500,0;6.750,00;26,0;;;0,0;999.999.999,0;gói;;1,0;;;0,0;1;1;0,0
ID2-1;PVN2808;Sữa tươi Vinamilk 100% ít đường bịch 220ml;Vinamilk;72.000,0;67.500,00;2,60;;;0,0;99.999.999,90;lóc;ID2;10,0;;ID2;0,0;1;1;0,0
ID2-2;PVN2809;Sữa tươi Vinamilk 100% ít đường bịch 220ml;Vinamilk;332.000,0;324.000,00;0,542;;;0,0;20.833.333,313;thùng;ID2;48,0;;ID2;0,0;1;1;0,0
DA2;8934673502351;Sữa tươi Vinamilk 100% vị dâu bịch 220ml;Vinamilk;7.500,0;6.750,00;235,0;;;0,0;999.999.999,0;gói;;1,0;;;0,0;1;1;0,0
DA2-1;PVN2803;Sữa tươi Vinamilk 100% vị dâu bịch 220ml;Vinamilk;72.000,0;67.500,00;23,50;;;0,0;99.999.999,90;lóc;DA2;10,0;;DA2;0,0;1;1;0,0
DA2-2;PVN2804;Sữa tươi Vinamilk 100% vị dâu bịch 220ml;Vinamilk;332.000,0;324.000,00;4,896;;;0,0;20.833.333,313;thùng;DA2;48,0;;DA2;0,0;1;1;0,0
SO2;8934673503358;Sữa tươi Vinamilk 100% vị Socola bịch 220ml;Vinamilk;7.500,0;6.750,00;264,50;;;0,0;999.999.999,0;gói;;1,0;;;0,0;1;1;0,0
SO2-1;PVN2799;Sữa tươi Vinamilk 100% vị Socola bịch 220ml;Vinamilk;72.000,0;67.500,00;26,450;;;0,0;99.999.999,90;lóc;SO2;10,0;;SO2;0,0;1;1;0,0
SO2-2;PVN2805;Sữa tươi Vinamilk 100% vị Socola bịch 220ml;Vinamilk;332.000,0;324.000,00;5,510;;;0,0;20.833.333,313;thùng;SO2;48,0;;SO2;0,0;1;1;0,0
VDN2;8934673701280;Sữa đậu nành Vinamilk gấp đôi canxi bịch 220ml;Vinamilk;5.500,0;4.273,00;9,0;;;0,0;999.999.999,0;bịch;;1,0;;;0,0;1;1;0,0
VDN2-1;PVN1684;Sữa đậu nành Vinamilk gấp đôi canxi bịch 220ml;Vinamilk;48.000,0;42.730,00;0,90;;;0,0;99.999.999,90;lóc;VDN2;10,0;;VDN2;0,0;1;1;0,0
VDN2-2;PVN1715;Sữa đậu nành Vinamilk gấp đôi canxi bịch 220ml;Vinamilk;218.000,0;205.104,00;0,188;;;0,0;20.833.333,313;thùng;VDN2;48,0;;VDN2;0,0;1;1;0,0
PVN2728;8934673573399;Sữa Vinamilk có đường hộp 1L;Vinamilk;36.000,0;34.184,00;82,0;;;0,0;999.999.999,0;hộp;;1,0;;;0,0;1;1;0,0
PVN2728-1;PVN6324;Sữa Vinamilk có đường hộp 1L;Vinamilk;419.000,0;410.208,00;6,833;;;0,0;83.333.333,250;Thùng;PVN2728;12,0;;PVN2728;0,0;1;1;0,0
ID1;PVN6004;Sữa tươi ít đường Vinamilk hộp 110ml;Vinamilk;6.000,0;4.760,00;233,0;;;0,0;999.999.999,0;hộp;;1,0;;;0,0;1;1;0,0
ID1-1;8934673581325;Sữa tươi ít đường Vinamilk hộp 110ml;Vinamilk;20.000,0;19.040,00;58,250;;;0,0;249.999.999,750;lóc;ID1;4,0;;ID1;0,0;1;1;0,0
ID1-2;PVN6006;Sữa tươi ít đường Vinamilk hộp 110ml;Vinamilk;230.000,0;228.480,00;4,854;;;0,0;20.833.333,313;thùng;ID1;48,0;;ID1;0,0;1;1;0,0
PVN6545;8934673576390;Sữa tươi Vinamilk không đường hộp 1L;Vinamilk;36.000,0;34.537,00;47,0;;;0,0;999.999.999,0;hộp;;1,0;;;0,0;1;1;0,0
PVN6545-1;PVN7115;Sữa tươi Vinamilk không đường hộp 1L;Vinamilk;419.000,0;414.444,00;3,917;;;0,0;83.333.333,250;thùng;PVN6545;12,0;;PVN6545;0,0;1;1;0,0
PVN6886;PVN6886;Sữa Vinamilk SuperNut hạt óc chó hộp 180ml;Vinamilk;12.000,0;10.525,00;51,0;;;0,0;999.999.999,0;hộp;;1,0;;;0,0;1;1;0,0
PVN6886-1;8934673701204;Sữa Vinamilk SuperNut hạt óc chó hộp 180ml;Vinamilk;45.000,0;42.100,00;12,750;;;0,0;249.999.999,750;lóc;PVN6886;4,0;;PVN6886;0,0;1;1;0,0
PVN6886-2;PVN8459;Sữa Vinamilk SuperNut hạt óc chó hộp 180ml;Vinamilk;265.000,0;252.600,00;2,125;;;0,0;41.666.666,625;thùng;PVN6886;24,0;;PVN6886;0,0;1;1;0,0
VGP1;;Sữa Grow Plus đỏ Vinamilk hộp 110ml;Vinamilk;10.000,0;8.127,00;196,0;;;0,0;999.999.999,0;hộp;;1,0;;;0,0;1;1;0,0
VGP1-1;8934673100618;Sữa Grow Plus đỏ Vinamilk hộp 110ml;Vinamilk;34.000,0;32.508,00;49,0;;;0,0;249.999.999,750;lóc;VGP1;4,0;;VGP1;0,0;1;1;0,0
VGP1-2;PVN7144;Sữa Grow Plus đỏ Vinamilk hộp 110ml;Vinamilk;398.000,0;390.096,00;4,083;;;0,0;20.833.333,313;thùng;VGP1;48,0;;VGP1;0,0;1;1;0,0
VGP18;PVN7136;Sữa Grow Plus Vinamilk hộp 180ml;Vinamilk;13.000,0;11.885,00;31,0;;;0,0;999.999.999,0;hộp;;1,0;;;0,0;1;1;0,0
VGP18-1;8934673100625;Sữa Grow Plus Vinamilk hộp 180ml;Vinamilk;50.000,0;47.540,00;7,750;;;0,0;249.999.999,750;lóc;VGP18;4,0;;VGP18;0,0;1;1;0,0
VGP18-2;PVN7138;Sữa Grow Plus Vinamilk hộp 180ml;Vinamilk;578.000,0;570.480,00;0,646;;;0,0;20.833.333,313;thùng;VGP18;48,0;;VGP18;0,0;1;1;0,0
PVN5475;8934673230155;Sữa đặc Vinamilk Tài lộc lon 380g;Vinamilk;16.000,0;14.930,00;97,0;;;0,0;999.999.999,0;lon;;1,0;;;0,0;1;1;0,0
PVN5475-1;PVN5475;Sữa đặc Vinamilk Tài lộc lon 380g;Vinamilk;722.000,0;716.640,00;2,021;;;0,0;20.833.333,313;thùng;PVN5475;48,0;;PVN5475;0,0;1;1;0,0
PVN5475-2;PVN8005;Sữa đặc Vinamilk Tài lộc lon 380g;Vinamilk;154.000,0;149.300,00;9,70;;;0,0;99.999.999,90;chục;PVN5475;10,0;;PVN5475;0,0;1;1;0,0
PVN5677;8934673230391;Sữa đặc Vinamilk tài lộc hộp 1284g;Vinamilk;46.000,0;44.201,00;55,0;;;0,0;999.999.999,0;hộp;;1,0;;;0,0;1;1;0,0
PVN5677-1;PVN6060;Sữa đặc Vinamilk tài lộc hộp 1284g;Vinamilk;516.000,0;530.412,00;4,583;;;0,0;83.333.333,250;thùng;PVN5677;12,0;;PVN5677;0,0;1;1;0,0
PVN5473;8934673311502;Sữa đặc Ông Thọ chữ xanh lon 380g;Vinamilk;26.000,0;24.505,00;111,0;;;0,0;999.999.999,0;lon;;1,0;;;0,0;1;1;0,0
PVN5473-1;PVN5473;Sữa đặc Ông Thọ chữ xanh lon 380g;Vinamilk;1.192.000,0;1.176.240,00;2,313;;;0,0;20.833.333,313;thùng;PVN5473;48,0;;PVN5473;0,0;1;1;0,0
PVN5473-2;PVN7048;Sữa đặc Ông Thọ chữ xanh lon 380g;Vinamilk;252.000,0;245.050,00;11,10;;;0,0;99.999.999,90;lóc;PVN5473;10,0;;PVN5473;0,0;1;1;0,0
PVN6059;8934673209366;Sữa đặc Ông Thọ trắng nhãn xanh hộp 380g;Vinamilk;25.000,0;24.045,00;9,0;;;0,0;999.999.999,0;hộp;;1,0;;;0,0;1;1;0,0
PVN6059-1;PVN6059;Sữa đặc Ông Thọ trắng nhãn xanh hộp 380g;Vinamilk;588.000,0;577.080,00;0,375;;;0,0;41.666.666,625;thùng;PVN6059;24,0;;PVN6059;0,0;1;1;0,0
PVN638;8934673302814;Sữa đặc ông thọ đỏ hộp 40g;Vinamilk;6.000,0;4.286,00;178,0;;;0,0;999.999.999,0;hộp;;1,0;;;0,0;1;1;0,0
PVN638-1;PVN638;Sữa đặc ông thọ đỏ hộp 40g;Vinamilk;29.000,0;25.716,00;29,667;;;0,0;166.666.666,50;vỉ;PVN638;6,0;;PVN638;0,0;1;1;0,0
PVN4845;8934673314503;Sữa đặc Ngôi sao Phương Nam xanh lá lon 380g;Vinamilk;20.000,0;18.874,00;71,0;;;0,0;999.999.999,0;lon;;1,0;;;0,0;1;1;0,0
PVN4845-1;PVN4845;Sữa đặc Ngôi sao Phương Nam xanh lá lon 380g;Vinamilk;922.000,0;905.952,00;1,479;;;0,0;20.833.333,313;thùng;PVN4845;48,0;;PVN4845;0,0;1;1;0,0
PVN4845-2;PVN4877;Sữa đặc Ngôi sao Phương Nam xanh lá lon 380g;Vinamilk;196.000,0;188.740,00;7,10;;;0,0;99.999.999,90;chục;PVN4845;10,0;;PVN4845;0,0;1;1;0,0
PVN5474;8934673218368;Sữa đặc Ngôi sao Phương Nam xanh lá hộp 380g;Vinamilk;20.000,0;18.527,00;61,0;;;0,0;999.999.999,0;hộp;;1,0;;;0,0;1;1;0,0
PVN5474-1;PVN5474;Sữa đặc Ngôi sao Phương Nam xanh lá hộp 380g;Vinamilk;454.000,0;444.648,00;2,542;;;0,0;41.666.666,625;thùng;PVN5474;24,0;;PVN5474;0,0;1;1;0,0
PVN836;8934673314909;Sữa đặc Ngôi sao Phương Nam xanh lá hộp 1284g;Vinamilk;64.000,0;62.204,00;36,0;;;0,0;999.999.999,0;hộp;;1,0;;;0,0;1;1;0,0
PVN836-1;PVN5690;Sữa đặc Ngôi sao Phương Nam xanh lá hộp 1284g;Vinamilk;756.000,0;746.448,00;3,0;;;0,0;83.333.333,250;thùng;PVN836;12,0;;PVN836;0,0;1;1;0,0
PN18;8936082160115;Khăn ướt không mùi Phương Nam gói 180g;Babyskin;20.000,0;12.000,00;18,0;;;0,0;999.999.999,0;gói;;1,0;;;0,0;1;1;0,0
PN18-1;PVN6773;Khăn ướt không mùi Phương Nam gói 180g;Babyskin;370.000,0;360.000,00;0,60;;;0,0;33.333.333,30;Thùng;PN18;30,0;;PN18;0,0;1;1;0,0
CCD;;Sữa chua Vinamilk có đường hộp 100g;Vinamilk;7.000,0;5.683,00;226,0;;;0,0;999.999.999,0;hộp;;1,0;;;0,0;1;1;0,0
CCD-1;8934673606820;Sữa chua Vinamilk có đường hộp 100g;Vinamilk;24.000,0;22.732,00;56,50;;;0,0;249.999.999,750;lóc;CCD;4,0;;CCD;0,0;1;1;0,0
CCD-2;;Sữa chua Vinamilk có đường hộp 100g;Vinamilk;280.000,0;272.784,00;4,708;;;0,0;20.833.333,313;thùng;CCD;48,0;;CCD;0,0;1;1;0,0
CKD;;Sữa chua Vinamilk không đường hộp 100g;Vinamilk;7.000,0;5.683,00;192,0;;;0,0;999.999.999,0;hộp;;1,0;;;0,0;1;1;0,0
CKD-1;8934673605823;Sữa chua Vinamilk không đường hộp 100g;Vinamilk;24.000,0;22.732,00;48,0;;;0,0;249.999.999,750;lóc;CKD;4,0;;CKD;0,0;1;1;0,0
CKD-2;PVN1255;Sữa chua Vinamilk không đường hộp 100g;Vinamilk;280.000,0;272.784,00;4,0;;;0,0;20.833.333,313;thùng;CKD;48,0;;CKD;0,0;1;1;0,0
CND;1009;Sữa chua Vinamilk nha đam hộp 100g;Vinamilk;8.000,0;6.829,00;104,0;;;0,0;999.999.999,0;hộp;;1,0;;;0,0;1;1;0,0
CND-1;8934673601825;Sữa chua Vinamilk nha đam hộp 100g;Vinamilk;30.000,0;27.316,00;26,0;;;0,0;249.999.999,750;lóc;CND;4,0;;CND;0,0;1;1;0,0
CND-2;PVN6216;Sữa chua Vinamilk nha đam hộp 100g;Vinamilk;335.000,0;327.792,00;2,167;;;0,0;20.833.333,313;thùng;CND;48,0;;CND;0,0;1;1;0,0
PD65;pbd65;Sữa chua uống Probi có đường chai 65ml;Vinamilk;5.000,0;4.203,00;0,0;;;0,0;999.999.999,0;chai;;1,0;;;0,0;1;1;0,0
PD65-1;8934673400510;Sữa chua uống Probi có đường chai 65ml;Vinamilk;23.000,0;21.015,00;0,0;;;0,0;199.999.999,80;lóc;PD65;5,0;;PD65;0,0;1;1;0,0
PD65-2;PVN5990;Sữa chua uống Probi có đường chai 65ml;Vinamilk;220.000,0;210.150,00;0,0;;;0,0;19.999.999,980;thùng;PD65;50,0;;PD65;0,0;1;1;0,0
PBD;;Sữa chua uống Probi vị dâu chai 65ml;Vinamilk;5.000,0;4.202,00;7,0;;;0,0;999.999.999,0;chai;;1,0;;;0,0;1;1;0,0
PBD-1;8934673434508;Sữa chua uống Probi vị dâu chai 65ml;Vinamilk;23.000,0;21.010,00;1,40;;;0,0;199.999.999,80;lóc;PBD;5,0;;PBD;0,0;1;1;0,0
PBD-2;PVN3649;Sữa chua uống Probi vị dâu chai 65ml;Vinamilk;220.000,0;210.100,00;0,140;;;0,0;19.999.999,980;thùng;PBD;50,0;;PBD;0,0;1;1;0,0
PVQ65;PVN6941;Sữa chua uống Probi vị việt quốc chai 65ml;Vinamilk;5.000,0;4.203,00;110,0;;;0,0;999.999.999,0;chai;;1,0;;;0,0;1;1;0,0
PVQ65-1;8934673320566;Sữa chua uống Probi vị việt quốc chai 65ml;Vinamilk;23.000,0;21.015,00;22,0;;;0,0;199.999.999,80;lóc;PVQ65;5,0;;PVQ65;0,0;1;1;0,0
PVQ65-2;PVN6943;Sữa chua uống Probi vị việt quốc chai 65ml;Vinamilk;220.000,0;210.150,00;2,20;;;0,0;19.999.999,980;thùng;PVQ65;50,0;;PVQ65;0,0;1;1;0,0
PDG65;;Sữa chua uống Probi vị dưa gang chai 65ml;Vinamilk;5.000,0;4.202,00;24,0;;;0,0;999.999.999,0;chai;;1,0;;;0,0;1;1;0,0
PDG65-1;8934673435505;Sữa chua uống Probi vị dưa gang chai 65ml;Vinamilk;23.000,0;21.010,00;4,80;;;0,0;199.999.999,80;lóc;PDG65;5,0;;PDG65;0,0;1;1;0,0
PDG65-2;PVN8557;Sữa chua uống Probi vị dưa gang chai 65ml;Vinamilk;220.000,0;210.100,00;0,480;;;0,0;19.999.999,980;thùng;PDG65;50,0;;PDG65;0,0;1;1;0,0
PVN4929;8935311110563;Cháo nấm đông cô Vifon gói 70g;Vifon;8.000,0;7.251,00;69,0;;;0,0;999.999.999,0;gói;;1,0;;;0,0;1;1;0,0
PVN4929-1;PVN4930;Cháo nấm đông cô Vifon gói 70g;Vifon;76.000,0;72.510,00;6,90;;;0,0;99.999.999,90;lóc;PVN4929;10,0;;PVN4929;0,0;1;1;0,0
PVN4929-2;PVN4931;Cháo nấm đông cô Vifon gói 70g;Vifon;368.000,0;217.530,00;2,30;;;0,0;33.333.333,30;thùng;PVN4929;30,0;;PVN4929;0,0;1;1;0,0
PVN4938;8935311100472;Mì lẩu thái tômyum vifon ly 60g;Vifon;8.000,0;6.473,00;70,0;;;0,0;999.999.999,0;ly;;1,0;;;0,0;1;1;0,0
PVN4938-1;PVN4939;Mì lẩu thái tômyum vifon ly 60g;Vifon;72.000,0;64.730,00;7,0;;;0,0;99.999.999,90;lóc;PVN4938;10,0;;PVN4938;0,0;1;1;0,0
PVN4938-2;PVN4940;Mì lẩu thái tômyum vifon ly 60g;Vifon;156.000,0;155.352,00;2,917;;;0,0;41.666.666,625;thùng;PVN4938;24,0;;PVN4938;0,0;1;1;0,0
PVN5313;8935311110440;Phở bò Vifon gói 65g;Vifon;8.000,0;6.503,00;0,0;;;0,0;999.999.999,0;gói;;1,0;;;0,0;1;1;0,0
PVN5313-1;PVN5314;Phở bò Vifon gói 65g;Vifon;74.000,0;65.030,00;0,0;;;0,0;99.999.999,90;lóc;PVN5313;10,0;;PVN5313;0,0;1;1;0,0
PVN5313-2;PVN5315;Phở bò Vifon gói 65g;Vifon;202.000,0;195.090,00;0,0;;;0,0;33.333.333,30;thùng;PVN5313;30,0;;PVN5313;0,0;1;1;0,0
PVN5526;8935311110624;Cháo thịt bầm Vifon gói 70g;Vifon;8.000,0;7.219,00;103,0;;;0,0;999.999.999,0;gói;;1,0;;;0,0;1;1;0,0
PVN5526-1;PVN6446;Cháo thịt bầm Vifon gói 70g;Vifon;76.000,0;72.190,00;10,30;;;0,0;99.999.999,90;lóc;PVN5526;10,0;;PVN5526;0,0;1;1;0,0
PVN5526-2;PVN6447;Cháo thịt bầm Vifon gói 70g;Vifon;368.000,0;360.950,00;2,060;;;0,0;19.999.999,980;thùng;PVN5526;50,0;;PVN5526;0,0;1;1;0,0
PVN5529;8935311110488;Phở chay rau nấm Vifon gói 65g;Vifon;8.000,0;6.503,00;42,0;;;0,0;999.999.999,0;gói;;1,0;;;0,0;1;1;0,0
PVN5529-1;PVN5531;Phở chay rau nấm Vifon gói 65g;Vifon;74.000,0;65.030,00;4,20;;;0,0;99.999.999,90;chục;PVN5529;10,0;;PVN5529;0,0;1;1;0,0
PVN5529-2;PVN5532;Phở chay rau nấm Vifon gói 65g;Vifon;202.000,0;195.090,00;1,40;;;0,0;33.333.333,30;thùng;PVN5529;30,0;;PVN5529;0,0;1;1;0,0
PVN5530;8935311110723;Hủ tiếu chay Vifon 65g;Vifon;8.000,0;6.243,00;21,0;;;0,0;999.999.999,0;gói;;1,0;;;0,0;1;1;0,0
PVN5530-1;PVN5533;Hủ tiếu chay Vifon 65g;Vifon;75.000,0;62.430,00;2,10;;;0,0;99.999.999,90;chục;PVN5530;10,0;;PVN5530;0,0;1;1;0,0
PVN5530-2;PVN5534;Hủ tiếu chay Vifon 65g;Vifon;194.000,0;187.290,00;0,70;;;0,0;33.333.333,30;thùng;PVN5530;30,0;;PVN5530;0,0;1;1;0,0
PVN5668;8935311100410;Mì Gà Vifon ly 60g;Vifon;8.000,0;6.242,00;4,0;;;0,0;999.999.999,0;ly;;1,0;;;0,0;1;1;0,0
PVN5668-1;PVN5821;Mì Gà Vifon ly 60g;Vifon;164.000,0;149.808,00;0,167;;;0,0;41.666.666,625;thùng;PVN5668;24,0;;PVN5668;0,0;1;1;0,0
PVN5668-2;PVN7782;Mì Gà Vifon ly 60g;Vifon;75.000,0;62.420,00;0,40;;;0,0;99.999.999,90;lóc;PVN5668;10,0;;PVN5668;0,0;1;1;0,0
PVN6164;8935311102414;Mì trộn tương đen Bắc Kinh Vifon gói 93g;Vifon;8.000,0;6.408,00;24,0;;;0,0;999.999.999,0;gói;;1,0;;;0,0;1;1;0,0
PVN6164-1;PVN6165;Mì trộn tương đen Bắc Kinh Vifon gói 93g;Vifon;75.000,0;64.080,00;2,40;;;0,0;99.999.999,90;lóc;PVN6164;10,0;;PVN6164;0,0;1;1;0,0
PVN6164-2;PVN6166;Mì trộn tương đen Bắc Kinh Vifon gói 93g;Vifon;155.000,0;153.792,00;1,0;;;0,0;41.666.666,625;thùng;PVN6164;24,0;;PVN6164;0,0;1;1;0,0
PVN6245;8935311100458;Mì vifon lẩu thái tôm ly 60g;Vifon;8.000,0;6.473,00;12,0;;;0,0;999.999.999,0;gói;;1,0;;;0,0;1;1;0,0
PVN6246;PVN6246;Mì vifon lẩu thái tôm ly 60g;Vifon;156.000,0;155.352,00;0,50;;;0,0;41.666.666,625;thùng;PVN6245;24,0;;PVN6245;0,0;1;1;0,0
PVN7783;PVN7783;Mì vifon lẩu thái tôm ly 60g;Vifon;72.000,0;64.730,00;1,20;;;0,0;99.999.999,90;lóc;PVN6245;10,0;;PVN6245;0,0;1;1;0,0
PVN6440;8935311110921;Cháo cá Vifon gói 50g;Vifon;3.500,0;2.612,00;0,0;;;0,0;999.999.999,0;gói;;1,0;;;0,0;1;1;0,0
PVN6440-1;PVN6441;Cháo cá Vifon gói 50g;Vifon;32.000,0;26.120,00;0,0;;;0,0;99.999.999,90;lóc;PVN6440;10,0;;PVN6440;0,0;1;1;0,0
PVN6440-2;PVN6442;Cháo cá Vifon gói 50g;Vifon;142.000,0;130.600,00;0,0;;;0,0;19.999.999,980;thùng;PVN6440;50,0;;PVN6440;0,0;1;1;0,0
PVN6443;8935311110983;Cháo thịt bầm Vifon gói 50g;Vifon;3.500,0;2.689,00;43,0;;;0,0;999.999.999,0;gói;;1,0;;;0,0;1;1;0,0
PVN6443-1;PVN6444;Cháo thịt bầm Vifon gói 50g;Vifon;32.000,0;26.890,00;4,30;;;0,0;99.999.999,90;lóc;PVN6443;10,0;;PVN6443;0,0;1;1;0,0
PVN6443-2;PVN6445;Cháo thịt bầm Vifon gói 50g;Vifon;138.000,0;134.450,00;0,860;;;0,0;19.999.999,980;thùng;PVN6443;50,0;;PVN6443;0,0;1;1;0,0
PVN6448;8935311110549;Cháo thịt gà Vifon gói 70g;Vifon;8.000,0;7.219,00;0,0;;;0,0;999.999.999,0;gói;;1,0;;;0,0;1;1;0,0
PVN6448-1;PVN6449;Cháo thịt gà Vifon gói 70g;Vifon;76.000,0;72.190,00;0,0;;;0,0;99.999.999,90;lóc;PVN6448;10,0;;PVN6448;0,0;1;1;0,0
PVN6448-2;PVN6450;Cháo thịt gà Vifon gói 70g;Vifon;368.000,0;360.950,00;0,0;;;0,0;19.999.999,980;thùng;PVN6448;50,0;;PVN6448;0,0;1;1;0,0
PVN6961;8935311101899;Mì hải sản cay Vifon gói 105g;Vifon;12.000,0;9.929,00;27,0;;;0,0;999.999.999,0;gói;;1,0;;;0,0;1;1;0,0
PVN6961-1;PVN6962;Mì hải sản cay Vifon gói 105g;Vifon;110.000,0;99.290,00;2,70;;;0,0;99.999.999,90;lóc;PVN6961;10,0;;PVN6961;0,0;1;1;0,0
PVN6961-2;PVN6963;Mì hải sản cay Vifon gói 105g;Vifon;244.000,0;238.296,00;1,125;;;0,0;41.666.666,625;thùng;PVN6961;24,0;;PVN6961;0,0;1;1;0,0
PVN6964;8935311101462;Mì bò kim chi cay Vifon gói 105g;Vifon;10.000,0;8.908,00;0,0;;;0,0;999.999.999,0;gói;;1,0;;;0,0;1;1;0,0
PVN6964-1;PVN6965;Mì bò kim chi cay Vifon gói 105g;Vifon;94.000,0;89.080,00;0,0;;;0,0;99.999.999,90;lóc;PVN6964;10,0;;PVN6964;0,0;1;1;0,0
PVN6964-2;PVN6966;Mì bò kim chi cay Vifon gói 105g;Vifon;223.000,0;213.792,00;0,0;;;0,0;41.666.666,625;thùng;PVN6964;24,0;;PVN6964;0,0;1;1;0,0
PVN6967;8935311110945;Cháo gà Vifon gói 50g;Vifon;3.500,0;2.686,00;0,0;;;0,0;999.999.999,0;gói;;1,0;;;0,0;1;1;0,0
PVN6967-1;PVN6968;Cháo gà Vifon gói 50g;Vifon;32.000,0;26.860,00;0,0;;;0,0;99.999.999,90;lóc;PVN6967;10,0;;PVN6967;0,0;1;1;0,0
PVN6967-2;PVN6969;Cháo gà Vifon gói 50g;Vifon;138.000,0;134.300,00;0,0;;;0,0;19.999.999,980;thùng;PVN6967;50,0;;PVN6967;0,0;1;1;0,0
PVN6975;8935311100397;Mì bò Vifon ly 60g;Vifon;8.000,0;7.417,00;27,0;;;0,0;999.999.999,0;ly;;1,0;;;0,0;1;1;0,0
PVN6975-1;PVN6976;Mì bò Vifon ly 60g;Vifon;156.000,0;178.008,00;1,125;;;0,0;41.666.666,625;thùng;PVN6975;24,0;;PVN6975;0,0;1;1;0,0
PVN6975-2;PVN7781;Mì bò Vifon ly 60g;Vifon;72.000,0;74.170,00;2,70;;;0,0;99.999.999,90;lóc;PVN6975;10,0;;PVN6975;0,0;1;1;0,0
PVN7154;8935311101073;Mì xào tương đen Vifon hộp 90g;Vifon;12.000,0;10.100,00;0,0;;;0,0;999.999.999,0;hộp;;1,0;;;0,0;1;1;0,0
PVN7154-1;PVN7154;Mì xào tương đen Vifon hộp 90g;Vifon;188.000,0;181.800,00;0,0;;;0,0;55.555.555,50;thùng;PVN7154;18,0;;PVN7154;0,0;1;1;0,0
PVN7167;8935311110600;Cháo sườn heo Vifon gói 70g;Vifon;8.000,0;7.267,00;3,0;;;0,0;999.999.999,0;gói;;1,0;;;0,0;1;1;0,0
PVN7167-1;PVN7168;Cháo sườn heo Vifon gói 70g;Vifon;76.000,0;72.670,00;0,30;;;0,0;99.999.999,90;lóc;PVN7167;10,0;;PVN7167;0,0;1;1;0,0
PVN7167-2;PVN7169;Cháo sườn heo Vifon gói 70g;Vifon;368.000,0;363.350,00;0,060;;;0,0;19.999.999,980;thùng;PVN7167;50,0;;PVN7167;0,0;1;1;0,0
PVN8469;8935311103107;Mì Kim Chi Vifon ly 60g;Vifon;8.000,0;6.242,00;0,0;;;0,0;999.999.999,0;ly;;1,0;;;0,0;1;1;0,0
PVN8469-1;PVN8470;Mì Kim Chi Vifon ly 60g;Vifon;156.000,0;149.808,00;0,0;;;0,0;41.666.666,625;thùng;PVN8469;24,0;;PVN8469;0,0;1;1;0,0
PVN8469-2;PVN8471;Mì Kim Chi Vifon ly 60g;Vifon;72.000,0;62.420,00;0,0;;;0,0;99.999.999,90;chục;PVN8469;10,0;;PVN8469;0,0;1;1;0,0
PVN8879;8935311110648;Cháo thịt bò Vifon gói 70g;Vifon;8.000,0;7.219,00;26,0;;;0,0;999.999.999,0;gói;;1,0;;;0,0;1;1;0,0
PVN8879-1;PVN8880;Cháo thịt bò Vifon gói 70g;Vifon;76.000,0;72.190,00;2,60;;;0,0;99.999.999,90;lóc;PVN8879;10,0;;PVN8879;0,0;1;1;0,0
PVN8879-2;PVN8881;Cháo thịt bò Vifon gói 70g;Vifon;368.000,0;360.950,00;0,520;;;0,0;19.999.999,980;thùng;PVN8879;50,0;;PVN8879;0,0;1;1;0,0
PVN9536;8935311110020;Cháo yến vị thịt bầm Vifon bịch 50g;Vifon;8.500,0;7.600,00;40,0;;;0,0;999.999.999,0;bịch;;1,0;;;0,0;1;1;0,0
PVN9536-1;PVN9537;Cháo yến vị thịt bầm Vifon bịch 50g;Vifon;82.000,0;76.000,00;4,0;;;0,0;99.999.999,90;10 gói;PVN9536;10,0;;PVN9536;0,0;1;1;0,0
PVN9536-2;PVN9538;Cháo yến vị thịt bầm Vifon bịch 50g;Vifon;236.000,0;228.000,00;1,333;;;0,0;33.333.333,30;thùng;PVN9536;30,0;;PVN9536;0,0;1;1;0,0
PVN1568;8935001212522;Nước yến đỏ Wonderfarm lon 240ml;Wonderfarm;7.000,0;5.167,00;30,0;;;0,0;999.999.999,0;lon;;1,0;;;0,0;1;1;0,0
PVN1568-1;PVN1569;Nước yến đỏ Wonderfarm lon 240ml;Wonderfarm;38.000,0;31.002,00;5,0;;;0,0;166.666.666,50;lóc;PVN1568;6,0;;PVN1568;0,0;1;1;0,0
PVN1568-2;PVN5853;Nước yến đỏ Wonderfarm lon 240ml;Wonderfarm;160.000,0;124.008,00;1,250;;;0,0;41.666.666,625;thùng;PVN1568;24,0;;PVN1568;0,0;1;1;0,0
PVN1577;8935001219613;Hộp quà yến sào Khánh Hòa Wonderfarm;Wonderfarm;70.000,0;46.000,00;0,0;;;0,0;999.999.999,0;hộp;;1,0;;;0,0;1;1;0,0
PVN1577-1;PVN5988;Hộp quà yến sào Khánh Hòa Wonderfarm;Wonderfarm;275.000,0;230.000,00;0,0;;;0,0;199.999.999,80;thùng;PVN1577;5,0;;PVN1577;0,0;1;1;0,0
PVN1571;8935001214236;Trà bí đao Wonderfarm lon 310ml;Wonderfarm;8.500,0;6.125,00;48,0;;;0,0;999.999.999,0;lon;;1,0;;;0,0;1;1;0,0
PVN1572-1;PVN1572-1;Trà bí đao Wonderfarm lon 310ml;Wonderfarm;42.000,0;36.750,00;8,0;;;0,0;166.666.666,50;lóc;PVN1571;6,0;;PVN1571;0,0;1;1;0,0
PVN1572-2;PVN1572-2;Trà bí đao Wonderfarm lon 310ml;Wonderfarm;154.000,0;147.000,00;2,0;;;0,0;41.666.666,625;thùng;PVN1571;24,0;;PVN1571;0,0;1;1;0,0
PVN1605;8935001282365;Trà bí đao chai 280ml;Wonderfarm;7.000,0;5.209,00;45,0;;;0,0;999.999.999,0;chai;;1,0;;;0,0;1;1;0,0
PVN1605-1;PVN1607;Trà bí đao chai 280ml;Wonderfarm;36.000,0;31.254,00;7,50;;;0,0;166.666.666,50;lóc;PVN1605;6,0;;PVN1605;0,0;1;1;0,0
PVN1605-2;PVN1608;Trà bí đao chai 280ml;Wonderfarm;130.000,0;125.016,00;1,875;;;0,0;41.666.666,625;thùng;PVN1605;24,0;;PVN1605;0,0;1;1;0,0
PVN6890;8935001282655;Trá bí đao Wonderfarm chai 440ml;Wonderfarm;9.000,0;6.458,00;79,20;;;0,0;999.999.999,0;chai;;1,0;;;0,0;1;1;0,0
PVN6890-1;PVN6891;Trá bí đao Wonderfarm chai 440ml;Wonderfarm;46.000,0;38.748,00;13,20;;;0,0;166.666.666,50;lóc;PVN6890;6,0;;PVN6890;0,0;1;1;0,0
PVN6890-2;PVN6892;Trá bí đao Wonderfarm chai 440ml;Wonderfarm;162.000,0;154.992,00;3,30;;;0,0;41.666.666,625;thùng;PVN6890;24,0;;PVN6890;0,0;1;1;0,0
PVN1492;8935001282266;Nước trái cây Latte vị trà sữa chai 440ml;Wonderfarm;9.000,0;7.500,00;17,0;;;0,0;999.999.999,0;chai;;1,0;;;0,0;1;1;0,0
PVN1492-1;PVN4941;Nước trái cây Latte vị trà sữa chai 440ml;Wonderfarm;48.000,0;45.000,00;2,833;;;0,0;166.666.666,50;lóc;PVN1492;6,0;;PVN1492;0,0;1;1;0,0
PVN1492-2;PVN4942;Nước trái cây Latte vị trà sữa chai 440ml;Wonderfarm;180.000,0;180.000,00;0,708;;;0,0;41.666.666,625;thùng;PVN1492;24,0;;PVN1492;0,0;1;1;0,0
PVN1596;8935001282297;Nước trái cây Latte vị Dâu chai 440ml;Wonderfarm;9.000,0;7.500,00;51,0;;;0,0;999.999.999,0;chai;;1,0;;;0,0;1;1;0,0
PVN1596-1;PVN1597;Nước trái cây Latte vị Dâu chai 440ml;Wonderfarm;48.000,0;45.000,00;8,50;;;0,0;166.666.666,50;lóc;PVN1596;6,0;;PVN1596;0,0;1;1;0,0
PVN1596-2;PVN1598;Nước trái cây Latte vị Dâu chai 440ml;Wonderfarm;180.000,0;180.000,00;2,125;;;0,0;41.666.666,625;thùng;PVN1596;24,0;;PVN1596;0,0;1;1;0,0
PVN1599;8935001282280;Nước trái cây Latte vị Đào chai 440ml;Wonderfarm;9.000,0;7.292,00;60,0;;;0,0;999.999.999,0;chai;;1,0;;;0,0;1;1;0,0
PVN1599-1;PVN1600;Nước trái cây Latte vị Đào chai 440ml;Wonderfarm;48.000,0;43.752,00;10,0;;;0,0;166.666.666,50;lóc;PVN1599;6,0;;PVN1599;0,0;1;1;0,0
PVN1599-2;PVN1601;Nước trái cây Latte vị Đào chai 440ml;Wonderfarm;180.000,0;175.008,00;2,50;;;0,0;41.666.666,625;thùng;PVN1599;24,0;;PVN1599;0,0;1;1;0,0
PVN8318;8935001282686;Nước trái cây Latte vị socola sữa chai 440ml;Wonderfarm;9.000,0;7.292,00;46,0;;;0,0;999.999.999,0;chai;;1,0;;;0,0;1;1;0,0
PVN8318-1;PVN8318;Nước trái cây Latte vị socola sữa chai 440ml;Wonderfarm;48.000,0;43.752,00;7,667;;;0,0;166.666.666,50;lóc;PVN8318;6,0;;PVN8318;0,0;1;1;0,0
PVN8318-2;PVN8319;Nước trái cây Latte vị socola sữa chai 440ml;Wonderfarm;180.000,0;175.008,00;1,917;;;0,0;41.666.666,625;thùng;PVN8318;24,0;;PVN8318;0,0;1;1;0,0
PVN2175;8934587902407;Mì colusa gói 80g;Colusa;3.500,0;3.300,00;226,0;;;0,0;999.999.999,0;gói;;1,0;;;0,0;1;1;0,0
PVN2175-1;PVN2176;Mì colusa gói 80g;Colusa;326.000,0;330.000,00;2,260;;;0,0;9.999.999,990;thùng;PVN2175;100,0;;PVN2175;0,0;1;1;0,0
PVN2175-2;PVN2237;Mì colusa gói 80g;Colusa;34.000,0;33.000,00;22,60;;;0,0;99.999.999,90;lóc;PVN2175;10,0;;PVN2175;0,0;1;1;0,0
PVN2531;8934587922009;Mì chay Colusa bông sen gói 80g;Colusa;5.000,0;3.867,00;85,0;;;0,0;999.999.999,0;gói;;1,0;;;0,0;1;1;0,0
PVN2531-1;PVN3187;Mì chay Colusa bông sen gói 80g;Colusa;45.000,0;38.670,00;8,50;;;0,0;99.999.999,90;lóc;PVN2531;10,0;;PVN2531;0,0;1;1;0,0
PVN2531-2;PVN3188;Mì chay Colusa bông sen gói 80g;Colusa;122.000,0;116.010,00;2,833;;;0,0;33.333.333,30;thùng;PVN2531;30,0;;PVN2531;0,0;1;1;0,0
PVN2532;8934587992354;Mì tôm Colusa gói 75g;Colusa;5.000,0;3.742,00;186,0;;;0,0;999.999.999,0;gói;;1,0;;;0,0;1;1;0,0
PVN2532-1;PVN2533;Mì tôm Colusa gói 75g;Colusa;118.000,0;112.260,00;6,20;;;0,0;33.333.333,30;thùng;PVN2532;30,0;;PVN2532;0,0;1;1;0,0
PVN2532-2;PVN4872;Mì tôm Colusa gói 75g;Colusa;45.000,0;37.420,00;18,60;;;0,0;99.999.999,90;chục;PVN2532;10,0;;PVN2532;0,0;1;1;0,0
PVN1774;8936221044184;Mì Kokomi 90 tôm chua cay gói 90g;Kokomi;4.500,0;3.867,00;100,0;;;0,0;999.999.999,0;gói;;1,0;;;0,0;1;1;0,0
PVN1774-1;PVN1778;Mì Kokomi 90 tôm chua cay gói 90g;Kokomi;115.000,0;116.010,00;3,333;;;0,0;33.333.333,30;thùng;PVN1774;30,0;;PVN1774;0,0;1;1;0,0
PVN1774-2;PVN6426;Mì Kokomi 90 tôm chua cay gói 90g;Kokomi;42.000,0;38.670,00;10,0;;;0,0;99.999.999,90;lóc;PVN1774;10,0;;PVN1774;0,0;1;1;0,0
PVN3035;8936221044160;Mì Kokomi vị tôm chua cay gói 65g;Kokomi;3.000,0;2.587,00;78,0;;;0,0;999.999.999,0;gói;;1,0;;;0,0;1;1;0,0
PVN3035-1;PVN3036;Mì Kokomi vị tôm chua cay gói 65g;Kokomi;27.000,0;25.870,00;7,80;;;0,0;99.999.999,90;lóc;PVN3035;10,0;;PVN3035;0,0;1;1;0,0
PVN3035-2;PVN3037;Mì Kokomi vị tôm chua cay gói 65g;Kokomi;80.000,0;77.610,00;2,60;;;0,0;33.333.333,30;thùng;PVN3035;30,0;;PVN3035;0,0;1;1;0,0
PVN8128;8936221044252;Mì Kokomi Pro vị tôm cay sa tế gói 75g;Kokomi;4.500,0;3.667,00;9,0;;;0,0;999.999.999,0;gói;;1,0;;;0,0;1;1;0,0
PVN8128-1;PVN8129;Mì Kokomi Pro vị tôm cay sa tế gói 75g;Kokomi;42.000,0;36.670,00;0,90;;;0,0;99.999.999,90;10 gói;PVN8128;10,0;;PVN8128;0,0;1;1;0,0
PVN8128-2;PVN8130;Mì Kokomi Pro vị tôm cay sa tế gói 75g;Kokomi;115.000,0;110.010,00;0,30;;;0,0;33.333.333,30;thùng;PVN8128;30,0;;PVN8128;0,0;1;1;0,0
PVN9347;8936236470374;Mì Kokomi Pro hương vị tôm chua cay chanh ớt gói 75g;Kokomi;4.500,0;3.600,00;51,0;;;0,0;999.999.999,0;gói;;1,0;;;0,0;1;1;0,0
PVN9347-1;PVN9348;Mì Kokomi Pro hương vị tôm chua cay chanh ớt gói 75g;Kokomi;105.000,0;108.000,00;1,70;;;0,0;33.333.333,30;thùng;PVN9347;30,0;;PVN9347;0,0;1;1;0,0
PVN9347-2;PVN9539;Mì Kokomi Pro hương vị tôm chua cay chanh ớt gói 75g;Kokomi;42.000,0;36.000,00;5,10;;;0,0;99.999.999,90;10 gói;PVN9347;10,0;;PVN9347;0,0;1;1;0,0
PVN1780;8936221041756;Mì khoai tây Omachi vị bò hầm gói 80g;Omachi;8.000,0;7.334,00;68,0;;;0,0;999.999.999,0;gói;;1,0;;;0,0;1;1;0,0
PVN1780-1;PVN1787;Mì khoai tây Omachi vị bò hầm gói 80g;Omachi;212.000,0;220.020,00;2,267;;;0,0;33.333.333,30;thùng;PVN1780;30,0;;PVN1780;0,0;1;1;0,0
PVN1780-2;PVN4661;Mì khoai tây Omachi vị bò hầm gói 80g;Omachi;76.000,0;73.340,00;6,80;;;0,0;99.999.999,90;chục;PVN1780;10,0;;PVN1780;0,0;1;1;0,0
PVN1992;8936221048557;Mì Omachi xốt bò hầm ly 113g (Có xx);Omachi;16.000,0;14.458,00;22,0;;;0,0;999.999.999,0;hộp;;1,0;;;0,0;1;1;0,0
PVN1992-1;PVN5044;Mì Omachi xốt bò hầm ly 113g (Có xx);Omachi;358.000,0;346.992,00;0,917;;;0,0;41.666.666,625;thùng;PVN1992;24,0;;PVN1992;0,0;1;1;0,0
PVN1992-2;PVN9062;Mì Omachi xốt bò hầm ly 113g (Có xx);Omachi;152.000,0;144.580,00;2,20;;;0,0;99.999.999,90;10 ly;PVN1992;10,0;;PVN1992;0,0;1;1;0,0
PVN2139;8936136164397;Mì trộn Omachi xốt Spaghetti gói 91g;Omachi;9.000,0;7.278,00;36,0;;;0,0;999.999.999,0;gói;;1,0;;;0,0;1;1;0,0
PVN2139-1;PVN2556;Mì trộn Omachi xốt Spaghetti gói 91g;Omachi;230.000,0;218.340,00;1,20;;;0,0;33.333.333,30;thùng;PVN2139;30,0;;PVN2139;0,0;1;1;0,0
PVN2139-2;PVN4660;Mì trộn Omachi xốt Spaghetti gói 91g;Omachi;85.000,0;72.780,00;3,60;;;0,0;99.999.999,90;chục;PVN2139;10,0;;PVN2139;0,0;1;1;0,0
PVN3437;8936221048595;Mì Omachi tôm chua cay ly 113g (Có xx);Omachi;16.000,0;14.458,00;29,0;;;0,0;999.999.999,0;ly;;1,0;;;0,0;1;1;0,0
PVN3437-1;PVN5046;Mì Omachi tôm chua cay ly 113g (Có xx);Omachi;358.000,0;346.992,00;1,208;;;0,0;41.666.666,625;thùng;PVN3437;24,0;;PVN3437;0,0;1;1;0,0
PVN3438;8936221048571;Mì Omachi Sườn hẩm ngũ quả ly 113g (Có xx);Omachi;16.000,0;14.458,00;23,0;;;0,0;999.999.999,0;ly;;1,0;;;0,0;1;1;0,0
PVN3438-1;PVN5257;Mì Omachi Sườn hẩm ngũ quả ly 113g (Có xx);Omachi;358.000,0;346.992,00;0,958;;;0,0;41.666.666,625;thùng;PVN3438;24,0;;PVN3438;0,0;1;1;0,0
PVN3438-2;PVN9061;Mì Omachi Sườn hẩm ngũ quả ly 113g (Có xx);Omachi;152.000,0;144.580,00;2,30;;;0,0;99.999.999,90;10 ly;PVN3438;10,0;;PVN3438;0,0;1;1;0,0
PVN7455;8936221042470;Mì trộn Omachi thịt xiên nướng hộp 95g;Omachi;16.000,0;12.064,00;0,0;;;0,0;999.999.999,0;hộp;;1,0;;;0,0;1;1;0,0
PVN7455-1;PVN7593;Mì trộn Omachi thịt xiên nướng hộp 95g;Omachi;155.000,0;144.768,00;0,0;;;0,0;83.333.333,250;thùng;PVN7455;12,0;;PVN7455;0,0;1;1;0,0
PVN7456;8936136164403;Mì trộn Omachi xốt Spaghetti hộp 105g;Omachi;16.000,0;12.500,00;16,0;;;0,0;999.999.999,0;hộp;;1,0;;;0,0;1;1;0,0
PVN7456-1;PVN7457;Mì trộn Omachi xốt Spaghetti hộp 105g;Omachi;155.000,0;150.000,00;1,333;;;0,0;83.333.333,250;thùng;PVN7456;12,0;;PVN7456;0,0;1;1;0,0
PVN8283;8936221041763;Mì Omachi hương vị lẩu tôm càng xanh gói 80g;Omachi;8.000,0;7.000,00;58,0;;;0,0;999.999.999,0;gói;;1,0;;;0,0;1;1;0,0
PVN8283-1;PVN8284;Mì Omachi hương vị lẩu tôm càng xanh gói 80g;Omachi;218.000,0;210.000,00;1,933;;;0,0;33.333.333,30;thùng;PVN8283;30,0;;PVN8283;0,0;1;1;0,0
PVN8283-2;PVN8285;Mì Omachi hương vị lẩu tôm càng xanh gói 80g;Omachi;76.000,0;70.000,00;5,80;;;0,0;99.999.999,90;10 gói;PVN8283;10,0;;PVN8283;0,0;1;1;0,0
PVN8286;8936221041749;Mì khoai tây Omachi vị Sườn hầm ngủ quả gói 80g;Omachi;8.000,0;7.000,00;178,0;;;0,0;999.999.999,0;gói;;1,0;;;0,0;1;1;0,0
PVN8286-1;PVN8287;Mì khoai tây Omachi vị Sườn hầm ngủ quả gói 80g;Omachi;76.000,0;70.000,00;17,80;;;0,0;99.999.999,90;10 gói;PVN8286;10,0;;PVN8286;0,0;1;1;0,0
PVN8286-2;PVN8288;Mì khoai tây Omachi vị Sườn hầm ngủ quả gói 80g;Omachi;216.000,0;210.000,00;5,933;;;0,0;33.333.333,30;thùng;PVN8286;30,0;;PVN8286;0,0;1;1;0,0
PVN8906;8936221043880;Mì omachi trộn tôm phô mai trứng muối gói 92g;Omachi;9.000,0;7.367,00;0,0;;;0,0;999.999.999,0;gói;;1,0;;;0,0;1;1;0,0
PVN8906-1;PVN8914;Mì omachi trộn tôm phô mai trứng muối gói 92g;Omachi;85.000,0;73.670,00;0,0;;;0,0;99.999.999,90;lóc;PVN8906;10,0;;PVN8906;0,0;1;1;0,0
PVN8906-2;PVN8915;Mì omachi trộn tôm phô mai trứng muối gói 92g;Omachi;225.000,0;221.010,00;0,0;;;0,0;33.333.333,30;thùng;PVN8906;30,0;;PVN8906;0,0;1;1;0,0
PVN9366;8936236470497;Mì Omachi cua xốt ớt Singapore gói 126g;Omachi;13.000,0;11.250,00;19,0;;;0,0;999.999.999,0;gói;;1,0;;;0,0;1;1;0,0
PVN9366-1;PVN9367;Mì Omachi cua xốt ớt Singapore gói 126g;Omachi;278.000,0;270.000,00;0,792;;;0,0;41.666.666,625;thùng;PVN9366;24,0;;PVN9366;0,0;1;1;0,0
PVN9455;8936236470732;Mì Omachi trộn cua xốt ớt Singapore cực cay tô 96g;Omachi;15.000,0;12.500,00;10,0;;;0,0;999.999.999,0;tô;;1,0;;;0,0;1;1;0,0
PVN9455-1;PVN9457;Mì Omachi trộn cua xốt ớt Singapore cực cay tô 96g;Omachi;165.000,0;150.000,00;0,833;;;0,0;83.333.333,250;thùng;PVN9455;12,0;;PVN9455;0,0;1;1;0,0
PVN3052;8934679452407;Cháo gấu đỏ thịt bằm 50g;Gấu đỏ;3.500,0;2.827,00;219,0;;;0,0;999.999.999,0;gói;;1,0;;;0,0;1;1;0,0
PVN3052-1;PVN3053;Cháo gấu đỏ thịt bằm 50g;Gấu đỏ;32.000,0;28.270,00;21,90;;;0,0;99.999.999,90;lóc;PVN3052;10,0;;PVN3052;0,0;1;1;0,0
PVN3052-2;PVN3054;Cháo gấu đỏ thịt bằm 50g;Gấu đỏ;144.000,0;84.810,00;7,30;;;0,0;33.333.333,30;thùng;PVN3052;30,0;;PVN3052;0,0;1;1;0,0
PVN3136;8934679840327;Mì gấu đỏ hương gà sợi phở gói 63g;Gấu đỏ;3.000,0;2.389,00;467,20;;;0,0;999.999.999,0;gói;;1,0;;;0,0;1;1;0,0
PVN3136-1;PVN3137;Mì gấu đỏ hương gà sợi phở gói 63g;Gấu đỏ;27.000,0;23.890,00;46,720;;;0,0;99.999.999,90;lóc;PVN3136;10,0;;PVN3136;0,0;1;1;0,0
PVN3136-2;PVN3138;Mì gấu đỏ hương gà sợi phở gói 63g;Gấu đỏ;75.000,0;71.670,00;15,573;;;0,0;33.333.333,30;thùng;PVN3136;30,0;;PVN3136;0,0;1;1;0,0
PVN3255;8934679942427;Mì Gấu đỏ thịt bằm gói 63g;Gấu đỏ;3.000,0;2.875,00;490,50;;;0,0;999.999.999,0;gói;;1,0;;;0,0;1;1;0,0
PVN3255-1;PVN3256;Mì Gấu đỏ thịt bằm gói 63g;Gấu đỏ;27.000,0;28.750,00;49,050;;;0,0;99.999.999,90;lóc;PVN3255;10,0;;PVN3255;0,0;1;1;0,0
PVN3255-2;PVN3319;Mì Gấu đỏ thịt bằm gói 63g;Gấu đỏ;75.000,0;86.250,00;16,350;;;0,0;33.333.333,30;Thùng;PVN3255;30,0;;PVN3255;0,0;1;1;0,0
PVN6471;8934679451400;Cháo tổ yến Gấu đỏ gói 50g;Gấu đỏ;7.000,0;5.914,00;27,0;;;0,0;999.999.999,0;gói;;1,0;;;0,0;1;1;0,0
PVN6471-1;PVN6472;Cháo tổ yến Gấu đỏ gói 50g;Gấu đỏ;66.000,0;59.140,00;2,70;;;0,0;99.999.999,90;lóc;PVN6471;10,0;;PVN6471;0,0;1;1;0,0
PVN6471-2;PVN6473;Cháo tổ yến Gấu đỏ gói 50g;Gấu đỏ;185.000,0;177.420,00;0,90;;;0,0;33.333.333,30;thùng;PVN6471;30,0;;PVN6471;0,0;1;1;0,0
PVN6858;8934679941826;Mì gấu đỏ hương vị tôm chua cay gói 63g;Gấu đỏ;3.000,0;2.417,00;77,0;;;0,0;999.999.999,0;gói;;1,0;;;0,0;1;1;0,0
PVN6858-1;PVN6859;Mì gấu đỏ hương vị tôm chua cay gói 63g;Gấu đỏ;27.000,0;24.170,00;7,70;;;0,0;99.999.999,90;lóc;PVN6858;10,0;;PVN6858;0,0;1;1;0,0
PVN6858-2;PVN6860;Mì gấu đỏ hương vị tôm chua cay gói 63g;Gấu đỏ;75.000,0;72.510,00;2,567;;;0,0;33.333.333,30;thùng;PVN6858;30,0;;PVN6858;0,0;1;1;0,0
PVN7929;8934679940522;Mì gấu đỏ chay rau nấm gói 62g;Gấu đỏ;3.000,0;2.371,00;94,0;;;0,0;999.999.999,0;gói;;1,0;;;0,0;1;1;0,0
PVN7929-1;PVN7930;Mì gấu đỏ chay rau nấm gói 62g;Gấu đỏ;27.000,0;23.710,00;9,40;;;0,0;99.999.999,90;lóc;PVN7929;10,0;;PVN7929;0,0;1;1;0,0
PVN7929-2;PVN7931;Mì gấu đỏ chay rau nấm gói 62g;Gấu đỏ;75.000,0;71.130,00;3,133;;;0,0;33.333.333,30;thùng;PVN7929;30,0;;PVN7929;0,0;1;1;0,0
PVN8230;8934679641627;Phở bò Gấu đỏ gói 65g;Gấu đỏ;7.000,0;6.067,00;18,0;;;0,0;999.999.999,0;gói;;1,0;;;0,0;1;1;0,0
PVN8230-1;PVN8231;Phở bò Gấu đỏ gói 65g;Gấu đỏ;188.000,0;182.010,00;0,60;;;0,0;33.333.333,30;thùng;PVN8230;30,0;;PVN8230;0,0;1;1;0,0
PVN8230-2;PVN8232;Phở bò Gấu đỏ gói 65g;Gấu đỏ;66.000,0;60.670,00;1,80;;;0,0;99.999.999,90;10 gói;PVN8230;10,0;;PVN8230;0,0;1;1;0,0
PVN1995;8934563215132;Phở đệ nhất vị bò gói 68g;Hảo hảo;8.000,0;6.900,00;95,0;;;0,0;999.999.999,0;gói;;1,0;;;0,0;1;1;0,0
PVN1995-1;PVN1996;Phở đệ nhất vị bò gói 68g;Hảo hảo;214.000,0;207.000,00;3,167;;;0,0;33.333.333,30;thùng;PVN1995;30,0;;PVN1995;0,0;1;1;0,0
PVN1995-2;PVN6239;Phở đệ nhất vị bò gói 68g;Hảo hảo;76.000,0;69.000,00;9,50;;;0,0;99.999.999,90;lóc;PVN1995;10,0;;PVN1995;0,0;1;1;0,0
PVN8349;8934563680114;Mì ly mini Doraemon hương vị hải sản chua ngọt ly 53g;Hảo hảo;11.000,0;9.500,00;32,0;;;0,0;999.999.999,0;ly;;1,0;;;0,0;1;1;0,0
PVN8349-1;PVN8350;Mì ly mini Doraemon hương vị hải sản chua ngọt ly 53g;Hảo hảo;120.000,0;114.000,00;2,667;;;0,0;83.333.333,250;thùng;PVN8349;12,0;;PVN8349;0,0;1;1;0,0
PVN8351;8934563679101;Mì ly mini Doraemon hương vị hào sữa phô mai ly 53g;Hảo hảo;11.000,0;9.500,00;19,0;;;0,0;999.999.999,0;ly;;1,0;;;0,0;1;1;0,0
PVN8351-1;PVN8352;Mì ly mini Doraemon hương vị hào sữa phô mai ly 53g;Hảo hảo;120.000,0;114.000,00;1,583;;;0,0;83.333.333,250;thùng;PVN8351;12,0;;PVN8351;0,0;1;1;0,0
PVN5665;8934563455149;Hủ tiếu Nam Vang Nhịp Sống gói 70g;Hảo hảo;9.000,0;8.166,00;86,0;;;0,0;999.999.999,0;gói;;1,0;;;0,0;1;1;0,0
PVN5665-1;PVN5665;Hủ tiếu Nam Vang Nhịp Sống gói 70g;Hảo hảo;85.000,0;81.660,00;8,60;;;0,0;99.999.999,90;lóc;PVN5665;10,0;;PVN5665;0,0;1;1;0,0
PVN5665-2;PVN7498;Hủ tiếu Nam Vang Nhịp Sống gói 70g;Hảo hảo;245.000,0;244.980,00;2,867;;;0,0;33.333.333,30;thùng;PVN5665;30,0;;PVN5665;0,0;1;1;0,0
PVN4751;8934563458140;Hủ tiếu Nhịp Sống vị Sườn heo 70g;Hảo hảo;9.000,0;8.000,00;38,0;;;0,0;999.999.999,0;gói;;1,0;;;0,0;1;1;0,0
SP000030;;Hủ tiếu Nhịp Sống vị Sườn heo 70g;Hảo hảo;85.000,0;80.000,00;3,80;;;0,0;99.999.999,90;Lóc;PVN4751;10,0;;PVN4751;0,0;1;1;0,0
SP000031;;Hủ tiếu Nhịp Sống vị Sườn heo 70g;Hảo hảo;248.000,0;240.000,00;1,267;;;0,0;33.333.333,30;Thùng;PVN4751;30,0;;PVN4751;0,0;1;1;0,0
PVN5751;8934563472139;Hủ tiếu nam vang Nhịp Sống chay gói 66g;Hảo hảo;9.000,0;8.000,00;127,0;;;0,0;999.999.999,0;gói;;1,0;;;0,0;1;1;0,0
PVN5751-1;PVN5752;Hủ tiếu nam vang Nhịp Sống chay gói 66g;Hảo hảo;85.000,0;80.000,00;12,70;;;0,0;99.999.999,90;lóc;PVN5751;10,0;;PVN5751;0,0;1;1;0,0
PVN5751-2;PVN7497;Hủ tiếu nam vang Nhịp Sống chay gói 66g;Hảo hảo;245.000,0;240.000,00;4,233;;;0,0;33.333.333,30;thùng;PVN5751;30,0;;PVN5751;0,0;1;1;0,0
PVN6240;8934563461140;Hủ tiếu bò kho Nhịp sống gói 70g;Hảo hảo;9.000,0;8.134,00;84,0;;;0,0;999.999.999,0;gói;;1,0;;;0,0;1;1;0,0
PVN6240-1;PVN6241;Hủ tiếu bò kho Nhịp sống gói 70g;Hảo hảo;86.000,0;81.340,00;8,40;;;0,0;99.999.999,90;lóc;PVN6240;10,0;;PVN6240;0,0;1;1;0,0
PVN6240-2;PVN6242;Hủ tiếu bò kho Nhịp sống gói 70g;Hảo hảo;246.000,0;244.020,00;2,80;;;0,0;33.333.333,30;thùng;PVN6240;30,0;;PVN6240;0,0;1;1;0,0
sm-66-55814;8934988030020;Dầu Cái Lân chai 1L;Cái Lân;38.000,0;35.250,00;50,0;;;0,0;999.999.999,0;chai;;1,0;;;0,0;1;1;0,0
sm-66-55814-1;PVN6065;Dầu Cái Lân chai 1L;Cái Lân;450.000,0;423.000,00;4,167;;;0,0;83.333.333,250;thùng;sm-66-55814;12,0;;sm-66-55814;0,0;1;1;0,0
PVN1169;8934988030044;Dầu cái lân can 5L;Cái Lân;182.000,0;175.000,00;9,0;;;0,0;999.999.999,0;chai;;1,0;;;0,0;1;1;0,0
PVN1169-1;PVN5364;Dầu cái lân can 5L;Cái Lân;728.000,0;700.000,00;2,250;;;0,0;249.999.999,750;thùng;PVN1169;4,0;;PVN1169;0,0;1;1;0,0
PVN1207;8934988030037;Dầu Cái Lân chai 2L;Cái Lân;78.000,0;71.834,00;37,0;;;0,0;999.999.999,0;chai;;1,0;;;0,0;1;1;0,0
PVN1207-1;PVN5909;Dầu Cái Lân chai 2L;Cái Lân;468.000,0;862.008,00;3,083;;;0,0;83.333.333,250;thùng;PVN1207;12,0;;PVN1207;0,0;1;1;0,0
PVN3429;8934988030013;Dầu ăn Cái lân chai 400ml;Cái Lân;15.000,0;13.917,00;0,0;;;0,0;999.999.999,0;chai;;1,0;;;0,0;1;1;0,0
PVN3429-1;PVN6610;Dầu ăn Cái lân chai 400ml;Cái Lân;339.000,0;334.008,00;0,0;;;0,0;41.666.666,625;thùng;PVN3429;24,0;;PVN3429;0,0;1;1;0,0
PVN5172;8934563973155;Bún giò heo Hằng Nga;Hảo hảo;9.000,0;8.000,00;23,0;;;0,0;999.999.999,0;gói;;1,0;;;0,0;1;1;0,0
PVN5172-1;PVN5433;Bún giò heo Hằng Nga;Hảo hảo;86.000,0;80.000,00;2,30;;;0,0;99.999.999,90;lóc;PVN5172;10,0;;PVN5172;0,0;1;1;0,0
PVN5172-2;PVN5543;Bún giò heo Hằng Nga;Hảo hảo;250.000,0;192.000,00;0,958;;;0,0;41.666.666,625;thùng;PVN5172;24,0;;PVN5172;0,0;1;1;0,0
PVN5173;8934563975159;Bún mắm Hằng Nga;Hảo hảo;9.000,0;8.000,00;17,0;;;0,0;999.999.999,0;gói;;1,0;;;0,0;1;1;0,0
PVN5173-1;PVN5432;Bún mắm Hằng Nga;Hảo hảo;86.000,0;80.000,00;1,70;;;0,0;99.999.999,90;lóc;PVN5173;10,0;;PVN5173;0,0;1;1;0,0
PVN5173-2;PVN5542;Bún mắm Hằng Nga;Hảo hảo;243.000,0;192.000,00;0,708;;;0,0;41.666.666,625;thùng;PVN5173;24,0;;PVN5173;0,0;1;1;0,0
PVN1174;8934563304157;Miến Phú Hương vị Lẩu thái tôm 63g;Hảo hảo;11.000,0;9.834,00;30,0;;;0,0;999.999.999,0;gói;;1,0;;;0,0;1;1;0,0
PVN1174-1;PVN4756;Miến Phú Hương vị Lẩu thái tôm 63g;Hảo hảo;242.000,0;236.016,00;1,250;;;0,0;41.666.666,625;thùng;PVN1174;24,0;;PVN1174;0,0;1;1;0,0
PVN1174-2;PVN4870;Miến Phú Hương vị Lẩu thái tôm 63g;Hảo hảo;105.000,0;98.340,00;3,0;;;0,0;99.999.999,90;chục;PVN1174;10,0;;PVN1174;0,0;1;1;0,0
PVN1175;8934563301156;Miến Phú hương vị Sườn heo gói 63g;Hảo hảo;11.000,0;9.834,00;37,0;;;0,0;999.999.999,0;gói;;1,0;;;0,0;1;1;0,0
PVN1175-1;PVN7393;Miến Phú hương vị Sườn heo gói 63g;Hảo hảo;242.000,0;236.016,00;1,542;;;0,0;41.666.666,625;thùng;PVN1175;24,0;;PVN1175;0,0;1;1;0,0
PVN1175-2;;Miến Phú hương vị Sườn heo gói 63g;Hảo hảo;105.000,0;98.340,00;3,70;;;0,0;99.999.999,90;lóc;PVN1175;10,0;;PVN1175;0,0;1;1;0,0
PVN1176;8934563303150;Miến Phú Hương vị Thịt bầm 63g;Hảo hảo;11.000,0;9.834,00;51,0;;;0,0;999.999.999,0;gói;;1,0;;;0,0;1;1;0,0
PVN1176-1;PVN4869;Miến Phú Hương vị Thịt bầm 63g;Hảo hảo;105.000,0;98.340,00;5,10;;;0,0;99.999.999,90;lóc;PVN1176;10,0;;PVN1176;0,0;1;1;0,0
PVN1176-2;PVN5956;Miến Phú Hương vị Thịt bầm 63g;Hảo hảo;242.000,0;236.016,00;2,125;;;0,0;41.666.666,625;thùng;PVN1176;24,0;;PVN1176;0,0;1;1;0,0
PVN1510;8934563102166;Mì lẩu thái hương vị Tôm 81g;Hảo hảo;8.000,0;7.034,00;122,0;;;0,0;999.999.999,0;gói;;1,0;;;0,0;1;1;0,0
PVN1510-1;PVN1511;Mì lẩu thái hương vị Tôm 81g;Hảo hảo;212.000,0;211.020,00;4,067;;;0,0;33.333.333,30;thùng;PVN1510;30,0;;PVN1510;0,0;1;1;0,0
PVN1510-2;PVN5491;Mì lẩu thái hương vị Tôm 81g;Hảo hảo;75.000,0;70.340,00;12,20;;;0,0;99.999.999,90;lóc;PVN1510;10,0;;PVN1510;0,0;1;1;0,0
PVN1966;8934563104160;Mì hoành thánh vị Tôm gói 76g;Hảo hảo;8.000,0;7.034,00;98,0;;;0,0;999.999.999,0;gói;;1,0;;;0,0;1;1;0,0
PVN1966-1;PVN1967;Mì hoành thánh vị Tôm gói 76g;Hảo hảo;212.000,0;211.020,00;3,267;;;0,0;33.333.333,30;thùng;PVN1966;30,0;;PVN1966;0,0;1;1;0,0
PVN1966-2;PVN4740;Mì hoành thánh vị Tôm gói 76g;Hảo hảo;76.000,0;70.340,00;9,80;;;0,0;99.999.999,90;lóc;PVN1966;10,0;;PVN1966;0,0;1;1;0,0
sm-49-21773;8934563165161;Mì Đệ Nhất thịt bằm gói 83g;Hảo hảo;8.000,0;6.900,00;203,0;;;0,0;999.999.999,0;gói;;1,0;;;0,0;1;1;0,0
sm-49-21773-1;PVN1172;Mì Đệ Nhất thịt bằm gói 83g;Hảo hảo;212.000,0;207.000,00;6,767;;;0,0;33.333.333,30;thùng;sm-49-21773;30,0;;sm-49-21773;0,0;1;1;0,0
sm-49-21773-2;PVN4739;Mì Đệ Nhất thịt bằm gói 83g;Hảo hảo;75.000,0;69.000,00;20,30;;;0,0;99.999.999,90;lóc;sm-49-21773;10,0;;sm-49-21773;0,0;1;1;0,0
sm-49-39608;8934563619138;Mì Modern vị lẩu thái tôm ly 67g;Hảo hảo;9.000,0;7.250,00;121,0;;;0,0;999.999.999,0;ly;;1,0;;;0,0;1;1;0,0
sm-49-39608-1;PVN5490;Mì Modern vị lẩu thái tôm ly 67g;Hảo hảo;179.000,0;174.000,00;5,042;;;0,0;41.666.666,625;thùng;sm-49-39608;24,0;;sm-49-39608;0,0;1;1;0,0
sm-49-39608-2;PVN9059;Mì Modern vị lẩu thái tôm ly 67g;Hảo hảo;84.000,0;72.500,00;12,10;;;0,0;99.999.999,90;10 ly;sm-49-39608;10,0;;sm-49-39608;0,0;1;1;0,0
PVN9166;8934563657130;Mì Modern Xtreme hương vị bò ly;Hảo hảo;9.000,0;7.250,00;55,0;;;0,0;999.999.999,0;ly;;1,0;;;0,0;1;1;0,0
PVN9166-1;PVN9167;Mì Modern Xtreme hương vị bò ly;Hảo hảo;84.000,0;72.500,00;5,50;;;0,0;99.999.999,90;chục;PVN9166;10,0;;PVN9166;0,0;1;1;0,0
PVN9168-2;8934563038236;Mì Modern Xtreme hương vị bò ly;Hảo hảo;179.000,0;174.000,00;2,292;;;0,0;41.666.666,625;thùng;PVN9166;24,0;;PVN9166;0,0;1;1;0,0
PVN851;8934563193263;Mì Siukay vị Hải sản gói 128g;Hảo hảo;13.000,0;11.249,00;257,0;;;0,0;999.999.999,0;gói;;1,0;;;0,0;1;1;0,0
PVN851-1;PVN1171;Mì Siukay vị Hải sản gói 128g;Hảo hảo;275.000,0;269.976,00;10,708;;;0,0;41.666.666,625;thùng;PVN851;24,0;;PVN851;0,0;1;1;0,0
PVN851-2;PVN5857;Mì Siukay vị Hải sản gói 128g;Hảo hảo;122.000,0;112.490,00;25,70;;;0,0;99.999.999,90;lóc;PVN851;10,0;;PVN851;0,0;1;1;0,0
PVN5652;8934563131258;Mì Siukay vị bò gói 127g;Hảo hảo;13.000,0;11.250,00;212,0;;;0,0;999.999.999,0;gói;;1,0;;;0,0;1;1;0,0
PVN5652-1;PVN5653;Mì Siukay vị bò gói 127g;Hảo hảo;275.000,0;270.000,00;8,833;;;0,0;41.666.666,625;thùng;PVN5652;24,0;;PVN5652;0,0;1;1;0,0
PVN5652-2;PVN5861;Mì Siukay vị bò gói 127g;Hảo hảo;122.000,0;112.500,00;21,20;;;0,0;99.999.999,90;lóc;PVN5652;10,0;;PVN5652;0,0;1;1;0,0
PVN8428;8934563544201;Mì Siukay tia chóp hương vị Hải sản tô 96g;Hảo hảo;16.000,0;13.584,00;7,0;;;0,0;999.999.999,0;tô;;1,0;;;0,0;1;1;0,0
PVN8428-1;PVN8429;Mì Siukay tia chóp hương vị Hải sản tô 96g;Hảo hảo;174.000,0;163.008,00;0,583;;;0,0;83.333.333,250;thùng;PVN8428;12,0;;PVN8428;0,0;1;1;0,0
PVN9019;8934563116262;Mì Siukay vị gà xốt phô mai gói 127g;Hảo hảo;13.000,0;11.250,00;238,0;;;0,0;999.999.999,0;gói;;1,0;;;0,0;1;1;0,0
PVN9019-1;;Mì Siukay vị gà xốt phô mai gói 127g;Hảo hảo;275.000,0;270.000,00;9,917;;;0,0;41.666.666,625;thùng;PVN9019;24,0;;PVN9019;0,0;1;1;0,0
PVN9019-2;;Mì Siukay vị gà xốt phô mai gói 127g;Hảo hảo;122.000,0;112.500,00;23,80;;;0,0;99.999.999,90;chục;PVN9019;10,0;;PVN9019;0,0;1;1;0,0
sm-49-21769;8934563138165;Mì Hảo Hảo vị tôm chua cay gói 75g;Hảo hảo;4.500,0;3.867,00;257,0;;;0,0;999.999.999,0;gói;;1,0;;;0,0;1;1;0,0
sm-49-21769-1;PVN1155;Mì Hảo Hảo vị tôm chua cay gói 75g;Hảo hảo;118.000,0;116.010,00;8,567;;;0,0;33.333.333,30;thùng;sm-49-21769;30,0;;sm-49-21769;0,0;1;1;0,0
sm-49-21769-2;PVN6161;Mì Hảo Hảo vị tôm chua cay gói 75g;Hảo hảo;42.000,0;38.670,00;25,70;;;0,0;99.999.999,90;lóc;sm-49-21769;10,0;;sm-49-21769;0,0;1;1;0,0
sm-49-21765;8934563183158;Mì Hảo Hảo vị sa tế hành tím gói 75g;Hảo hảo;4.500,0;3.934,00;232,0;;;0,0;999.999.999,0;gói;;1,0;;;0,0;1;1;0,0
sm-49-21765-1;;Mì Hảo Hảo vị sa tế hành tím gói 75g;Hảo hảo;120.000,0;118.020,00;7,733;;;0,0;33.333.333,30;thùng;sm-49-21765;30,0;;sm-49-21765;0,0;1;1;0,0
sm-49-21765-2;;Mì Hảo Hảo vị sa tế hành tím gói 75g;Hảo hảo;42.000,0;39.340,00;23,20;;;0,0;99.999.999,90;lóc;sm-49-21765;10,0;;sm-49-21765;0,0;1;1;0,0
PVN396;8934563151157;Mì xào Hảo Hảo Tôm xào chua ngọt gói 75g;Hảo hảo;4.500,0;4.143,00;169,0;;;0,0;999.999.999,0;gói;;1,0;;;0,0;1;1;0,0
PVN396-1;;Mì xào Hảo Hảo Tôm xào chua ngọt gói 75g;Hảo hảo;120.000,0;124.290,00;5,633;;;0,0;33.333.333,30;thùng;PVN396;30,0;;PVN396;0,0;1;1;0,0
PVN396-2;;Mì xào Hảo Hảo Tôm xào chua ngọt gói 75g;Hảo hảo;42.000,0;41.430,00;16,90;;;0,0;99.999.999,90;lóc;PVN396;10,0;;PVN396;0,0;1;1;0,0
PVN1997;8934563198152;Mì chay Hảo Hảo vị Rau nấm gói 74g;Hảo hảo;4.500,0;3.867,00;101,0;;;0,0;999.999.999,0;gói;;1,0;;;0,0;1;1;0,0
PVN1997-1;;Mì chay Hảo Hảo vị Rau nấm gói 74g;Hảo hảo;120.000,0;116.010,00;3,367;;;0,0;33.333.333,30;thùng;PVN1997;30,0;;PVN1997;0,0;1;1;0,0
PVN1997-2;;Mì chay Hảo Hảo vị Rau nấm gói 74g;Hảo hảo;42.000,0;38.670,00;10,10;;;0,0;99.999.999,90;lóc;PVN1997;10,0;;PVN1997;0,0;1;1;0,0
PVN4989;8934563185152;Mì Hảo Hảo lẩu kim chi hàn quốc gói 75g;Hảo hảo;4.500,0;3.934,00;59,0;;;0,0;999.999.999,0;gói;;1,0;;;0,0;1;1;0,0
PVN4989-1;;Mì Hảo Hảo lẩu kim chi hàn quốc gói 75g;Hảo hảo;120.000,0;118.020,00;1,967;;;0,0;33.333.333,30;thùng;PVN4989;30,0;;PVN4989;0,0;1;1;0,0
PVN4989-2;;Mì Hảo Hảo lẩu kim chi hàn quốc gói 75g;Hảo hảo;42.000,0;39.340,00;5,90;;;0,0;99.999.999,90;lóc;PVN4989;10,0;;PVN4989;0,0;1;1;0,0
PVN5859;8934563651138;Mì hảo hảo chua cay ly 67g;Hảo hảo;10.000,0;8.329,00;7,0;;;0,0;999.999.999,0;ly;;1,0;;;0,0;1;1;0,0
PVN5859-1;PVN5860;Mì hảo hảo chua cay ly 67g;Hảo hảo;208.000,0;199.896,00;0,292;;;0,0;41.666.666,625;thùng;PVN5859;24,0;;PVN5859;0,0;1;1;0,0
PVN6236;8934563184148;Mì Hảo Hảo hương vị Gà vàng gói 74g;Hảo hảo;4.500,0;3.933,00;145,0;;;0,0;999.999.999,0;gói;;1,0;;;0,0;1;1;0,0
PVN6236-1;;Mì Hảo Hảo hương vị Gà vàng gói 74g;Hảo hảo;42.000,0;39.330,00;14,50;;;0,0;99.999.999,90;chục;PVN6236;10,0;;PVN6236;0,0;1;1;0,0
PVN6236-2;;Mì Hảo Hảo hương vị Gà vàng gói 74g;Hảo hảo;120.000,0;117.990,00;4,833;;;0,0;33.333.333,30;thùng;PVN6236;30,0;;PVN6236;0,0;1;1;0,0
PVN6696;8934563065249;Muối chấm Hảo Hảo hộp 120g;Hảo hảo;18.000,0;13.334,00;24,0;;;0,0;999.999.999,0;hộp;;1,0;;;0,0;1;1;0,0
PVN6833;8934563106140;Mì xào Hảo Hảo hương vị hải sản gói 71g;Hảo hảo;4.500,0;3.934,00;56,0;;;0,0;999.999.999,0;gói;;1,0;;;0,0;1;1;0,0
PVN6833-1;;Mì xào Hảo Hảo hương vị hải sản gói 71g;Hảo hảo;42.000,0;39.340,00;5,60;;;0,0;99.999.999,90;Lốc;PVN6833;10,0;;PVN6833;0,0;1;1;0,0
PVN6833-2;;Mì xào Hảo Hảo hương vị hải sản gói 71g;Hảo hảo;120.000,0;118.020,00;1,867;;;0,0;33.333.333,30;Thùng;PVN6833;30,0;;PVN6833;0,0;1;1;0,0
PVN6903;8934563669133;Mì Hảo Hảo lẩu nấm thập cẩm ly 66g;Hảo hảo;10.000,0;8.333,00;0,0;;;0,0;999.999.999,0;ly;;1,0;;;0,0;1;1;0,0
PVN6903-1;;Mì Hảo Hảo lẩu nấm thập cẩm ly 66g;Hảo hảo;208.000,0;199.992,00;0,0;;;0,0;41.666.666,625;thùng;PVN6903;24,0;;PVN6903;0,0;1;1;0,0
sm-68-30486;8935015510454;Đường Biên Hòa tinh luyện Pure bịch 1kg;Biên Hòa;30.000,0;28.000,00;26,0;;;0,0;999.999.999,0;bịch;;1,0;;;0,0;1;1;0,0
sm-68-30486-1;;Đường Biên Hòa tinh luyện Pure bịch 1kg;Biên Hòa;572.000,0;560.000,00;1,30;;;0,0;49.999.999,950;thùng;sm-68-30486;20,0;;sm-68-30486;0,0;1;1;0,0
sm-68-40671;8935015513714;Đường Biên Hòa Cô Ba bịch 1kg;Biên Hòa;28.000,0;24.000,00;18,0;;;4,0;33.333.333,30;bịch;;1,0;;;0,0;1;1;0,0
sm-68-40671-1;;Đường Biên Hòa Cô Ba bịch 1kg;Biên Hòa;515.000,0;480.000,00;0,90;;;0,20;1.666.666,665;thùng;sm-68-40671;20,0;;sm-68-40671;0,0;1;1;0,0
PVN3076;8935015513646;Đường vàng Cô Ba bịch 1kg;Biên Hòa;31.000,0;28.000,00;15,0;;;4,0;999.999.999,0;bịch;;1,0;;;0,0;1;1;0,0
PVN3076-1;;Đường vàng Cô Ba bịch 1kg;Biên Hòa;574.000,0;560.000,00;0,750;;;0,20;49.999.999,950;thùng;PVN3076;20,0;;PVN3076;0,0;1;1;0,0
PVN3077;8935015516043;Đường phèn Cô Ba bịch 1kg;Biên Hòa;39.000,0;35.000,00;15,0;;;4,0;999.999.999,0;bịch;;1,0;;;0,0;1;1;0,0
PVN3077-1;;Đường phèn Cô Ba bịch 1kg;Biên Hòa;375.000,0;700.000,00;0,750;;;0,20;49.999.999,950;thùng;PVN3077;20,0;;PVN3077;0,0;1;1;0,0
PVN36;8936048473235;Nước chấm cá cơm 3 Miền chai 800ml;3 Miền;18.000,0;16.300,00;40,0;;;0,0;999.999.999,0;chai;;1,0;;;0,0;1;1;0,0
PVN36-1;;Nước chấm cá cơm 3 Miền chai 800ml;3 Miền;305.000,0;293.400,00;2,222;;;0,0;55.555.555,50;thùng;PVN36;18,0;;PVN36;0,0;1;1;0,0
SP000001;8936048470760;Mì Reeva lẩu nấm chua cay gói 85g;3 Miền;8.000,0;6.486,00;128,0;;;0,0;999.999.999,0;gói;;1,0;;;0,0;1;1;0,0
SP000002;;Mì Reeva lẩu nấm chua cay gói 85g;3 Miền;74.000,0;64.860,00;12,80;;;0,0;99.999.999,90;chục;SP000001;10,0;;SP000001;0,0;1;1;0,0
SP000003;;Mì Reeva lẩu nấm chua cay gói 85g;3 Miền;198.000,0;194.580,00;4,267;;;0,0;33.333.333,30;thùng;SP000001;30,0;;SP000001;0,0;1;1;0,0
PVN8226;8936048471668;Mì 3 miền vị tôm chua cay đặc biệt ly 65g;3 Miền;9.000,0;7.741,00;31,0;;;0,0;999.999.999,0;ly;;1,0;;;0,0;1;1;0,0
PVN8226-1;;Mì 3 miền vị tôm chua cay đặc biệt ly 65g;3 Miền;86.000,0;77.410,00;3,10;;;0,0;99.999.999,90;chục;PVN8226;10,0;;PVN8226;0,0;1;1;0,0
PVN8226-2;;Mì 3 miền vị tôm chua cay đặc biệt ly 65g;3 Miền;194.000,0;185.784,00;1,292;;;0,0;41.666.666,625;thùng;PVN8226;24,0;;PVN8226;0,0;1;1;0,0
PVN8228;8936048471682;Mì 3 Miền Gold vị bò hầm rau thơm ly 65g;3 Miền;9.000,0;7.605,00;39,0;;;0,0;999.999.999,0;ly;;1,0;;;0,0;1;1;0,0
PVN8228-1;;Mì 3 Miền Gold vị bò hầm rau thơm ly 65g;3 Miền;86.000,0;76.050,00;3,90;;;0,0;99.999.999,90;chục;PVN8228;10,0;;PVN8228;0,0;1;1;0,0
PVN8228-2;;Mì 3 Miền Gold vị bò hầm rau thơm ly 65g;3 Miền;194.000,0;182.520,00;1,625;;;0,0;41.666.666,625;thùng;PVN8228;24,0;;PVN8228;0,0;1;1;0,0
PVN2934;8936048470524;Mì 3 miền GOLD vì bò hầm rau thơm gói 75g;3 Miền;4.000,0;3.556,00;176,0;;;30,0;999.999.999,0;gói;;1,0;;;0,0;1;1;0,0
PVN2934-1;PVN3073;Mì 3 miền GOLD vì bò hầm rau thơm gói 75g;3 Miền;38.000,0;35.560,00;17,60;;;3,0;99.999.999,90;lóc;PVN2934;10,0;;PVN2934;0,0;1;1;0,0
PVN2934-2;PVN7216;Mì 3 miền GOLD vì bò hầm rau thơm gói 75g;3 Miền;118.000,0;106.680,00;5,867;;;1,0;33.333.333,30;thùng;PVN2934;30,0;;PVN2934;0,0;1;1;0,0
PVN5102;8936048470012;Mì 3 miền vị tôm chua cay gói 65g;3 Miền;3.000,0;2.364,00;1.088,0;;;30,0;999.999.999,0;gói;;1,0;;;0,0;1;1;0,0
PVN5102-1;;Mì 3 miền vị tôm chua cay gói 65g;3 Miền;27.000,0;23.640,00;108,80;;;3,0;99.999.999,90;chục;PVN5102;10,0;;PVN5102;0,0;1;1;0,0
PVN5102-2;;Mì 3 miền vị tôm chua cay gói 65g;3 Miền;75.000,0;70.920,00;36,267;;;1,0;33.333.333,30;thùng;PVN5102;30,0;;PVN5102;0,0;1;1;0,0
PVN5102-3;;Mì 3 miền vị tôm chua cay gói 65g;3 Miền;238.000,0;236.400,00;10,880;;;0,30;9.999.999,990;thùng 100 gói;PVN5102;100,0;;PVN5102;0,0;1;1;0,0
PVN541;8936048470029;Mì 3 miền vị tôm hùm gói 65g;3 Miền;3.000,0;2.345,00;202,0;;;30,0;999.999.999,0;gói;;1,0;;;0,0;1;1;0,0
PVN541-1;;Mì 3 miền vị tôm hùm gói 65g;3 Miền;27.000,0;23.450,00;20,20;;;3,0;99.999.999,90;chục;PVN541;10,0;;PVN541;0,0;1;1;0,0
PVN541-2;;Mì 3 miền vị tôm hùm gói 65g;3 Miền;75.000,0;70.350,00;6,733;;;1,0;33.333.333,30;thùng;PVN541;30,0;;PVN541;0,0;1;1;0,0
sm-49-45498;8936048470036;Mì 3 Miền chay lá đa gói 65g;3 Miền;3.000,0;2.367,00;193,0;;;30,0;999.999.999,0;gói;;1,0;;;0,0;1;1;0,0
sm-49-45498-1;;Mì 3 Miền chay lá đa gói 65g;3 Miền;27.000,0;23.670,00;19,30;;;3,0;99.999.999,90;chục;sm-49-45498;10,0;;sm-49-45498;0,0;1;1;0,0
sm-49-45498-2;;Mì 3 Miền chay lá đa gói 65g;3 Miền;75.000,0;71.010,00;6,433;;;1,0;33.333.333,30;thùng;sm-49-45498;30,0;;sm-49-45498;0,0;1;1;0,0
PVN9377;8936048477226;Mì 3 miền Gold trung bộ hương vị tôm sú chua cay gói 75g;3 Miền;4.500,0;3.701,00;179,0;;;30,0;999.999.999,0;gói;;1,0;;;0,0;1;1;0,0
PVN9377-1;;Mì 3 miền Gold trung bộ hương vị tôm sú chua cay gói 75g;3 Miền;42.000,0;37.010,00;17,90;;;3,0;99.999.999,90;Chục;PVN9377;10,0;;PVN9377;0,0;1;1;0,0
PVN9377-2;;Mì 3 miền Gold trung bộ hương vị tôm sú chua cay gói 75g;3 Miền;118.000,0;111.030,00;5,967;;;1,0;33.333.333,30;thùng;PVN9377;30,0;;PVN9377;0,0;1;1;0,0
PVN9380;8936048477202;Mì 3 miền Gold Nam Bộ hương vị tôm sú chua cay gói 75g;3 Miền;4.500,0;3.703,00;157,0;;;30,0;999.999.999,0;gói;;1,0;;;0,0;1;1;0,0
PVN9380-1;;Mì 3 miền Gold Nam Bộ hương vị tôm sú chua cay gói 75g;3 Miền;42.000,0;37.030,00;15,70;;;3,0;99.999.999,90;chục;PVN9380;10,0;;PVN9380;0,0;1;1;0,0
PVN9380-2;;Mì 3 miền Gold Nam Bộ hương vị tôm sú chua cay gói 75g;3 Miền;118.000,0;111.090,00;5,233;;;1,0;33.333.333,30;thùng;PVN9380;30,0;;PVN9380;0,0;1;1;0,0
PVN9374;8936048477240;Mì 3 miền Gold Bắc bộ hương vị tôm sú chua cay gói 75g;3 Miền;4.500,0;3.703,00;172,0;;;30,0;999.999.999,0;Gói;;1,0;;;0,0;1;1;0,0
PVN9374-1;;Mì 3 miền Gold Bắc bộ hương vị tôm sú chua cay gói 75g;3 Miền;42.000,0;37.030,00;17,20;;;3,0;99.999.999,90;Chục;PVN9374;10,0;;PVN9374;0,0;1;1;0,0
PVN9374-2;;Mì 3 miền Gold Bắc bộ hương vị tôm sú chua cay gói 75g;3 Miền;118.000,0;111.090,00;5,733;;;1,0;33.333.333,30;Thùng;PVN9374;30,0;;PVN9374;0,0;1;1;0,0
PVN8441;8936048476427;Boncha ít đường hương hoa lài chai 450ml;Boncha;9.000,0;7.271,00;0,0;;;12,0;999.999.999,0;Chai;;1,0;;;0,0;1;1;0,0
PVN8441-1;8936048476427;Boncha ít đường hương hoa lài chai 450ml;Boncha;46.000,0;43.626,00;0,0;;;2,0;166.666.666,50;Lốc;PVN8441;6,0;;PVN8441;0,0;1;1;0,0
PVN8441-2;;Boncha ít đường hương hoa lài chai 450ml;Boncha;177.000,0;174.504,00;0,0;;;0,50;41.666.666,625;Thùng;PVN8441;24,0;;PVN8441;0,0;1;1;0,0
8,93E+12;8934707011002;Knorr gia vị thịt kho bịch 28g;Knorr;8.000,00;5.130,00;3;;;2;;bịch;8,93E+12;1;;8,93E+12;1;1;;
8,93E+12;8934707010944;Knorr gia vị cá kho bịch 28g;Knorr;8.000,00;5.033,00;4;;;2;;bịch;8,93E+12;1;;8,93E+12;1;1;;
PVN6854;8934707027478;Hạt nêm Knorr nấm hương bịch 380g;Knorr;38.000,00;31.660,00;9;;;5;;bịch;PVN6854;1;;PVN6854;1;1;;
8,93E+12;8934707012122;Hạt nêm Knorr nấm hương organic bịch 170g;Knorr;17.000,00;14.497,00;36;;;4;;bịch;8,93E+12;1;;8,93E+12;;1;1;
8,93E+12;8934707031284;Hạt nêm Knorr thịt thăn xương ống bịch 900g;Knorr;68.000,00;61.345,00;8;;;;;bịch;8,93E+12;1;;8,93E+12;;1;1;
8,93E+12;8934707031956;Hạt nếm Knorr thịt thăn,xương ống bịch 400g;Knorr;32.000,00;27.426,00;12;;;4;;bịch;8,93E+12;1;;8,93E+12;;1;1;
8,93E+12;8934868198284;NXV Comfort hương gió xuân dây (10+2);Comfort;17.000,00;14.234,00;24;;;10;;dây;8,93E+12;1;;8,93E+12;;1;1;
PVN6664;8934868173540;Comfort hương nước hoa Thanh xuân dây (10+2);Comfort;17.000,00;15.529,00;20;;;2;;dây;PVN6664;1;;PVN6664;;1;1;
8,93E+12;8934868198338;NXV Comfort trắng dịu nhẹ thơm hương phấn dây (10+2);Comfort;17.000,00;14.356,00;21;;;10;;dây;8,93E+12;1;;8,93E+12;;1;1;
8,93E+12;8934868198291;NXV Comfort nước hoa thiên nhiên diệu kỳ dây (10+2);Comfort;17.000,00;14.356,00;17;;;5;;dây;8,93E+12;1;;8,93E+12;;1;1;
8,93E+12;8934868198314;NXV Comfort hương nước hoa quyến rũ dây (10+2);Comfort;17.000,00;14.051,00;10;;;5;;dây;8,93E+12;1;;8,93E+12;;1;1;
8,93E+12;8934868198321;NXV Comfort hương ban mai dây (10+2);Comfort;17.000,00;14.328,00;33;;;10;;dây;8,93E+12;1;;8,93E+12;;1;1;
8,93E+12;8934868190417;Comfort hương mẫu đơn kiêu sa dây (10+2);Comfort;17.000,00;14.356,00;13;;;5;;dây;8,93E+12;1;;8,93E+12;;1;1;
8,93E+12;8934868198284;NXV Comfort hương gió xuân dây (10+2);Comfort;17.000,00;14.234,00;24;;;10;;dây;8,93E+12;1;;8,93E+12;;1;1;
8,93E+12;8934868188162;NX Comfort mềm vải dịu nhẹ hương phấn túi 3L;Comfort;178.000,00;171.765,00;3;;;0;;túi;8,93E+12;1;;8,93E+12;;1;1;
8,93E+12;8934868150398;NXV Comfort hương ban mai túi 3.8L;Comfort;238.000,00;233.326,00;2;;;1;;túi;8,93E+12;1;;8,93E+12;;1;1;
8,93E+12;8934868150442;NXV Comfort hương gió xuân túi 1.8L;Comfort;118.000,00;109.943,00;2;;;2;;túi;8,93E+12;1;;8,93E+12;;1;1;
KTH;PVN5357;Kẹo tổng hợp;Kẹo;5.000,00;3.900,00;20.000,0;;;;;cây;KTH;1;;KTH;;1;1;
b10k;PVN2847;Bánh bịch 10k;Bánh;10.000,00;8.000,00;11;;;;;bịch;b10k;1;;b10k;;1;1;
DC500;DC5;Đường cát 500g;Đường;10.000,00;9.041,00;57;;;;;bịch;DC500;1;;DC500;;1;1;
DC1;DC1;Đường cát 1kg;Đường;20.000,00;18.082,00;28,5;;;;;bịch;DC500;2;;DC500;;1;1;
DC10;PVN3262;Đường cát - cây;Đường;222.000,00;216.984,00;2,375;;;;;cây;DC500;24;;DC500;;1;1;
DV5;DV5;Đường vàng 500g;Đường;10.000,00;8.976,00;108;;;;;bịch;DV5;1;;DV5;;1;1;
DV1;DV1;Đường vàng 1kg;Đường;20.000,00;17.952,00;54;;;;;bịch;DV5;1;;DV5;;1;1;
DV10;PVN4612;Đường vàng - cây;Đường;222.000,00;215.424,00;4,5;;;;;cây;DV5;1;;DV5;;1;1;
DP5;DP5;Đường phèn 500g;Đường;13.000,00;11.350,00;17;;;;;500g;DP5;1;;DP5;;1;1;
DP1;DP1;Đường phèn - kg;Đường;25.000,00;22.700,00;8,5;;;;;kg;DP5;2;;DP5;;1;1;
DP10;PVN2876;Đường phèn cây;Đường;230.000,00;227.000,00;0,85;;;;;Cây;DP5;20;;DP5;;1;1;
TX5;TX5;Tiêu xây tiêu hạt bịch 50g;Tuyết tỷ;12.000,00;9.750,00;67,5;;;;;bịch;TX5;1;;TX5;;1;1;
TX51;TX5;Tiêu xây tiêu hạt bịch 50g - 1kg;Tuyết tỷ;200.000,00;97.500,00;3,375;;;;;1kg;TX5;10;;TX5;;1;1;
dx100;DX1;Đậu xanh 100g ( nguyên hạt, nữa, không vỏ);Tuyết tỷ;5.000,00;4.191,00;54,3;;;;;100g;dx100;1;;dx100;;1;1;
DP1;DP100;Đậu Phộng 100g;Tuyết tỷ;5.000,00;4.300,00;9;;;;;bịch;DP1;1;;DP1;;1;1;
DP1-1;DP1;Đậu Phộng - 1kg;Tuyết tỷ;46.000,00;43.000,00;0,9;;;;;1kg;DP1;10;;DP1;;1;1;
PVN2713;DP1k;Nấm mèo 50g;Tuyết tỷ;7.000,00;5.750,00;0,5;;;;;50g;PVN2713;1;;PVN2713;;1;1;
SN1;SN1;Sườn non 2 chay 100g;Tuyết tỷ;18.000,00;13.639,00;20,1;;;;;bịch;SN1;1;;SN1;;1;1;
SN1-1;PVN3404;Sườn non 2 chay 100g - bịch;Tuyết tỷ;162.000,00;136.390,00;2,01;;;;;bịch;SN1;10;;SN1;;1;1;
MB1;MB1;Muối bọt bịch 1kg;Tuyết tỷ;6.000,00;4.451,00;7;;;;;bịch;MB1;1;;MB1;;1;1;
MB1-1;PVN9324;Muối bọt bịch 1kg - 10 gói;Tuyết tỷ;52.000,00;44.510,00;0,7;;;;;10 gói;MB1;10;;MB1;;1;1;
MH1;MH1;Muối hột bịch 1kg;Tuyết tỷ;6.000,00;3.786,00;19;;;;;bịch;MH1;1;;MH1;;1;1;
MH1-1;PVN3182;Muối hột bịch 1kg - sỉ 10;Tuyết tỷ;48.000,00;37.860,00;1,9;;;;;sỉ 10;MH1;10;;MH1;;1;1;
PVN9250;PVN9250;Muối sấy iot 500g;Tuyết tỷ;5.000,00;2.800,00;4;;;;;bịch;PVN9250;1;;PVN9250;;1;1;
PVN9250-1;PVN9250;Muối sấy iot 500g - Bao;Tuyết tỷ;160.000,00;140.000,00;0,08;;;;;Bao;PVN9250;50;;PVN9250;;1;1;
PVN2746;PVN2746;Phổ tai( nấu chè) 20g;Tuyết tỷ;5.000,00;3.556,00;692,5;;;;;20g;PVN2746;1;;PVN2746;;1;1;
PVN2712;PVN2712;Bột khoai, bột báng 100g;Tuyết tỷ;5.000,00;2.056,00;33,9;;;;;100g;PVN2712;1;;PVN2712;;1;1;
PVN2712-1;PVN6147;Bột khoai (Nấu chè) 100g - kg;Tuyết tỷ;30.000,00;20.560,00;3,39;;;;;kg;PVN2712;10;;PVN2712;;1;1;
PVN381;8936047443444;Bánh karo phô mai chà bông;Karo;30.000,00;29.250,00;2;;;;;bịch;;1;;;;1;1;
PVN381-1;PVN2810;Bánh karo Phô mai hoàng kim - thùng;Karo;355.000,00;351.000,00;0,167;;;;;thùng;PVN381;12;;PVN381;;1;1;
PVN380;8938506170892;Bánh karo trứng chà bông;Karo;30.000,00;29.250,00;0;;;;;gói;;1;;;;1;1;
PVN380-1;PVN2811;Bánh karo trứng chà bông - thùng;Karo;355.000,00;351.000,00;0;;;;;thùng;PVN380;12;;PVN380;;1;1;
PVN9595;3073781214673;Phô mai bò cười Kiri vị đào hoa nhài bịch 78g;Phô mai bò cười;55.000,00;47.000,00;0;;;;;bịch;PVN9595;1;;PVN9595;;1;1;
PVN9594;3073781214659;Phô mai bò cười Kiri vị việt quốc bịch 78g;Phô mai bò cười;55.000,00;47.000,00;0;;;;;bịch;PVN9594;1;;PVN9594;;1;1;
PVN9338;3073781153873;Phô mai bò cười Belcure hương chocolat bịch 78g;Phô mai bò cười;48.000,00;43.000,00;0;;;;;bịch;PVN9338;1;;PVN9338;;1;1;
PVN9206;3073781210392;Phô mai bò cười Belcure hương xoài 78g;Phô mai bò cười;48.000,00;43.000,00;0;;;;;hộp;PVN9206;1;;PVN9206;;1;1;
PVN9014;3073781153859;Phô mai bò cười Belcure hương dâu bịch 78g;Phô mai bò cười;48.000,00;43.000,00;0;;;;;bịch;PVN9014;1;;PVN9014;;1;1;
PVN9013;3073781203875;Phô mai bò cười Belcure hương việt quốc bịch 78g;Phô mai bò cười;48.000,00;43.000,00;0;;;;;bịch;PVN9013;1;;PVN9013;;1;1;
PVN9012;3073781110685;Phô mai bò cười Belcube vị truyền thống bịch 78g;Phô mai bò cười;48.000,00;43.000,00;0;;;;;bịch;PVN9012;1;;PVN9012;;1;1;
pmbc;PVN7164;Phô mai bò cười lẻ;Phô mai bò cười;5.000,00;3.813,00;0;;;;;cái;pmbc;1;;pmbc;;1;1;
PVN7165;3073781154375;Phô mai bò cười lẻ - hộp 224g;Phô mai bò cười;70.000,00;61.008,00;0;;;;;hộp;PVN7165;1;;PVN7165;;1;1;
PVN7163;3073781154351;Phô mai bò cười hộp 112g;Phô mai bò cười;38.000,00;33.500,00;0;;;;;hộp;PVN7163;1;;PVN7163;;1;1;
TTX;8936031095543;Trà sâm dứa Ngọc Trang xanh;Tuyết tỷ;8.000,00;6.917,00;42;;;;;gói;;1;;;;1;1;
TTX-1;8940000000000;Trà sâm dứa Ngọc Trang xanh - lóc;Tuyết tỷ;44.000,00;41.502,00;7;;;;;lóc;TTX;6;;TTX;;1;1;
TTV;8936031095567;Trà ngọc trang vàng chim én;Tuyết tỷ;10.000,00;8.532,00;0;;;;;bịch;;1;;;;1;1;
TTV-1;PVN8541;Trà ngọc trang vàng chim én - lóc;Tuyết tỷ;54.000,00;51.192,00;0;;;;;lóc;TTV;6;;TTV;;1;1;
TBB;8938500220036;Trà bách bảo;Tuyết tỷ;12.000,00;10.746,00;38;;;;;gói;;1;;;;1;1;
TBB-1;PVN2760;Trà bách bảo - lóc;Tuyết tỷ;64.000,00;64.476,00;6,333;;;;;lóc;TBB;6;;TBB;;1;1;
tnx;TTX;Trà Thái nguyên xanh;Tuyết tỷ;20.000,00;19.000,00;5;;;;;gói;tnx;1;;tnx;;1;1;
tnv;TTV;Trà móc câu Thái Nguyên vàng;Tuyết tỷ;17.000,00;16.800,00;23;;;;;gói;tnv;1;;tnv;;1;1;
PVN8384;8938545324096;Chân gà 2 chân TAP FOOD;Chân gà;9.000,00;6.500,00;0;;;;;bịch;;1;;;;1;1;
PVN8384-1;PVN8385;Chân gà 2 chân TAP FOOD - 10 cái;Chân gà;75.000,00;65.000,00;0;;;;;10 cái;PVN8384;10;;PVN8384;;1;1;
PVN5437;8938545324102;Chân gà TAP FOOD;Chân gà;9.000,00;6.500,00;0;;;;;cái;;1;;;;1;1;
PVN5437-1;PVN6584;Chân gà TAP FOOD - 10 cái;Chân gà;75.000,00;65.000,00;0;;;;;10 cái;PVN5437;10;;PVN5437;;1;1;
PVN7463;8938548990052;Chân gà rút xương MEOW;Chân gà;9.000,00;6.000,00;0;;;;;bịch;;1;;;;1;1;
PVN7463-1;PVN7464;Chân gà rút xương MEOW - CHỤC;Chân gà;85.000,00;60.000,00;0;;;;;10 cái;PVN7463;10;;PVN7463;;1;1;
cgrx;8938545324003;Chân gà TAP FOOD;Chân gà;8.000,00;6.500,00;0;;;;;cái;cgrx;1;;cgrx;;1;1;
30k;PVN6913;Bánh Toyour bịch 30k;Toyour;30.000,00;25.000,00;3;;;;;bịch;30k;1;;30k;;1;1;
PVN6912;8938549140722;Chân gà rút xương Anna Lala;Chân gà;9.000,00;6.500,00;0;;;;;bịch;PVN6912;1;;PVN6912;;1;1;
PVN7402;8938545374039;Chân gà vị cay tê cay ZL FOOD;Chân gà;8.000,00;6.500,00;0;;;;;cái;PVN7402;1;;PVN7402;;1;1;
DNK12m;8938565014007;Đất nặn khô 12 màu ALINH SUPER LIGHT CLAY;SUPER;15.000,00;12.500,00;14;;;;;bộ;DNK12m;1;;DNK12m;;1;1;
superlightclay2;6970645478738;Đất nặn khô 24 màu ALINH;khô;28.000,00;20.000,00;13;;;;;bộ;superlightclay2;1;;superlightclay2;;1;1;
PVN7349;8935001719243;Kẹo Alpenliebe vị khoai môn hạt sen bịch 84g;Alpenliebe;16.000,00;10.000,00;0;;;;;bịch;PVN7349;1;;PVN7349;;1;1;
PVN9385;8935001719892;Alpenliebe vị cà phê sữa 32g;Alpenliebe;5.000,00;4.000,00;0;;;;;cây;PVN9385;1;;PVN9385;;1;1;
PVN9243;8935001720003;Alpenliebe eclairs caramel choco bịch 63.7g;Alpenliebe;18.000,00;16.000,00;0;;;;;bịch;PVN9243;1;;PVN9243;;1;1;
PVN8854;8935001719809;Kẹo Alpenliebe hương dâu xí muội bịch 84.1g;Alpenliebe;16.000,00;10.000,00;0;;;;;bịch;PVN8854;1;;PVN8854;;1;1;
PVN8661;8935001719793;Kẹo Alpenliebe hương kem quả mộng bịch 115g;Alpenliebe;16.000,00;10.000,00;0;;;3;;bịch;PVN8661;1;;PVN8661;;1;1;
PVN7517;8935001718345;Kẹo Alpenliebe hương đậu xanh & đậu đỏ trứng muối bịch 84g;Alpenliebe;16.000,00;13.000,00;0;;;;;bịch;PVN7517;1;;PVN7517;;1;1;
PVN7349;8935001719243;Kẹo Alpenliebe vị khoai môn hạt sen bịch 84g;Alpenliebe;16.000,00;10.000,00;0;;;;;bịch;PVN7349;1;;PVN7349;;1;1;
PVN7246;8935001719106;Alpenliebe hương cà phê sữa bịch 101.5g;Alpenliebe;15.000,00;12.000,00;0;;;;;bịch;PVN7246;1;;PVN7246;;1;1;
PVN7143;8935001718628;Kẹo Alpenliebe hương Caramen nhân kem sữa bịch 105,6g;Alpenliebe;15.000,00;11.000,00;0;;;;;bịch;PVN7143;1;;PVN7143;;1;1;
PVN7030;8935001718369;Kẹo mút Alpenliebe hương kem quả mọng que 10g;Alpenliebe;2.000,00;1.412,00;0;;;;;cây;PVN7030;1;;PVN7030;;1;1;
PVN6761;8935001719052;Kẹo dẻo Alpenliebe hương đào bịch 24g;Alpenliebe;5.000,00;3.938,00;0;;;;;bịch;PVN6761;1;;PVN6761;;1;1;
PVN6695;8935001718970;Kẹo Alpenliebe hương xí muội nhân muối ớt cây 26g;Alpenliebe;5.000,00;4.063,00;0;;;;;cây;PVN6695;1;;PVN6695;;1;1;
PVN6399;8935001718857;Alpenliebe jelly hương trái cây tổng hợp bịch 24g;Alpenliebe;5.000,00;4.000,00;0;;;;;bịch;PVN6399;1;;PVN6399;;1;1;
PVN6197;8935759718970;Kẹo Alpenliebe xí muội muối ớt 26,1g;Alpenliebe;5.000,00;4.000,00;0;;;;;cây;PVN6197;1;;PVN6197;;1;1;
PVN5738;8935001718178;Kẹo Alpenliebe hương vị Kiwi chanh dây hạt chia bịch 68g;Alpenliebe;16.000,00;11.000,00;0;;;;;bịch;PVN5738;1;;PVN5738;;1;1;
PVN5737;8935001718574;Kẹo Alpenliebe hương vị đường đen hạt đều bịch 68g;Alpenliebe;16.000,00;11.000,00;0;;;;;bịch;PVN5737;1;;PVN5737;;1;1;
PVN5642;8935001715672;Kẹo Alpenliebe hương trà bưởi mật ong cây 26g;Alpenliebe;5.000,00;4.000,00;0;;;;;cây;PVN5642;1;;PVN5642;;1;1;
PVN5641;8935001718321;Kẹo Alpenliebe hương chanh muối lắc cây 26g;Alpenliebe;5.000,00;4.000,00;0;;;;;cây;PVN5641;1;;PVN5641;;1;1;
PVN5464;8935001718185;Kẹo Alpenliebe vị trà sữa đường đen;Alpenliebe;5.000,00;4.000,00;0;;;;;cây;PVN5464;1;;PVN5464;;1;1;
PVN5463;8935001718130;Kẹo Alpenliebe hương chanh dây hạt chia;Alpenliebe;5.000,00;4.000,00;0;;;;;cây;PVN5463;1;;PVN5463;;1;1;
PVN5333;8935001718314;Kẹo Alpenliebe chanh muối 84,1g;Alpenliebe;15.000,00;11.000,00;0;;;;;bịch;PVN5333;1;;PVN5333;;1;1;
PVN3590;8935001717119;Alpenliebe nhà dâu sữa;Alpenliebe;16.000,00;11.000,00;0;;;;;Bịch;PVN3590;1;;PVN3590;;1;1;
PVN3430;8935001712527;Kẹo Alpenliebe hương dâu & nho bịch 84g;Alpenliebe;16.000,00;12.000,00;0;;;;;bịch;PVN3430;1;;PVN3430;;1;1;
PVN3167;8935001717096;Kẹo Alpenliebe hương cafe dừa 119g;Alpenliebe;16.000,00;11.000,00;0;;;;;bịch;PVN3167;1;;PVN3167;;1;1;
PVN2304;8935001714316;Xoài muối ớt Alpenliebe 26g;Alpenliebe;5.000,00;4.063,00;0;;;;;cây;PVN2304;1;;PVN2304;;1;1;
PVN1490;8935001704300;Kẹo Golia nhân siro hương thảo dược mát lạnh 29,5g;Alpenliebe;5.000,00;4.063,00;0;;;;;cây;PVN1490;1;;PVN1490;;1;1;
PVN1488;8935001714057;Kẹo hương bạc hà nhân socola Alpenliebe 26g;Alpenliebe;5.000,00;4.063,00;0;;;;;cây;PVN1488;1;;PVN1488;;1;1;
PVN1489;8935001703181;Kẹo cứng Alpenliebe hương dâu kem 32g;Alpenliebe;5.000,00;4.063,00;0;;;;;cây;PVN1489;1;;PVN1489;;1;1;
PVN1487;8935001712411;Kẹo mềm Alpenliebe vị dâu 24,5g;Alpenliebe;5.000,00;4.063,00;0;;;;;cây;PVN1487;1;;PVN1487;;1;1;
PVN1486;8935001712336;Kẹo mềm Alpenliebe vị nho 24,5g;Alpenliebe;5.000,00;4.063,00;0;;;;;cây;PVN1486;1;;PVN1486;;1;1;
8,94E+12;8935001714682;Kẹo xoải muối ớt Alpenliebe 87g;Alpenliebe;16.000,00;12.000,00;0;;;;;bịch;8,94E+12;1;;8,94E+12;;1;1;
8,94E+12;8935001702504;Kẹo Golia Active Plus Bạc Hà bịch 112.5g;Alpenliebe;16.000,00;12.000,00;0;;;;;gói;8,94E+12;1;;8,94E+12;;1;1;
PVN1485;8935001707165;Kẹo Mentos hương bạc hà thanh 30g;Alpenliebe;5.000,00;4.063,00;0;;;;;cây;PVN1485;1;;PVN1485;;1;1;
8,94E+12;8935001701699;Kẹo Alpenliebe Vị Sữa Caramen 120g;Alpenliebe;16.000,00;12.000,00;0;;;;;bịch;8,94E+12;1;;8,94E+12;;1;1;
PVN5832;8936219980081;Muối ngọc yến;Tuyết tỷ;7.000,00;5.600,00;5;;;4;;bịch;PVN5832;1;;PVN5832;;1;1;
PVN2630;8935235300842;Bánh Donut phủ socola nhân hương cam;;5.000,00;3.667,00;0;;;;;cái;;1;;;;1;1;
PVN2630-1;8940000000000;Bánh Donut phủ socola - bịch;;55.000,00;44.004,00;0;;;;;bịch;PVN2630;1;;PVN2630;;1;1;
PVN7212;8935053900040;Đường vàng Nasu bịch 1kg;TH TRUE MILK;26.000,00;22.208,00;41;;;4;;bịch;;1;;;;1;1;
PVN7212-1;PVN7213;Đường vàng Nasu bịch 1kg - thùng;TH TRUE MILK;585.000,00;444.160,00;2,05;;;;;thùng;PVN7212;20;;PVN7212;;1;1;
PVN7123;8935053900118;Đường trắng Nasu bịch 1kg;TH TRUE MILK;24.000,00;21.588,00;14;;;2;;bịch;PVN7123;1;;PVN7123;;1;1;
PVN3170;9556001027252;Kitkat 4F;Jumbo;15.000,00;10.600,00;3;;;;;thẻ;PVN3170;1;;PVN3170;;1;1;
PVN8245;95506500;Socola Kitkat 2F thanh 17g;Jumbo;10.000,00;8.000,00;51;;;;;thanh;;1;;;;1;1;
PVN8245-2;9556001917119;Socola Kitkat 2F hộp 408g (24 thanh x 17g);Jumbo;210.000,00;192.000,00;2,125;;;;;hộp;PVN8245;24;;PVN8245;;1;1;
PVN8245-1;9556001032898;Socola Kitkat 2F thanh 17g - bịch 6 thanh;Jumbo;55.000,00;48.000,00;5,1;;;;;bịch 6 thanh;PVN8245;6;;PVN8245;;1;1;
PVN1809;9556001198839;Socola Kitkat Chunky thanh 38g;Jumbo;22.000,00;18.000,00;20;;;;;thanh;;1;;;;1;1;
PVN1809-1;9556001198853;Socola Kitkat Chunky bịch 114g (3 thanh x 38g);Jumbo;60.000,00;54.000,00;6,667;;;2;;bịch;PVN1809;3;;PVN1809;;1;1;
SW12;PVN2967;Bánh mì sandwich 12k;mì;12.000,00;10.000,00;10;;;;;bịch;SW12;1;;SW12;;1;1;
8,85E+12;8851019600420;Pocky sữa 18g;Pocky;10.000,00;8.000,00;0;;;;;;8,85E+12;1;;8,85E+12;;1;1;
PVN8468;8851019510224;POCKY QUE DÂU 20G;Pocky;10.000,00;7.037,00;0;;;;;hộp;PVN8468;1;;PVN8468;;1;1;
PVN8467;8851019510217;POCKY QUE SOCOLA 20G;Pocky;10.000,00;7.037,00;0;;;;;hộp;PVN8467;1;;PVN8467;;1;1;
PVN7244;8851019500195;Bánh Pocky kem cookies & cream hộp 40g;Pocky;16.000,00;13.370,00;0;;;;;hộp;PVN7244;1;;PVN7244;;1;1;
PVN7243;8851019310244;Bánh Pocky nhân đôi kem sôcôla hộp 40g;Pocky;16.000,00;13.370,00;0;;;;;hộp;PVN7243;1;;PVN7243;;1;1;
PVN7242;8851019500164;Bánh Pocky hương Matcha hộp 40g;Pocky;16.000,00;13.370,00;0;;;;;hộp;PVN7242;1;;PVN7242;;1;1;
PVN7241;8851019310190;Bánh Pocky hương kem sôcôla hộp 40g;Pocky;16.000,00;13.370,00;0;;;;;hộp;PVN7241;1;;PVN7241;;1;1;
PVN7219;8851019310206;Bánh Pocky vị kem dâu hộp 38g;Pocky;16.000,00;13.370,00;0;;;;;hộp;PVN7219;1;;PVN7219;;1;1;
PVN9258;8936201841079;Bánh gấu Peony kem dâu 180g;Pocky;25.000,00;19.500,00;0;;;;;bịch;PVN9258;1;;PVN9258;;1;1;
PVN9257;8936201841086;Bánh gấu Peony socola 180g;Koala;25.000,00;19.500,00;0;;;;;bịch;PVN9257;1;;PVN9257;;1;1;
PVN9256;8936201841093;Bánh gấu Peony kem sữa 180g;Koala;25.000,00;19.500,00;0;;;;;bịch;PVN9256;1;;PVN9256;;1;1;
8,85E+12;8852008304848;Bánh gấu black koala's march;Koala;15.000,00;12.000,00;0;;;;;;8,85E+12;1;;8,85E+12;;1;1;
toppod;8852008511239;Bánh que toppo vị dâu 40g;Koala;17.000,00;13.000,00;0;;;;;hộp;toppod;1;;toppod;;1;1;
Gt;8852008304879;Bánh gấu koala's march vị sữa tươi 37g;Koala;16.000,00;12.000,00;0;;;;;hộp;Gt;1;;Gt;;1;1;
PVN712;8852008300130;Bánh gấu Koala's March vị dâu;Koala;16.000,00;13.000,00;0;;;;;hộp;PVN712;1;;PVN712;;1;1;
PVN711;8852008300116;Bánh gấu Koala's March vị chocolate;Koala;16.000,00;12.000,00;0;;;;;hộp;PVN711;1;;PVN711;;1;1;
PVN710;8852008510010;Bánh que Loppo chocolate 40g;Koala;17.000,00;13.000,00;0;;;;;hộp;PVN710;1;;PVN710;;1;1;
PVN709;8858694610096;Bánh que Ticky vị dâu;Koala;10.000,00;4.000,00;1;;;;;hộp;PVN709;1;;PVN709;;1;1;
PVN8209;8934760212286;Tipo bánh trứng vị sầu riêng 220g;Tipo;38.000,00;33.000,00;0;;;;;bịch;;1;;;;1;1;
PVN8209-1;PVN8210;Tipo bánh trứng vị sầu riêng 220g - thùng;Tipo;580.000,00;528.000,00;0;;;;;thùng;PVN8209;16;;PVN8209;;1;1;
PVN3612;8934760211920;Bánh trứng kem tươi Tipo 220g;Tipo;38.000,00;32.000,00;0;;;;;bịch;PVN3612;1;;PVN3612;;1;1;
PVN7963;6950545500319;Thanh cua 14g;;5.000,00;3.000,00;0;;;;;cái;PVN7963;1;;PVN7963;;1;1;
PVN8664;8994834002595;Snack mì ăn liền Enaak extra;;6.000,00;4.850,00;0;;;;;bịch;PVN8664;1;;PVN8664;;1;1;
PVN8663;8994834004728;Snack Mì ăn liền Enaak cay (đỏ);;6.000,00;4.750,00;0;;;;;bịch;PVN8663;1;;PVN8663;;1;1;
PVN9544;6974729974406;Bánh tart trứng cái 60g;;10.000,00;8.000,00;0;;;;;cái;PVN9544;1;;PVN9544;;1;1;
PVN2691;8935058913342;Xúc xích cp phô mai 60g;CP;10.000,00;9.367,00;358;;;;;cây;PVN2691;1;;PVN2691;;1;1;
PVN9555;8935058921477;Xúc xích cay hàn quốc cây 33g;;6.000,00;5.000,00;0;;;;;cây;PVN9555;1;;PVN9555;;1;1;
PVN7964;8936213620075;xúc xích 2 viên;;3.000,00;1.200,00;0;;;;;cái;PVN7964;1;;PVN7964;;1;1;
PVN8798;6979041781022;Xúc xích cay Trâu cụng đỏ;;7.000,00;5.100,00;0;;;;;bịch;PVN8798;1;;PVN8798;;1;1;
8,94E+12;8936123410568;Dung Dịch Vệ Sinh Phụ Nữ Lactacyd Extra Nourish chai 150ml;Jumbo;88.000,00;7.536.561,00;3;;;;;chai;8,94E+12;1;;8,94E+12;;1;1;
PVN3173;8936123410254;Dung dịch vệ sinh phụ nữ Lactacyd Odor Fresh hỗ trợ ngăn mùi 24h chai 250ml;Jumbo;78.000,00;71.500,00;1;;;;;chai;PVN3173;1;;PVN3173;;1;1;
PVN3172;8936123410070;Dung Dịch Vệ Sinh Phụ Nữ Lactacyd Dưỡng Ẩm chai 250ml;Jumbo;78.000,00;72.350,00;0;;;;;chai;PVN3172;1;;PVN3172;;1;1;
PVN3171;8936123410223;Dung dịch vệ sinh phụ nữ Lactacyd pro sensitive chăm sóc bảo vệ chai 250ml;Jumbo;90.000,00;80.401,00;3;;;;;chai;PVN3171;1;;PVN3171;;1;1;
PVN3183;8934662302184;Sữa tắm nước hoa Cindy Bloom hương nhụy hoa nghệ tây 640g+tặng;;115.000,00;98.000,00;3;;;;;chai;PVN3183;1;;PVN3183;;1;1;
8,94E+12;8935020038059;Tắm dê familiar 1,2L;Vinh;82.000,00;68.000,00;4;;;;;chai;8,94E+12;1;;8,94E+12;;1;1;
8,94E+12;8936123410322;Sữa tắm gội trẻ em Lactacyd Baby Gentle Care chai 250ml;Jumbo;90.000,00;85.000,00;4;;;;;chai;8,94E+12;1;;8,94E+12;;1;1;
PVN1553;8936123410162;Sữa tắm gội Lactacyd Baby Extra Milky chai 500ml;Jumbo;158.000,00;153.500,00;1;;;;;chai;PVN1553;1;;PVN1553;;1;;
PVN1552;8936123410032;Sữa tắm gội Lactacyd Baby Extra Milky chai 250ml;Jumbo;90.000,00;85.000,00;2;;;;;chai;PVN1552;1;;PVN1552;;1;;
PVN1543;4902430878692;Nước xả vải Downy hương Cuốn hút 2.3L;Downy;150.000,00;144.585,00;0;;;;;bịch;PVN1543;1;;PVN1543;;1;1;
PVN1542;4902430871020;Nước giặt Ariel Matic cửa trước hương Đam mê 2L;Downy;120.000,00;102.819,00;0;;;;;bịch;PVN1542;1;;PVN1542;;1;1;
PVN1541;4902430871044;Nước giặt Ariel Matic cửa trước tươi mát rực rỡ 2.3L;Downy;130.000,00;102.820,00;0;;;;;bịch;PVN1541;1;;PVN1541;;1;1;
PVN1540;4902430418287;Nước xả vải Downy hương Đóa hoa ngọt ngào 2.3L;Downy;150.000,00;144.585,00;0;;;;;bịch;PVN1540;1;;PVN1540;;1;1;
PVN1539;4902430415637;Nước xả vải Downy hương Đóa hoa thơm mát 2.2L;Downy;150.000,00;144.585,00;0;;;;;bịch;PVN1539;1;;PVN1539;;1;1;
PVN8899;4271443807938;Đậu phộng mè tân tân 240g;;45.000,00;40.000,00;2;;;;;hũ;PVN8899;1;;PVN8899;;1;1;
4,99E+12;4987176234544;NXV Downy hương nắng mai (KM);Downy;17.000,00;14.763,00;0;;;;;;4,99E+12;1;;4,99E+12;;1;1;
4,99E+12;4987176208538;DG Pantene phục hồi hư tổn dây;Downy;14.000,00;11.492,00;0;;;10;;;4,99E+12;1;;4,99E+12;;1;1;
PVN8114;8935057103140;Thạch phô mai hương xoài, cam, đào,... hũ lẻ;;8.000,00;6.240,00;0;;;;;hũ;;1;;;;1;1;
PVN8114-1;8935057103256;Thạch phô mai hương xoài, cam, đào,... hũ lẻ - hộp;;40.000,00;37.440,00;0;;;;;hộp;PVN8114;6;;PVN8114;;1;1;
7,90E+12;7902406432795;DX Pantene ngăn rụng tóc 650ml;Downy;132.000,00;122.041,00;2;;;;;;7,90E+12;1;;7,90E+12;;1;1;
PVN8077;8934822201210;Bia Heineken bạc cao lon 330ml;Bia;20.000,00;18.750,00;120;;;;;lon;;1;;;;1;1;
PVN8077-1;PVN8078;Bia Heineken bạc cao lon 330ml - 10 lon;Bia;195.000,00;187.500,00;12;;;;;10 lon;PVN8077;10;;PVN8077;;1;1;
PVN8077-2;PVN8079;Bia Heineken bạc cao lon 330ml - thùng;Bia;460.000,00;450.000,00;5;;;;;thùng;PVN8077;24;;PVN8077;;1;1;
PVN7933;8934822201272;Bia Heineken bạc lon 250ml;Bia;17.000,00;15.398,00;71;;;24;;lon;;1;;;;1;1;
PVN7933-1;PVN7934;Bia Heineken bạc lon 250ml - 10 lon;Bia;162.000,00;153.980,00;7,1;;;;;10 lon;PVN7933;10;;PVN7933;;1;1;
PVN7933-2;PVN7935;Bia Heineken bạc lon 250ml - thùng;Bia;375.000,00;369.552,00;2,958;;;;;thùng;PVN7933;24;;PVN7933;;1;1;
PVN6673;8934822112332;Bia Tiger xanh lon 330ml;Bia;16.000,00;15.000,00;103;;;;;lon;;1;;;;1;1;
PVN6673-1;PVN6674;Bia Tiger xanh lon 330ml - lóc;Bia;156.000,00;150.000,00;10,3;;;;;lóc;PVN6673;10;;PVN6673;;1;1;
PVN6673-2;PVN6675;Bia Tiger xanh lon 330ml - thùng;Bia;368.000,00;360.000,00;4,292;;;;;thùng;PVN6673;24;;PVN6673;;1;1;
BYSILK;8934964101331;Giấy không lõi Blessyou Silk xanh dương 6 cuộn;Sài gòn;38.000,00;36.100,00;6;;;;;cây;BYSILK;1;;BYSILK;;1;1;
PVN6431;8935012413321;Bia Sài Gòn Lager lon 330ml;Bia;12.000,00;11.042,00;167;;;24;;lon;;1;;;;1;1;
PVN6431-1;PVN6432;Bia Sài Gòn Lager lon 330ml - 10 lon;Bia;117.000,00;110.420,00;16,7;;;;;10 lon;PVN6431;10;;PVN6431;;1;1;
PVN6431-2;PVN6433;Bia Sài Gòn Lager lon 330ml - thùng;Bia;270.000,00;265.008,00;6,958;;;;;thùng;PVN6431;24;;PVN6431;;1;1;
PVN1869;8934964100792;Khăn giấy không lõi Sài Gòn Care (10 cuộn x 2 lớp);Sài gòn;26.000,00;23.931,00;5;;;;;cây;PVN1869;1;;PVN1869;;1;1;
PVN1865;8934964124514;Khăn giấy rút Bless you gói 250 tờ;Sài gòn;20.000,00;18.124,00;17;;;6;;gói;PVN1865;1;;PVN1865;;1;1;
8,93E+12;8934964122374;Khăn hộp bless you 180 tờ hộp;Sài gòn;20.000,00;18.000,00;1;;;;;hộp;8,93E+12;1;;8,93E+12;;1;1;
PVN1863;8934964124057;Khăn vuông bless you 23x23;Sài gòn;10.000,00;6.786,00;40;;;;;bịch;PVN1863;1;;PVN1863;;1;1;
8,93E+12;8934964100624;Giấy Sài gòn care hồng 10 cuộn;Sài gòn;34.000,00;32.000,00;12;;;5;;cây;8,93E+12;1;;8,93E+12;;1;1;
PVN5647;8935102419417;Bột ngọt VeDan gói 454g;Sơn hải;30.000,00;29.250,00;1;;;20;;gói;;1;;;;1;1;
PVN5647-1;PVN5647;Bột ngọt VeDan gói 454g - thùng;Sơn hải;1.220.000,00;1.170.000,00;0,025;;;;;thùng;PVN5647;40;;PVN5647;;1;1;
nuieric;PVN5932;Nui Eric dinh dưỡng bịch 200g;Tuyết tỷ;13.000,00;11.787,00;54;;;;;bịch;nuieric;1;;nuieric;;1;1;
linhtamxanh;PVN9484;Bánh tráng linh tâm (xanh) bịch nhỏ;Tuyết tỷ;12.000,00;8.379,00;9;;;;;bịch;linhtamxanh;1;;linhtamxanh;;1;1;
linhtamdo;linhtamdo;Bánh tráng nhúng linh tâm (đỏ) bịch;Tuyết tỷ;25.000,00;20.000,00;14;;;;;bịch;linhtamdo;1;;linhtamdo;;1;1;
BUNTAU;6903046000154;BÚN TÀU 50GRAM;Tuyết tỷ;5.000,00;3.091,00;4;;;;;bịch;BUNTAU;1;;BUNTAU;;1;1;
BG500;8934734022033;BÔT GẠO 400g;Tuyết tỷ;20.000,00;18.024,00;15;;;;;bịch;BG500;1;;BG500;;1;1;
LG;LG;Gia vị nấu La Gu;Tuyết tỷ;5.000,00;4.064,00;13;;;;;bịch;LG;1;;LG;;1;1;
PVN878;8934741127677;Bột carry Nẹy Túm;Tuyết tỷ;5.000,00;3.700,00;19;;;;;gói;PVN878;1;;PVN878;;1;1;
PVN877;8936013740331;Bột bánh xèo Hương Xưa bịch 500g;Tuyết tỷ;22.000,00;20.500,00;18;;;4;;gói;PVN877;1;;PVN877;;1;1;
8,93E+12;8934734012034;Bột năng 400g;Tuyết tỷ;18.000,00;16.000,00;12;;;;;gói;8,93E+12;1;;8,93E+12;;1;1;
PVN873;8934734092104;Bột bắp 150g;Tuyết tỷ;9.000,00;7.500,00;9;;;;;gói;PVN873;1;;PVN873;;1;1;
PVN9548;8934734432146;Bột chiên chuối Vĩnh Thuận bịch 250g;Tuyết tỷ;10.000,00;9.000,00;20;;;;;bịch;PVN9548;1;;PVN9548;;1;1;
PVN730;8936033092212;Bột chiên xù Panko bịch 100g;Tuyết tỷ;7.000,00;5.126,00;21;;;10;;bịch;PVN730;1;;PVN730;;1;1;
PVN9621;8850092281045;Nxv Hygiene dịu nhẹ Expert Care hồng baby dây;Hygie;18.000,00;14.000,00;14;;;;;dây;PVN9621;1;;PVN9621;;1;1;
PVN9620;8850092276027;NXV Hygiene Sun Sky hồng trái cây dây;Hygie;18.000,00;14.000,00;13;;;;;dây;PVN9620;1;;PVN9620;;1;1;
PVN9619;8850092285029;NXV Hygiene Happy Sunshine cam dây;Hygie;18.000,00;14.000,00;10;;;;;dây;PVN9619;1;;PVN9619;;1;1;
8,85E+12;8850092316020;NXV Hygiene Wisteria tím dây;Hygie;18.000,00;14.000,00;30;;;5;;dây;8,85E+12;1;;8,85E+12;;1;1;
8,85E+12;8850092294021;Hygiene Sunkiss Blooming xanh dương dây;Hygie;18.000,00;14.000,00;7;;;2;;dây;8,85E+12;1;;8,85E+12;;1;1;
PVN8559;8850092292027;NXV Hygiene Best Origins tím sen dây;Hygie;18.000,00;14.000,00;16;;;;;dây;PVN8559;1;;PVN8559;;1;1;
PVN7532;8850092291020;NXV Hygiene Wonder Blossom đỏ dây;Hygie;18.000,00;14.000,00;9;;;5;;dây;PVN7532;1;;PVN7532;;1;1;
PVN7531;8850092283049;NXV Hygiene hương sớm mai Sunkiss Blooming xanh dương dây;Hygie;18.000,00;14.000,00;10;;;;;dây;PVN7531;1;;PVN7531;;1;1;
8,85E+12;8850092275020;Hygiene Life Nature hồng dây;Hygie;18.000,00;14.000,00;37;;;2;;dây;8,85E+12;1;;8,85E+12;;1;1;
PVN5548;8850092280048;Hygiene Milky Touch trắng dây;Hygie;18.000,00;14.000,00;20;;;5;;dây;PVN5548;1;;PVN5548;;1;1;
PVN5371;8850092298029;NXV Hygiene Peony Bloom đen dây;Hygie;18.000,00;14.000,00;27;;;5;;dây;PVN5371;1;;PVN5371;;1;1;
4,99E+12;4987176189424;DG H&S da đầu ngứa dây;Downy;14.000,00;11.779,00;12;;;10;;dây;4,99E+12;1;;4,99E+12;;1;1;
4,99E+12;4987176202819;DX rejchoi siêu mềm mượt dây;Downy;10.000,00;7.661,00;0;;;;;dây;4,99E+12;1;;4,99E+12;;1;1;
PVN6850;4987176193964;DG Rejoice 3in1 phiên bản hoa hồng Jeju Hàn Quốc dây;Downy;10.000,00;7.664,00;0;;;;;dây;PVN6850;1;;PVN6850;;1;1;
7,70E+12;7702018017386;Bộ 5 cây cạo gillette cán vàng (km+1);Downy;36.000,00;30.871,00;-6;;;;;;7,70E+12;1;;7,70E+12;;1;1;
PVN942;8936079121716;Bánh Poca que giòn vị Phô mai 30g;Poca;5.000,00;3.700,00;-177;0;--;0;0;bịch;;1;;;0;1;1;
PVN950;8936079120382;Bánh Poca vị Bắp ngọt xốc bơ 37g;Poca;5.000,00;3.700,00;634;0;--;0;0;bịch;;1;;;0;1;1;
PVN951;8936079120337;Bánh phồng tôm Poca 31g;Poca;5.000,00;3.700,00;-323;0;--;0;0;bịch;;1;;;0;1;1;
PVN953;8936079121723;Bánh Poca bí đỏ vị bò nướng 36g;Poca;5.000,00;3.700,00;-11;0;--;0;0;bịch;;1;;;0;1;1;
PVN1546;8936079121181;Bánh phông tôm Poca vị cua;Poca;5.000,00;3.500,00;-15;0;--;0;0;bịch;;1;;;0;1;1;
PVN1641;8936079120276;Bánh Poca vị Bò lúc lắc 37g;Poca;5.000,00;3.700,00;-272;0;--;0;0;bịch;;1;;;0;1;1;
PVN1642;8936079120252;Bánh Poca vị Mực lăn muối ớt 37g;Poca;5.000,00;3.700,00;-334;0;--;0;0;bịch;;1;;;0;1;1;
PVN1643;8936079121709;Bánh Poca que giòn vị Sườn nướng BBQ;Poca;5.000,00;3.792,00;-39;0;--;0;0;bịch;;1;;;0;1;1;
PVN1644;8936079120030;Bánh Poca vị Gà quay da giòn 37g;Poca;5.000,00;3.792,00;-142;0;--;0;0;bịch;;1;;;0;1;1;
PVN1645;8936079120269;Bánh Poca vị Tôm hùm nướng 37g;Poca;5.000,00;3.800,00;-174;0;--;0;0;bịch;;1;;;0;1;1;
PVN3148;8936079122249;Bánh Poca bò lúc lắc bịch 75g;Poca;10.000,00;7.300,00;-49;0;--;0;0;bịch;;1;;;0;1;1;
PVN3149;8936079122294;Bánh Poca tôm hùm nướng bịch 75g;Poca;10.000,00;7.300,00;-32;0;--;0;0;bịch;;1;;;0;1;1;
PVN3380;8936079122256;Bánh Poca Mực lăn muối ớt 75g;Poca;10.000,00;7.300,00;-53;0;--;0;0;bịch;;1;;;0;1;1;
PVN5915;8936079123307;Poca que giòn vị sườn nướng BBQ bịch 65g;Poca;10.000,00;8.900,00;42;0;--;0;0;bịch;;1;;;0;1;1;
PVN6204;8936079123208;Bánh Poca vị gà quay da giòn bịch 75g;Poca;10.000,00;7.300,00;-38;0;--;0;0;bịch;;1;;;0;1;1;
PVN6205;8936079122263;Bánh phồng mực Poca bịch 75g;Poca;10.000,00;7.300,00;-121;0;--;0;0;bịch;;1;;;0;1;1;
PVN6585;8936079123352;Poca bắp ngọt xóc bơ bịch 65g;Poca;10.000,00;7.300,00;-6;0;--;0;0;bịch;;1;;;0;1;1;
PVN7823;8936079123888;Poca vị sữa chua dâu bịch 30g;Poca;5.000,00;4.200,00;97;0;--;0;0;bịch;;1;;;0;1;1;
PVN8136;8936079124915;Poca snack hình cua bịch 30g;Poca;5.000,00;4.000,00;59;0;--;0;0;bịch;;1;;;0;1;1;
PVN8137;8936079124939;Poca bánh phồng vị tảo biển bịch 30g;Poca;5.000,00;4.000,00;70;0;--;0;0;bịch;;1;;;0;1;1;
PVN8668;8936079124892;Poca Snack hình cua bịch 30g;Poca;5.000,00;4.000,00;-47;0;--;0;0;bịch;;1;;;0;1;1;
PVN395;4902430511933;Dầu gọi Rejoice siêu mềm mượt dây;Downy;10.000,00;7.661,00;-30;;;10;;dây;PVN395;1;;PVN395;;1;1;
PVN393;4902430501453;Head & Shoulders hương táo thơm mát (12 gói);Downy;14.000,00;12.672,00;0;;;;;dây;PVN393;1;;PVN393;;1;1;
PVN390;4902430752428;Head&Shoulder hương chanh tươi mát;Downy;14.000,00;12.500,00;8;;;;;dây;PVN390;1;;PVN390;;1;1;
PVN389;4902430418218;NXV Downy đóa hoa ngọt ngào dây;Downy;17.000,00;15.079,00;0;;;;;dây;PVN389;1;;PVN389;;1;1;
PVN388;4902430867856;Downy Expert dành cho phơi trong nhà 20ml;Downy;17.000,00;15.573,00;-2;;;;;dây;PVN388;1;;PVN388;;1;1;
PVN387;4902430504577;NXV Downy huyền bí dây;Downy;17.000,00;15.042,00;17;;;;;dây;PVN387;1;;PVN387;;1;1;
PVN386;4902430276320;Nước xả vải Downy đam mê dây;Downy;17.000,00;15.042,00;17;;;;;dây;PVN386;1;;PVN386;;1;1;
PVN385;4902430706735;NXV Downy hương nắng mai dây;Downy;17.000,00;15.042,00;7,6;;;;;dây;PVN385;1;;PVN385;;1;1;
PVN384;4902430415446;NXV Downy đóa hoa thơm mát dây;Downy;17.000,00;15.042,00;0;;;;;dây;PVN384;1;;PVN384;;1;1;
PVN9028;8936082650319;Tăm bông hũ trẻ em WIKODO 19c;Tăm bông;20.000,00;13.715,00;24;;;;;hũ;PVN9028;1;;PVN9028;;1;1;
PVN8898;8938517772535;Tăm bông aqua Star gỗ 100c;Tăm bông;8.000,00;5.778,00;24;;;;;BỊCH;PVN8898;1;;PVN8898;;1;1;
4,99E+12;4987176265982;Sáp thơm hương hoa hạnh phúc 180g;Downy;55.000,00;48.798,00;2;;;;;;4,99E+12;1;;4,99E+12;;1;1;
4,99E+12;4987176266033;Sáp thơm Ambipur hương hoa mộng mơ 180g;Downy;55.000,00;48.798,00;7;;;;;;4,99E+12;1;;4,99E+12;;1;1;
PVN8802;8936082651330;Tăm bông hũ Wikodo 100% tự nhiên 200c;Tăm bông;25.000,00;14.600,00;24;;;;;hũ;PVN8802;1;;PVN8802;;1;1;
PVN8602;8936082650371;Tăm bông bịch nhựa WIKIDO 200c;Tăm bông;16.000,00;11.112,00;0;;;;;bịch;PVN8602;1;;PVN8602;;1;1;
8,94E+12;8938504294262;Tăm bông thân trúc HANA 200c;Tăm bông;25.000,00;13.195,00;11;;;;;bịch;8,94E+12;1;;8,94E+12;;1;1;
4,99E+12;4987176298515;NXV Downy đam mệ 1.6l;Downy;95.000,00;90.472,00;0;;;;;túi;4,99E+12;1;;4,99E+12;;1;1;
4,99E+12;4987176298577;MXV DOWNY hương làn gió mát 1.6l;Downy;95.000,00;88.873,00;-1;;;;;túi;4,99E+12;1;;4,99E+12;;1;1;
4,99E+12;4987176298546;NXV Downy đam mê 2.5l;Downy;145.000,00;140.204,00;0;;;;;túi;4,99E+12;1;;4,99E+12;;1;1;
PVN8590;8996001305652;Bánh tây lạt Malkist 156g;;25.000,00;19.000,00;12;;;;;hộp;PVN8590;1;;PVN8590;;1;1;
PVN8588;8996001305645;Bánh tây lạt đường Malkist 168g;;25.000,00;19.000,00;1;;;;;hộp;PVN8588;1;;PVN8588;;1;1;
PVN8338;8938504294521;Tăm bông Hana thân nhựa 200c;Tăm bông;15.000,00;12.285,00;5;;;;;bịch;PVN8338;1;;PVN8338;;1;1;
PVN7277;8935297103634;Snack rong biển Bibigo vị phô mai bịch 25g;;18.000,00;13.200,00;92;;;;;bịch;PVN7277;1;;PVN7277;;1;1;
8,94E+12;8938504294538;Tăm bông cao cấp HaNa hũ 200c;Tăm bông;25.000,00;18.167,00;0;;;;;bịch;8,94E+12;1;;8,94E+12;;1;1;
8,94E+12;8938504294125;Tăm bông HaNa cho bé 100% bông tự nhiên;Tăm bông;7.000,00;6.125,00;3;;;;;bịch;8,94E+12;1;;8,94E+12;;1;1;
PVN6823;8938504294583;Tăm bông tre em Hana hũ 200 que;Tăm bông;22.000,00;18.200,00;0;;;;;hũ;PVN6823;1;;PVN6823;;1;1;
PVN6821;8809298833732;Tăm chỉ nha khoa Bis-up (túi zipper 30 chiếc);Tăm bông;20.000,00;14.667,00;5;;;;;túi;PVN6821;1;;PVN6821;;1;1;
PVN6820;9556123256707;Phấn Rôm sảy Pureen 50g;;38.000,00;23.132,00;6;;;;;chai;PVN6820;1;;PVN6820;;1;1;
PVN4968;8936082650388;Tăm bông bé Wikodo 100c;Tăm bông;8.000,00;4.900,00;25;;;;;bịch;PVN4968;1;;PVN4968;;1;1;
PVN4967;8936082651286;Tăm bông gỗ Wikodo 100c;Tăm bông;10.000,00;5.778,00;-3;;;;;bịch;PVN4967;1;;PVN4967;;1;1;
PVN9509;8809055952133;Tăm chỏ nha khoa hũ tròn 70pcs;Tăm bông;30.000,00;23.625,00;-4;;;;;hũ;PVN9509;1;;PVN9509;;1;1;
PVN7822;4987176208552;Pantene CSHT dây (tím);Downy;14.000,00;11.959,00;1;;;0;;dây;PVN7822;1;;PVN7822;;1;1;
PVN7821;4902430721127;Chỉ nha khoa Oral-B ( cặp);Downy;95.000,00;85.075,00;3;;;0;;vĩ;PVN7821;1;;PVN7821;;1;1;
PVN6049;8809055952157;Tăm chỉ nha khoa Bis Up hộp 50 cây;Tăm bông;30.000,00;23.625,00;10;;;;;hộp;PVN6049;1;;PVN6049;;1;1;
PVN6048;8938504294255;Tăm bông Hana thân trúc bịch 100 que;Tăm bông;8.000,00;6.825,00;27;;;;;bịch;PVN6048;1;;PVN6048;;1;1;
PVN6047;8938504294514;Tăm bông Hana thân nhựa bịch 100 que;Tăm bông;8.000,00;6.125,00;48;;;;;bịch;PVN6047;1;;PVN6047;;1;1;
PVN1698;8936082651590;Tăm chỉ nha khoa Oraltana 50pcs;Tăm bông;22.000,00;17.143,00;-56;;;;;hộp;PVN1698;1;;PVN1698;;1;1;
9,30E+12;9300647000342;Chỉ nha khoa Oral-B;Downy;55.000,00;47.847,00;8;;;;;hộp;9,30E+12;1;;9,30E+12;;1;1;
3014260301705;3014260301705;Lưỡi dao cạo Gillette vector 4;Downy;50.000,00;48.186,00;0;;;;;cái;3,01E+12;1;;3,01E+12;;1;1;
PVN813;8888826016175;Dao cạo Gillette Vector;Downy;29.000,00;26.210,00;-13;;;;;cái;PVN813;1;;PVN813;;1;1;
PVN814;8888826016182;Lưỡi dao cạo Gillette Vector;Downy;30.000,00;25.492,00;14;;;;;cái;PVN814;1;;PVN814;;1;1;
PVN807;4902430305815;Lưỡi dao cạo Gillette Guard 3;Downy;35.000,00;34.000,00;74;;;;;cái;PVN807;1;;PVN807;;1;1;
4987176095749;4987176095749;Bộ dao cạo cán xanh blue 2 (km 5+2);Downy;48.000,00;38.855,00;-5;;;;;bộ;4,99E+12;1;;4,99E+12;;1;1;
7702018017386;7702018017386;Bộ 5 cây cạo gillette cán vàng (km+1);Downy;36.000,00;30.871,00;-6;;;;;bộ;7,70E+12;1;;7,70E+12;;1;1;
GX;4,99E+12;Dao cạo Gilette Blue Plus II Xanh;Downy;9.000,00;8.036,00;17;;;;;cây;GX;1;;GX;;1;1;
GV;4,99E+12;Dao cạo Gilette Super Thin II vàng;Downy;7.000,00;6.741,00;-214;;;;;cây;GV;1;;GV;;1;1;
4987176095763;4987176095763;Bộ dao cạo Blue3 Flexi (4+2);Downy;60.000,00;56.983,00;-11;;;;;bộ;4,99E+12;1;;4,99E+12;;1;1;
8,93E+12;8934669241370;NG Lix tím sạch thơm hương ngàn hoa túi 3.2kg;Lix;104.000,00;96.000,00;1;;;1;;túi;8,93E+12;1;;8,93E+12;;1;1;
8,93E+12;8934669244012;NG Lix đỏ đậm đặc siêu sạch túi 3.2kg;Lix;89.000,00;82.500,00;2;;;1;;túi;8,93E+12;1;;8,93E+12;;1;1;
8,93E+12;8934669260302;NG Lix siêu sạch hương hoa anh đào túi 2.4kg;Lix;68.000,00;59.000,00;3;;;;;túi;8,93E+12;1;;8,93E+12;;1;1;
PVN8182;8934669241332;NG Lix tím hương ngàn hoa can 3.3kg;Lix;116.000,00;107.000,00;2;;;2;;can;PVN8182;1;;PVN8182;;1;1;
PVN8180;8934669226421;BG Lix Extra hương hoa bịch 2.4kg;Lix;70.000,00;63.000,00;3;;;2;;bịch;PVN8180;1;;PVN8180;;1;1;
PVN8178;8934669240434;NG Lix đỏ đậm đặc túi 3.5kg;Lix;90.000,00;85.000,00;-1;;;;;túi;PVN8178;1;;PVN8178;;1;1;
PVN8174;8934669240489;BG Lix Extra hương hoa bịch 2kg;Lix;52.000,00;47.000,00;1;;;1;;bịch;PVN8174;1;;PVN8174;;1;1;
PVN8172;8934669241363;NG Lix tím hương ngàn hoa túi 2.6kg;Lix;80.000,00;73.500,00;0;;;;;túi;PVN8172;1;;PVN8172;;1;1;
PVN8170;8934669240502;BG Lix Extra hương hoa bịch 550g;Lix;16.000,00;13.850,00;14;;;6;;bịch;PVN8170;1;;PVN8170;;1;1;
PVN8168;8934669240496;BG Lix Extra hương hoa bịch 250g;Lix;8.000,00;6.232,00;38;;;10;;bịch;PVN8168;1;;PVN8168;;1;1;
PVN8166;8934669241554;BG Lix Extra hương hoa bịch 5.5kg;Lix;142.000,00;137.000,00;2;;;2;;bịch;PVN8166;1;;PVN8166;;1;1;
PVN8164;8934669241240;NG Lix đỏ đậm đặc khử mùi ẩm mốc can 3.3kg;Lix;104.000,00;98.667,00;2;;;;;can;PVN8164;1;;PVN8164;;1;1;
PVN8162;8934669241295;NG Lix Matic xanh dương hương nước hoa can 3.6kg;Lix;110.000,00;104.000,00;4;;;2;;can;PVN8162;1;;PVN8162;;1;1;
PVN8160;8934669493243;NRC Lix hương chanh can 1.4kg;Lix;30.000,00;27.000,00;0;;;;;can;PVN8160;1;;PVN8160;;1;1;
PVN8158;8934669491263;NRC Lix hương chanh can 3.6kg;Lix;64.000,00;62.308,00;0;;;;;can;PVN8158;1;;PVN8158;;1;1;
8,94E+12;8936097336291;Nước giặt xả Swat xanh phơi trong nhà túi 2.2kg;Lix;98.000,00;85.834,00;-1;;;;;túi;8,94E+12;1;;8,94E+12;;1;1;
PVN4999;8936097336161;Nước giặt xả Swat tím túi 2.2kg;Lix;98.000,00;85.834,00;7;;;2;;túi;PVN4999;1;;PVN4999;;1;1;
PVN4998;8936097336154;Nước giặt xả Swat đen túi 2.2kg;Lix;98.000,00;85.834,00;3;;;2;;túi;PVN4998;1;;PVN4998;;1;1;
8,94E+12;8936097336284;Nước giặt xả Swat đỏ hương nước hoa túi 2.2kg;Lix;90.000,00;88.959,00;0;;;;;túi;8,94E+12;1;;8,94E+12;;1;1;
PVN8705;8936097336444;Nước giặt xả Swat trắng chuyên gia cửa trước túi 2.2kg;Lix;90.000,00;85.000,00;-2;;;;;túi;PVN8705;1;;PVN8705;;1;1;
PVN8463;8936097136204;Nước giặt xả Swat vàng 5in1 túi 2.2kg;Lix;98.000,00;90.000,00;12;;;;;túi;PVN8463;1;;PVN8463;;1;1;
PVN4803;8936097336000;Nước giặt xả Swat đen can 3.8kg;Lix;142.000,00;129.330,00;7;;;;;can;PVN4803;1;;PVN4803;;1;1;
PVN4802;8936097336017;Nước giặt xả Swat tím can 3.8kg;Lix;142.000,00;129.330,00;12;;;;;can;PVN4802;1;;PVN4802;;1;1;
4987176266477;4987176266477;DX Downy tinh khôi dây;Downy;17.000,00;14.763,00;7;;;;;dây;4,99E+12;1;;4,99E+12;;1;1;
PVN8337;8935299404319;Gel lột mụn LUCKY STAR nha đam;Vinh;20.000,00;12.334,00;3;;;;;chai;PVN8337;1;;PVN8337;;1;1;
PVN8336;8938506932292;Gel lột mụn LUCKY STAR than hoạt tính;Vinh;18.000,00;13.000,00;12;;;;;chai;PVN8336;1;;PVN8336;;1;1;
PVN2167;8936027441095;Nước tẩy quần áo màu AXO 400ML Tím;Vinh;26.000,00;22.175,00;4;;;;;chai;PVN2167;1;;PVN2167;;1;1;
PVN2166;8936027440043;Nước tẩy quần áo màu AXO hồng 400ml;Vinh;26.000,00;21.667,00;4;;;;;chai;PVN2166;1;;PVN2166;;1;1;
PVN2165;8936027440012;Nước tẩy quần áo màu AXO 400ML xanh dương;Vinh;26.000,00;22.500,00;4;;;;;chai;PVN2165;1;;PVN2165;;1;1;
PVN2164;8936027440920;Nước tẩy quần áo màu AXO 400PML;Vinh;26.000,00;22.500,00;2;;;;;chai;PVN2164;1;;PVN2164;;1;1;
PVN535;8,93E+12;Nước tẩy trắng Javel  500ml (trung);Vinh;12.000,00;9.000,00;8;;;;;chai;PVN535;1;;PVN535;;1;1;
PVN6605;8,94E+12;Nước tẩy Javel Mỹ Hảo chai 1kg;Vinh;20.000,00;16.500,00;20;;;;;chai;PVN6605;1;;PVN6605;;1;1;
PVN6260;8,94E+12;Javel chai 300ml;Vinh;9.000,00;7.000,00;20;;;;;chai;PVN6260;1;;PVN6260;;1;1;
PVN2922;8,94E+12;Xịt muỗi feng meng;Vinh;28.000,00;24.358,00;22;;;;;chai;PVN2922;1;;PVN2922;;1;1;
PVN2163;8850006930489;DG Palmolive tím suôn mượt và óng ả dây;Colgate;11.000,00;8.800.001,00;6;;;4;;dây;PVN2163;1;;PVN2163;;1;1;
PVN2162;8850006495728;Dầu gội Palmolive dưỡng ẩm bổ sung dây;Colgate;11.000,00;8.619.876,00;6;;;5;;dây;PVN2162;1;;PVN2162;;1;1;
PVN2161;4808888413709;DG Palmolive dưỡng ẩm bổ sung chai 180ml;Colgate;40.000,00;34.000,00;1;;;;;chai;PVN2161;1;;PVN2161;;1;1;
PVN2160;8850006930571;DG Palmolive suôn mượt và óng ả chai 180ml;Colgate;40.000,00;34.000,00;4;;;;;chai;PVN2160;1;;PVN2160;;1;1;
4,81E+12;4808888428017;DX Palmolive hồng Intensive Moisture chai 180g;Colgate;52.000,00;45.000,00;3;;;;;chai;4,81E+12;1;;4,81E+12;;1;1;
4,81E+12;4808888439013;DX Palmolive tím Silky Straight chai 180ml;Colgate;52.000,00;45.000,00;2;;;;;chai;4,81E+12;1;;4,81E+12;;1;1;
PVN9260;8850006958230;DG Palmolive naturals cool & fresh dây;Colgate;10.000,00;8.807,00;7;;;;;dây;PVN9260;1;;PVN9260;;1;1;
8,85E+12;8850006955826;DG Palmolive cool & fresh 600ml;Colgate;100.000,00;96.000,00;1;;;;;;8,85E+12;1;;8,85E+12;;1;1;
